preset,acoustic_bps,acoustic_loss,scheduler,seed,team_connected_s,team_merged,team_ate_m,uuv_frame_err_xy_m,acoustic_bytes,commit
fleet_default,64.0,0.5,fifo,50,540.0,True,0.11989540229614297,0.13892772162931982,2340,4285992
fleet_default,64.0,0.5,fifo,51,,False,0.0862459917167207,,2340,4285992
fleet_default,64.0,0.5,fifo,52,,False,0.07742630237863789,,2340,4285992
fleet_default,64.0,0.5,fifo,53,,False,0.1250364709807269,,2340,4285992
fleet_default,64.0,0.5,fifo,54,480.0,True,0.11428708684507978,0.13848342654195372,2340,4285992
fleet_default,64.0,0.5,fifo,55,560.0,True,0.17422980721033945,0.17659664583597448,2340,4285992
fleet_default,64.0,0.5,fifo,56,540.0,True,0.09686079413318624,0.040338646441995585,2340,4285992
fleet_default,64.0,0.5,fifo,57,,False,0.11914610985163139,,2340,4285992
fleet_default,64.0,0.5,fifo,58,300.0,True,0.09086135569592425,0.07765759658550452,2340,4285992
fleet_default,64.0,0.5,fifo,59,560.0,True,0.13666471523206472,0.209601586738064,2340,4285992
fleet_default,64.0,0.5,fifo,60,580.0,True,0.09869717479983689,0.061967677167183204,2340,4285992
fleet_default,64.0,0.5,fifo,61,,False,0.09502239249604201,,2340,4285992
fleet_default,64.0,0.5,fifo,62,500.0,True,0.0943464818869265,0.11853374978454692,2340,4285992
fleet_default,64.0,0.5,fifo,63,580.0,True,0.12094017036473519,0.08309135684917769,2340,4285992
fleet_default,64.0,0.5,fifo,64,560.0,True,0.09252018410875523,0.05980577382846855,2340,4285992
fleet_default,64.0,0.5,fifo,65,,False,0.0989466075078496,,2340,4285992
fleet_default,64.0,0.5,fifo,66,460.0,True,0.10035560531458938,0.20454750898585453,2340,4285992
fleet_default,64.0,0.5,fifo,67,,False,0.08281530918989208,,2340,4285992
fleet_default,64.0,0.5,fifo,68,540.0,True,0.09556812925737418,0.09912684992444915,2340,4285992
fleet_default,64.0,0.5,fifo,69,,False,0.14966155796337496,,2340,4285992
fleet_default,64.0,0.5,fifo,70,,False,0.12162333615045529,,2340,4285992
fleet_default,64.0,0.5,fifo,71,560.0,True,0.11828035762925518,0.12387527769646822,2340,4285992
fleet_default,64.0,0.5,fifo,72,460.0,True,0.12564453681263923,0.07375291854515703,2340,4285992
fleet_default,64.0,0.5,fifo,73,500.0,True,0.07348896450989745,0.048378381193838374,2340,4285992
fleet_default,64.0,0.5,fifo,74,,False,0.10988798506943424,,2340,4285992
fleet_default,64.0,0.5,fifo,75,,False,0.07637561223727217,,2340,4285992
fleet_default,64.0,0.5,fifo,76,600.0,True,0.12956459046269542,0.11625340816765778,2340,4285992
fleet_default,64.0,0.5,fifo,77,560.0,True,0.08416625441824215,0.041359170679443856,2340,4285992
fleet_default,64.0,0.5,fifo,78,400.0,True,0.097900125526636,0.17727913427699604,2340,4285992
fleet_default,64.0,0.5,fifo,79,580.0,True,0.1348262498584373,0.09941353147921943,2340,4285992
fleet_default,64.0,0.5,fifo,80,400.0,True,0.13229131843858735,0.12219788851361904,2340,4285992
fleet_default,64.0,0.5,fifo,81,500.0,True,0.09663236038120346,0.057884845576262986,2340,4285992
fleet_default,64.0,0.5,fifo,82,,False,0.08433918565361068,,2340,4285992
fleet_default,64.0,0.5,fifo,83,,False,0.10857146303708104,,2340,4285992
fleet_default,64.0,0.5,fifo,84,360.0,True,0.08876563009723788,0.0716600398008061,2340,4285992
fleet_default,64.0,0.5,fifo,85,,False,0.10548174009809638,,2340,4285992
fleet_default,64.0,0.5,fifo,86,420.0,True,0.128607401008445,0.2581566239097564,2340,4285992
fleet_default,64.0,0.5,fifo,87,,False,0.13339543712469012,,2340,4285992
fleet_default,64.0,0.5,fifo,88,580.0,True,0.1321977937276483,0.07983981486968383,2340,4285992
fleet_default,64.0,0.5,fifo,89,580.0,True,0.10944907553466343,0.04953422788878925,2340,4285992
fleet_default,64.0,0.5,fifo,90,,False,0.09457092237173091,,2340,4285992
fleet_default,64.0,0.5,fifo,91,560.0,True,0.12199652796287638,0.10633962931041258,2340,4285992
fleet_default,64.0,0.5,fifo,92,520.0,True,0.11186513441088712,0.16950329632734884,2340,4285992
fleet_default,64.0,0.5,fifo,93,560.0,True,0.13844434493152113,0.15598560779017454,2340,4285992
fleet_default,64.0,0.5,fifo,94,,False,0.08386637470444418,,2340,4285992
fleet_default,64.0,0.5,fifo,95,500.0,True,0.13638116096997507,0.15199744157958542,2340,4285992
fleet_default,64.0,0.5,fifo,96,,False,0.08225713074700632,,2340,4285992
fleet_default,64.0,0.5,fifo,97,,False,0.08751880404055191,,2340,4285992
fleet_default,64.0,0.5,fifo,98,,False,0.12328909450078306,,2340,4285992
fleet_default,64.0,0.5,fifo,99,,False,0.09856531890831026,,2340,4285992
fleet_default,64.0,0.5,fifo,100,,False,0.08330476596634677,,2340,4285992
fleet_default,64.0,0.5,fifo,101,580.0,True,0.12251605715544996,0.17436641774705158,2340,4285992
fleet_default,64.0,0.5,fifo,102,,False,0.08105790903331013,,2340,4285992
fleet_default,64.0,0.5,fifo,103,580.0,True,0.09758661586250893,0.07088807296252593,2340,4285992
fleet_default,64.0,0.5,fifo,104,,False,0.13403565513461796,,2340,4285992
fleet_default,64.0,0.5,fifo,105,400.0,True,0.12112623144500383,0.05096932065518063,2340,4285992
fleet_default,64.0,0.5,fifo,106,,False,0.08456533243065469,,2340,4285992
fleet_default,64.0,0.5,fifo,107,,False,0.09513825869923484,,2340,4285992
fleet_default,64.0,0.5,fifo,108,,False,0.12231527883408944,,2340,4285992
fleet_default,64.0,0.5,fifo,109,,False,0.0940376490405491,,2340,4285992
fleet_default,64.0,0.5,fifo,110,560.0,True,0.12842828567290293,0.09515859625287915,2340,4285992
fleet_default,64.0,0.5,fifo,111,540.0,True,0.10607968255949518,0.04237969725912265,2340,4285992
fleet_default,64.0,0.5,fifo,112,,False,0.09210991847219653,,2340,4285992
fleet_default,64.0,0.5,fifo,113,,False,0.09631290781788315,,2340,4285992
fleet_default,64.0,0.5,fifo,114,,False,0.09261861386793087,,2340,4285992
fleet_default,64.0,0.5,fifo,115,520.0,True,0.16586120583860764,0.20200790175694983,2340,4285992
fleet_default,64.0,0.5,fifo,116,400.0,True,0.11023506155642415,0.1206532758406455,2340,4285992
fleet_default,64.0,0.5,fifo,117,580.0,True,0.08232603861237,0.10643959529591607,2340,4285992
fleet_default,64.0,0.5,fifo,118,,False,0.11565540782913498,,2340,4285992
fleet_default,64.0,0.5,fifo,119,580.0,True,0.09511816001260319,0.11709058791404867,2340,4285992
fleet_default,64.0,0.5,fifo,120,,False,0.09853349683737905,,2340,4285992
fleet_default,64.0,0.5,fifo,121,340.0,True,0.10355366479102067,0.06649662618742325,2340,4285992
fleet_default,64.0,0.5,fifo,122,560.0,True,0.10166096756589127,0.055670947828063706,2340,4285992
fleet_default,64.0,0.5,fifo,123,540.0,True,0.09654073062359599,0.21482252731844453,2340,4285992
fleet_default,64.0,0.5,fifo,124,520.0,True,0.09865790229165197,0.05759832421945113,2340,4285992
fleet_default,64.0,0.5,fifo,125,580.0,True,0.10388909042965462,0.11444416826688367,2340,4285992
fleet_default,64.0,0.5,fifo,126,,False,0.0943885190066987,,2340,4285992
fleet_default,64.0,0.5,fifo,127,600.0,True,0.15341736872111839,0.12191088960177757,2340,4285992
fleet_default,64.0,0.5,fifo,128,560.0,True,0.14183642795023751,0.09741043795809584,2340,4285992
fleet_default,64.0,0.5,fifo,129,,False,0.1033537116327739,,2340,4285992
fleet_default,64.0,0.5,fifo,130,,False,0.1162402531481099,,2340,4285992
fleet_default,64.0,0.5,fifo,131,,False,0.13240476633263396,,2340,4285992
fleet_default,64.0,0.5,fifo,132,600.0,True,0.1017895949847825,0.10554002627242368,2340,4285992
fleet_default,64.0,0.5,fifo,133,,False,0.10468947867895022,,2340,4285992
fleet_default,64.0,0.5,fifo,134,,False,0.10949469054650715,,2340,4285992
fleet_default,64.0,0.5,fifo,135,520.0,True,0.08878428999760038,0.05513681399403613,2340,4285992
fleet_default,64.0,0.5,fifo,136,580.0,True,0.12858314259822157,0.16877376613733175,2340,4285992
fleet_default,64.0,0.5,fifo,137,560.0,True,0.10588479794917788,0.14526670335578704,2340,4285992
fleet_default,64.0,0.5,fifo,138,540.0,True,0.114504639471026,0.0814555395064973,2340,4285992
fleet_default,64.0,0.5,fifo,139,420.0,True,0.10148758595745799,0.13193875254811818,2340,4285992
fleet_default,64.0,0.5,fifo,140,560.0,True,0.14586561219599392,0.17888497044736323,2340,4285992
fleet_default,64.0,0.5,fifo,141,,False,0.1526292362666001,,2340,4285992
fleet_default,64.0,0.5,fifo,142,600.0,True,0.10348969060896675,0.06444324012510201,2340,4285992
fleet_default,64.0,0.5,fifo,143,560.0,True,0.0952640951189127,0.10470481701061844,2340,4285992
fleet_default,64.0,0.5,fifo,144,,False,0.0969523147974229,,2340,4285992
fleet_default,64.0,0.5,fifo,145,,False,0.11532339267454553,,2340,4285992
fleet_default,64.0,0.5,fifo,146,560.0,True,0.17102644224953817,0.13988435086337386,2340,4285992
fleet_default,64.0,0.5,fifo,147,540.0,True,0.10212325607464724,0.13039356011751946,2340,4285992
fleet_default,64.0,0.5,fifo,148,,False,0.1438502280627607,,2340,4285992
fleet_default,64.0,0.5,fifo,149,580.0,True,0.14336605576660658,0.11498290226465221,2340,4285992
fleet_default,64.0,0.5,fifo,150,400.0,True,0.1182109964207037,0.30406545229857995,2340,4285992
fleet_default,64.0,0.5,fifo,151,,False,0.13116230393409123,,2340,4285992
fleet_default,64.0,0.5,fifo,152,520.0,True,0.14977170957437236,0.1342350497510756,2340,4285992
fleet_default,64.0,0.5,fifo,153,360.0,True,0.0931118126520076,0.08338270945804266,2340,4285992
fleet_default,64.0,0.5,fifo,154,460.0,True,0.10520059345713684,0.047076163537962,2340,4285992
fleet_default,64.0,0.5,fifo,155,,False,0.09607332765468497,,2340,4285992
fleet_default,64.0,0.5,fifo,156,,False,0.10843848939515129,,2340,4285992
fleet_default,64.0,0.5,fifo,157,540.0,True,0.08695247757646976,0.14937084924453847,2340,4285992
fleet_default,64.0,0.5,fifo,158,,False,0.084569335064522,,2340,4285992
fleet_default,64.0,0.5,fifo,159,460.0,True,0.11047870342959847,0.18117066937246967,2340,4285992
fleet_default,64.0,0.5,fifo,160,480.0,True,0.10418231548167184,0.09242127671505804,2340,4285992
fleet_default,64.0,0.5,fifo,161,560.0,True,0.1307945329346428,0.20420292028241768,2340,4285992
fleet_default,64.0,0.5,fifo,162,,False,0.11108489355988133,,2340,4285992
fleet_default,64.0,0.5,fifo,163,580.0,True,0.0934090022695976,0.1820826497839443,2340,4285992
fleet_default,64.0,0.5,fifo,164,500.0,True,0.09975292148239537,0.0975893705427616,2340,4285992
fleet_default,64.0,0.5,fifo,165,580.0,True,0.08135772995871003,0.10058834751673511,2340,4285992
fleet_default,64.0,0.5,fifo,166,340.0,True,0.09939091375670207,0.10921255647775233,2340,4285992
fleet_default,64.0,0.5,fifo,167,,False,0.09756077019175453,,2340,4285992
fleet_default,64.0,0.5,fifo,168,,False,0.11677388974323949,,2340,4285992
fleet_default,64.0,0.5,fifo,169,,False,0.09639417951016373,,2340,4285992
fleet_default,64.0,0.5,fifo,170,,False,0.10626287500853743,,2340,4285992
fleet_default,64.0,0.5,fifo,171,540.0,True,0.09596611516774682,0.06146038548911717,2340,4285992
fleet_default,64.0,0.5,fifo,172,580.0,True,0.10021495188261105,0.1834018455418387,2340,4285992
fleet_default,64.0,0.5,fifo,173,580.0,True,0.0930621876280371,0.05277964155184061,2340,4285992
fleet_default,64.0,0.5,fifo,174,,False,0.09567837305697126,,2340,4285992
fleet_default,64.0,0.5,fifo,175,400.0,True,0.10645702780842997,0.1070760005106251,2340,4285992
fleet_default,64.0,0.5,fifo,176,560.0,True,0.09067550773668677,0.05798474168834966,2340,4285992
fleet_default,64.0,0.5,fifo,177,560.0,True,0.13423451985854104,0.1286482693797237,2340,4285992
fleet_default,64.0,0.5,fifo,178,500.0,True,0.12255465046042703,0.053630691378014066,2340,4285992
fleet_default,64.0,0.5,fifo,179,,False,0.08381588758384813,,2340,4285992
fleet_default,64.0,0.5,fifo,180,300.0,True,0.08605039012043099,0.09578636537576517,2340,4285992
fleet_default,64.0,0.5,fifo,181,,False,0.09017474431508504,,2340,4285992
fleet_default,64.0,0.5,fifo,182,580.0,True,0.1004285519788584,0.1175303940374694,2340,4285992
fleet_default,64.0,0.5,fifo,183,460.0,True,0.12022533286168642,0.11062419741084521,2340,4285992
fleet_default,64.0,0.5,fifo,184,,False,0.0921868445943728,,2340,4285992
fleet_default,64.0,0.5,fifo,185,520.0,True,0.09680346193197893,0.02561562369072332,2340,4285992
fleet_default,64.0,0.5,fifo,186,580.0,True,0.08404086994445854,0.12473863711533881,2340,4285992
fleet_default,64.0,0.5,fifo,187,,False,0.09269738197755847,,2340,4285992
fleet_default,64.0,0.5,fifo,188,500.0,True,0.09532021024670315,0.10588111760636608,2340,4285992
fleet_default,64.0,0.5,fifo,189,560.0,True,0.19018547861882334,0.08924709965518522,2340,4285992
fleet_default,64.0,0.5,fifo,190,,False,0.12665864123655401,,2340,4285992
fleet_default,64.0,0.5,fifo,191,560.0,True,0.10950570318763735,0.09828200413023556,2340,4285992
fleet_default,64.0,0.5,fifo,192,500.0,True,0.11862983202672595,0.08934008419111643,2340,4285992
fleet_default,64.0,0.5,fifo,193,460.0,True,0.0917088050600236,0.10596942566923961,2340,4285992
fleet_default,64.0,0.5,fifo,194,460.0,True,0.12255162216601859,0.08237416783644641,2340,4285992
fleet_default,64.0,0.5,fifo,195,,False,0.12977921197160433,,2340,4285992
fleet_default,64.0,0.5,fifo,196,580.0,True,0.10675652832776056,0.03926407171177649,2340,4285992
fleet_default,64.0,0.5,fifo,197,,False,0.09465344299461444,,2340,4285992
fleet_default,64.0,0.5,fifo,198,580.0,True,0.08476282936244829,0.1668623249084948,2340,4285992
fleet_default,64.0,0.5,fifo,199,600.0,True,0.12073322093595362,0.15486753197356157,2340,4285992
fleet_default,64.0,0.5,fifo,200,,False,0.08789291729180822,,2340,4285992
fleet_default,64.0,0.5,fifo,201,520.0,True,0.12228949925025202,0.0581118459097823,2340,4285992
fleet_default,64.0,0.5,fifo,202,500.0,True,0.08900768694268656,0.18189742461976896,2340,4285992
fleet_default,64.0,0.5,fifo,203,520.0,True,0.09457107922988288,0.09707458127924573,2340,4285992
fleet_default,64.0,0.5,fifo,204,580.0,True,0.08247593506791301,0.033343882888150246,2340,4285992
fleet_default,64.0,0.5,fifo,205,540.0,True,0.09890753794011864,0.06645188647731111,2340,4285992
fleet_default,64.0,0.5,fifo,206,580.0,True,0.08991778342357234,0.0936943591939477,2340,4285992
fleet_default,64.0,0.5,fifo,207,,False,0.0854063532070532,,2340,4285992
fleet_default,64.0,0.5,fifo,208,,False,0.12776921391239393,,2340,4285992
fleet_default,64.0,0.5,fifo,209,500.0,True,0.09838403957666442,0.04522672729844783,2340,4285992
fleet_default,64.0,0.5,fifo,210,520.0,True,0.16956096275933283,0.2000057856016445,2340,4285992
fleet_default,64.0,0.5,fifo,211,400.0,True,0.09718429396240666,0.07456950713488297,2340,4285992
fleet_default,64.0,0.5,fifo,212,500.0,True,0.10445390648074912,0.12471784338969455,2340,4285992
fleet_default,64.0,0.5,fifo,213,520.0,True,0.1427212922393092,0.1737510763844153,2340,4285992
fleet_default,64.0,0.5,fifo,214,580.0,True,0.11560819617065161,0.11757437993129141,2340,4285992
fleet_default,64.0,0.5,fifo,215,,False,0.08562916439525564,,2340,4285992
fleet_default,64.0,0.5,fifo,216,560.0,True,0.12964562708294633,0.12898041188040746,2340,4285992
fleet_default,64.0,0.5,fifo,217,500.0,True,0.12112283975166513,0.09116256950071197,2340,4285992
fleet_default,64.0,0.5,fifo,218,,False,0.12076621549859533,,2340,4285992
fleet_default,64.0,0.5,fifo,219,580.0,True,0.09093544948847694,0.08153036752590669,2340,4285992
fleet_default,64.0,0.5,fifo,220,560.0,True,0.10877463942956117,0.051236969910430676,2340,4285992
fleet_default,64.0,0.5,fifo,221,540.0,True,0.12887338019185743,0.1998056813263558,2340,4285992
fleet_default,64.0,0.5,fifo,222,520.0,True,0.11129720674041327,0.25214997792818633,2340,4285992
fleet_default,64.0,0.5,fifo,223,520.0,True,0.1065812235332061,0.1253629150734341,2340,4285992
fleet_default,64.0,0.5,fifo,224,500.0,True,0.09850881238144457,0.10073310974825767,2340,4285992
fleet_default,64.0,0.5,fifo,225,500.0,True,0.08905951621113331,0.05489031322853395,2340,4285992
fleet_default,64.0,0.5,fifo,226,,False,0.09830184956860742,,2340,4285992
fleet_default,64.0,0.5,fifo,227,600.0,True,0.1334982365931362,0.0748035204676731,2340,4285992
fleet_default,64.0,0.5,fifo,228,560.0,True,0.10507826935784943,0.1451170864174612,2340,4285992
fleet_default,64.0,0.5,fifo,229,480.0,True,0.08053918459117641,0.08015302502222289,2340,4285992
fleet_default,64.0,0.5,fifo,230,460.0,True,0.08954440985801215,0.07195223669947824,2340,4285992
fleet_default,64.0,0.5,fifo,231,520.0,True,0.08871809094451935,0.1322353035976772,2340,4285992
fleet_default,64.0,0.5,fifo,232,600.0,True,0.09350574854023287,0.04170356808513584,2340,4285992
fleet_default,64.0,0.5,fifo,233,540.0,True,0.10638056081277962,0.06455490573212441,2340,4285992
fleet_default,64.0,0.5,fifo,234,560.0,True,0.10365165864619079,0.05707151880354011,2340,4285992
fleet_default,64.0,0.5,fifo,235,540.0,True,0.10227497908407165,0.10480278779946567,2340,4285992
fleet_default,64.0,0.5,fifo,236,540.0,True,0.11560265650104368,0.057262054267766795,2340,4285992
fleet_default,64.0,0.5,fifo,237,540.0,True,0.12042790789602732,0.14039499776210201,2340,4285992
fleet_default,64.0,0.5,fifo,238,,False,0.10658672274890049,,2340,4285992
fleet_default,64.0,0.5,fifo,239,600.0,True,0.1207101307357437,0.08620303207318226,2340,4285992
fleet_default,64.0,0.5,fifo,240,,False,0.09280567541777911,,2340,4285992
fleet_default,64.0,0.5,fifo,241,600.0,True,0.12231552157030666,0.08918504988663914,2340,4285992
fleet_default,64.0,0.5,fifo,242,560.0,True,0.0889269037056957,0.05104931028170214,2340,4285992
fleet_default,64.0,0.5,fifo,243,,False,0.08260388915801475,,2340,4285992
fleet_default,64.0,0.5,fifo,244,,False,0.19470535689120824,,2340,4285992
fleet_default,64.0,0.5,fifo,245,480.0,True,0.13964622561813078,0.17959185573718417,2340,4285992
fleet_default,64.0,0.5,fifo,246,,False,0.1151694788235225,,2340,4285992
fleet_default,64.0,0.5,fifo,247,,False,0.12868931568392672,,2340,4285992
fleet_default,64.0,0.5,fifo,248,580.0,True,0.13552721507483345,0.18289150509483454,2340,4285992
fleet_default,64.0,0.5,fifo,249,580.0,True,0.10504549433134426,0.1186113449736193,2340,4285992
fleet_default,64.0,0.5,quality,50,360.0,True,0.11219526661638621,0.10297529012987103,2340,4285992
fleet_default,64.0,0.5,quality,51,400.0,True,0.08785930170986041,0.1106347674123061,2340,4285992
fleet_default,64.0,0.5,quality,52,400.0,True,0.09857909497388545,0.049679317436130854,2340,4285992
fleet_default,64.0,0.5,quality,53,,False,0.13243889936333078,,2340,4285992
fleet_default,64.0,0.5,quality,54,520.0,True,0.14063599438503077,0.10206825285539935,2340,4285992
fleet_default,64.0,0.5,quality,55,460.0,True,0.15634939228051403,0.17445889439625561,2340,4285992
fleet_default,64.0,0.5,quality,56,380.0,True,0.0983931356066122,0.06881927611594041,2340,4285992
fleet_default,64.0,0.5,quality,57,460.0,True,0.12077593316499934,0.05476430599218335,2340,4285992
fleet_default,64.0,0.5,quality,58,300.0,True,0.10082836075055109,0.08879934215097117,2340,4285992
fleet_default,64.0,0.5,quality,59,560.0,True,0.14972086035540208,0.26736808481210567,2340,4285992
fleet_default,64.0,0.5,quality,60,580.0,True,0.13964982733439577,0.1534618644344297,2340,4285992
fleet_default,64.0,0.5,quality,61,,False,0.0954882895380291,,2340,4285992
fleet_default,64.0,0.5,quality,62,560.0,True,0.10045574164884985,0.10512374871752947,2340,4285992
fleet_default,64.0,0.5,quality,63,,False,0.1075249242126298,,2340,4285992
fleet_default,64.0,0.5,quality,64,,False,0.09286211051127705,,2340,4285992
fleet_default,64.0,0.5,quality,65,460.0,True,0.09427981520130838,0.19736082293801818,2340,4285992
fleet_default,64.0,0.5,quality,66,420.0,True,0.09723927042200027,0.15579772092106256,2340,4285992
fleet_default,64.0,0.5,quality,67,420.0,True,0.0975881143878481,0.19646800787345067,2340,4285992
fleet_default,64.0,0.5,quality,68,500.0,True,0.13606670579543903,0.09462342912375453,2340,4285992
fleet_default,64.0,0.5,quality,69,580.0,True,0.12039219560942489,0.1316350774508604,2340,4285992
fleet_default,64.0,0.5,quality,70,580.0,True,0.11074306184332931,0.09460679134186722,2340,4285992
fleet_default,64.0,0.5,quality,71,480.0,True,0.10324825581804431,0.10356777821033422,2340,4285992
fleet_default,64.0,0.5,quality,72,420.0,True,0.12334021542944594,0.10841294090663497,2340,4285992
fleet_default,64.0,0.5,quality,73,400.0,True,0.0811636060331014,0.050228565378001105,2340,4285992
fleet_default,64.0,0.5,quality,74,,False,0.10988798506943424,,2340,4285992
fleet_default,64.0,0.5,quality,75,300.0,True,0.07377196979066103,0.12160296483908573,2340,4285992
fleet_default,64.0,0.5,quality,76,520.0,True,0.11320884700726674,0.10186734125648333,2340,4285992
fleet_default,64.0,0.5,quality,77,,False,0.10433217292702955,,2340,4285992
fleet_default,64.0,0.5,quality,78,480.0,True,0.09063304276122362,0.13366526585800714,2340,4285992
fleet_default,64.0,0.5,quality,79,580.0,True,0.12629154167723824,0.07952888415754758,2340,4285992
fleet_default,64.0,0.5,quality,80,400.0,True,0.13335345033465787,0.16637381453725442,2340,4285992
fleet_default,64.0,0.5,quality,81,440.0,True,0.09383810214447992,0.10047964416028185,2340,4285992
fleet_default,64.0,0.5,quality,82,420.0,True,0.08818546796549773,0.03604306608814712,2340,4285992
fleet_default,64.0,0.5,quality,83,520.0,True,0.12639116628605138,0.143617256628196,2340,4285992
fleet_default,64.0,0.5,quality,84,340.0,True,0.09278403302089416,0.07761054165758408,2340,4285992
fleet_default,64.0,0.5,quality,85,440.0,True,0.12721716287281226,0.18221031716199565,2340,4285992
fleet_default,64.0,0.5,quality,86,400.0,True,0.12002925503717372,0.2488919072911445,2340,4285992
fleet_default,64.0,0.5,quality,87,,False,0.12382655168546268,,2340,4285992
fleet_default,64.0,0.5,quality,88,300.0,True,0.0948611210208632,0.05042565561002251,2340,4285992
fleet_default,64.0,0.5,quality,89,540.0,True,0.12396014831372315,0.08064629931684186,2340,4285992
fleet_default,64.0,0.5,quality,90,,False,0.08997164651645756,,2340,4285992
fleet_default,64.0,0.5,quality,91,460.0,True,0.09464458127360759,0.11828522341879222,2340,4285992
fleet_default,64.0,0.5,quality,92,400.0,True,0.10834602978058157,0.20516541758986623,2340,4285992
fleet_default,64.0,0.5,quality,93,420.0,True,0.1541481764266974,0.19020787770900177,2340,4285992
fleet_default,64.0,0.5,quality,94,560.0,True,0.08353197760072238,0.14452156376464156,2340,4285992
fleet_default,64.0,0.5,quality,95,420.0,True,0.16492003338548766,0.19958864546247715,2340,4285992
fleet_default,64.0,0.5,quality,96,400.0,True,0.08801784773123301,0.07555913666781884,2340,4285992
fleet_default,64.0,0.5,quality,97,520.0,True,0.11659728396443184,0.09162346822402169,2340,4285992
fleet_default,64.0,0.5,quality,98,520.0,True,0.1329482753148099,0.20448589004816092,2340,4285992
fleet_default,64.0,0.5,quality,99,520.0,True,0.1281999797321534,0.0500011926150758,2340,4285992
fleet_default,64.0,0.5,quality,100,,False,0.08091810022226367,,2340,4285992
fleet_default,64.0,0.5,quality,101,,False,0.1007485909303359,,2340,4285992
fleet_default,64.0,0.5,quality,102,460.0,True,0.18046678954709922,0.17506411869581048,2340,4285992
fleet_default,64.0,0.5,quality,103,,False,0.11138089804936849,,2340,4285992
fleet_default,64.0,0.5,quality,104,,False,0.09019459369364775,,2340,4285992
fleet_default,64.0,0.5,quality,105,400.0,True,0.10321198276878821,0.061191583007365005,2340,4285992
fleet_default,64.0,0.5,quality,106,580.0,True,0.08364312972728209,0.15639573126113532,2340,4285992
fleet_default,64.0,0.5,quality,107,,False,0.09596386434266038,,2340,4285992
fleet_default,64.0,0.5,quality,108,520.0,True,0.11132157191930052,0.10790254500943702,2340,4285992
fleet_default,64.0,0.5,quality,109,,False,0.0940376490405491,,2340,4285992
fleet_default,64.0,0.5,quality,110,580.0,True,0.10626197471959785,0.031018603608415116,2340,4285992
fleet_default,64.0,0.5,quality,111,460.0,True,0.09593117496230658,0.09557882446377536,2340,4285992
fleet_default,64.0,0.5,quality,112,440.0,True,0.09791111902630427,0.14199514979473857,2340,4285992
fleet_default,64.0,0.5,quality,113,460.0,True,0.09789488300956503,0.08505838999281706,2340,4285992
fleet_default,64.0,0.5,quality,114,480.0,True,0.09261760102536208,0.10280801175115353,2340,4285992
fleet_default,64.0,0.5,quality,115,520.0,True,0.15070637179809399,0.22424879934643463,2340,4285992
fleet_default,64.0,0.5,quality,116,,False,0.0913303150366931,,2340,4285992
fleet_default,64.0,0.5,quality,117,560.0,True,0.0999291003016163,0.1353980443518954,2340,4285992
fleet_default,64.0,0.5,quality,118,,False,0.12717161320268072,,2340,4285992
fleet_default,64.0,0.5,quality,119,500.0,True,0.0985949225216954,0.1777570102182383,2340,4285992
fleet_default,64.0,0.5,quality,120,,False,0.11206334306606734,,2340,4285992
fleet_default,64.0,0.5,quality,121,300.0,True,0.09443489017091862,0.016543580565712396,2340,4285992
fleet_default,64.0,0.5,quality,122,,False,0.10483095631650516,,2340,4285992
fleet_default,64.0,0.5,quality,123,540.0,True,0.08922429529965764,0.1961421598685668,2340,4285992
fleet_default,64.0,0.5,quality,124,460.0,True,0.10401628439577638,0.06873535261385488,2340,4285992
fleet_default,64.0,0.5,quality,125,460.0,True,0.1062364312976364,0.1181768442723949,2340,4285992
fleet_default,64.0,0.5,quality,126,520.0,True,0.09821820944864075,0.04498861105728295,2340,4285992
fleet_default,64.0,0.5,quality,127,580.0,True,0.2677543914113664,0.2756292931770836,2340,4285992
fleet_default,64.0,0.5,quality,128,520.0,True,0.1157426974785635,0.061108035500968536,2340,4285992
fleet_default,64.0,0.5,quality,129,460.0,True,0.10379509611058388,0.14405539669204842,2340,4285992
fleet_default,64.0,0.5,quality,130,420.0,True,0.08997440812208601,0.06323238302501086,2340,4285992
fleet_default,64.0,0.5,quality,131,580.0,True,0.10227938622809678,0.1265204082337546,2340,4285992
fleet_default,64.0,0.5,quality,132,580.0,True,0.09110041738994074,0.0986186660052035,2340,4285992
fleet_default,64.0,0.5,quality,133,580.0,True,0.1137202483298084,0.18550121734821717,2340,4285992
fleet_default,64.0,0.5,quality,134,480.0,True,0.12692242958104985,0.10066459169243983,2340,4285992
fleet_default,64.0,0.5,quality,135,460.0,True,0.09140966513420234,0.051212228821479765,2340,4285992
fleet_default,64.0,0.5,quality,136,460.0,True,0.09823712683525468,0.1303651413494182,2340,4285992
fleet_default,64.0,0.5,quality,137,520.0,True,0.09176269370298305,0.1515662549501246,2340,4285992
fleet_default,64.0,0.5,quality,138,400.0,True,0.12309444460250274,0.17946015389060788,2340,4285992
fleet_default,64.0,0.5,quality,139,420.0,True,0.0979170143330231,0.08196010250696772,2340,4285992
fleet_default,64.0,0.5,quality,140,460.0,True,0.12329409554388024,0.18017716209637732,2340,4285992
fleet_default,64.0,0.5,quality,141,,False,0.1546899294457209,,2340,4285992
fleet_default,64.0,0.5,quality,142,540.0,True,0.07734974816253531,0.10069337626148922,2340,4285992
fleet_default,64.0,0.5,quality,143,480.0,True,0.09779246306433892,0.09740476736684947,2340,4285992
fleet_default,64.0,0.5,quality,144,560.0,True,0.09845885811674053,0.1854461496364829,2340,4285992
fleet_default,64.0,0.5,quality,145,,False,0.11532339267454553,,2340,4285992
fleet_default,64.0,0.5,quality,146,,False,0.16417906576429178,,2340,4285992
fleet_default,64.0,0.5,quality,147,,False,0.11090768909022218,,2340,4285992
fleet_default,64.0,0.5,quality,148,600.0,True,0.12233895473880721,0.08474134276996362,2340,4285992
fleet_default,64.0,0.5,quality,149,520.0,True,0.1610856352034302,0.24543535414966122,2340,4285992
fleet_default,64.0,0.5,quality,150,400.0,True,0.16423508518841667,0.13737549618582293,2340,4285992
fleet_default,64.0,0.5,quality,151,,False,0.13394904160201218,,2340,4285992
fleet_default,64.0,0.5,quality,152,420.0,True,0.17822735609568044,0.16284476368917772,2340,4285992
fleet_default,64.0,0.5,quality,153,400.0,True,0.08698689556195552,0.04947970904595082,2340,4285992
fleet_default,64.0,0.5,quality,154,420.0,True,0.1312336015930944,0.061304264783788906,2340,4285992
fleet_default,64.0,0.5,quality,155,,False,0.10006956490705175,,2340,4285992
fleet_default,64.0,0.5,quality,156,,False,0.10963744045460366,,2340,4285992
fleet_default,64.0,0.5,quality,157,420.0,True,0.08999526558516777,0.13041771217046125,2340,4285992
fleet_default,64.0,0.5,quality,158,,False,0.08751175981053537,,2340,4285992
fleet_default,64.0,0.5,quality,159,520.0,True,0.11194810748878949,0.19655860914497225,2340,4285992
fleet_default,64.0,0.5,quality,160,360.0,True,0.1010957297119761,0.10675676894776898,2340,4285992
fleet_default,64.0,0.5,quality,161,480.0,True,0.10795760396234517,0.18727630522790056,2340,4285992
fleet_default,64.0,0.5,quality,162,,False,0.09169684287870734,,2340,4285992
fleet_default,64.0,0.5,quality,163,400.0,True,0.10598303850631559,0.19030077298166034,2340,4285992
fleet_default,64.0,0.5,quality,164,,False,0.09109543275282174,,2340,4285992
fleet_default,64.0,0.5,quality,165,,False,0.091619871336784,,2340,4285992
fleet_default,64.0,0.5,quality,166,540.0,True,0.10234278055817755,0.11280594027706992,2340,4285992
fleet_default,64.0,0.5,quality,167,,False,0.08902115555614708,,2340,4285992
fleet_default,64.0,0.5,quality,168,,False,0.11349829563707188,,2340,4285992
fleet_default,64.0,0.5,quality,169,,False,0.094651116236528,,2340,4285992
fleet_default,64.0,0.5,quality,170,440.0,True,0.11724994744921453,0.27210390191914186,2340,4285992
fleet_default,64.0,0.5,quality,171,560.0,True,0.10900389757411003,0.11449155423457327,2340,4285992
fleet_default,64.0,0.5,quality,172,,False,0.10338355102974948,,2340,4285992
fleet_default,64.0,0.5,quality,173,460.0,True,0.09582943131980923,0.029291731477881732,2340,4285992
fleet_default,64.0,0.5,quality,174,460.0,True,0.09867595184397036,0.05230714859852793,2340,4285992
fleet_default,64.0,0.5,quality,175,400.0,True,0.1675966890105247,0.1845674880549225,2340,4285992
fleet_default,64.0,0.5,quality,176,400.0,True,0.09369752889260802,0.08103679231293776,2340,4285992
fleet_default,64.0,0.5,quality,177,420.0,True,0.09626930544021939,0.07424785514763221,2340,4285992
fleet_default,64.0,0.5,quality,178,420.0,True,0.12480631890073295,0.0913714809527583,2340,4285992
fleet_default,64.0,0.5,quality,179,460.0,True,0.21785292466594935,0.21115513659904014,2340,4285992
fleet_default,64.0,0.5,quality,180,,False,0.09883617314041578,,2340,4285992
fleet_default,64.0,0.5,quality,181,,False,0.09051096164682468,,2340,4285992
fleet_default,64.0,0.5,quality,182,460.0,True,0.09907898088475026,0.07535419962271923,2340,4285992
fleet_default,64.0,0.5,quality,183,600.0,True,0.12173708214603904,0.09028828373724831,2340,4285992
fleet_default,64.0,0.5,quality,184,,False,0.10008858098008455,,2340,4285992
fleet_default,64.0,0.5,quality,185,400.0,True,0.10048932182166972,0.03355119669265394,2340,4285992
fleet_default,64.0,0.5,quality,186,580.0,True,0.0956414193920807,0.1894069224538939,2340,4285992
fleet_default,64.0,0.5,quality,187,460.0,True,0.0814696190856704,0.0693097200152473,2340,4285992
fleet_default,64.0,0.5,quality,188,420.0,True,0.13422496305140016,0.06120807954638462,2340,4285992
fleet_default,64.0,0.5,quality,189,460.0,True,0.15419807262958216,0.1434332653967274,2340,4285992
fleet_default,64.0,0.5,quality,190,580.0,True,0.1086196584370577,0.05150326710935332,2340,4285992
fleet_default,64.0,0.5,quality,191,540.0,True,0.1108734837803318,0.10187240805733971,2340,4285992
fleet_default,64.0,0.5,quality,192,,False,0.09322092488694317,,2340,4285992
fleet_default,64.0,0.5,quality,193,,False,0.09379401896863608,,2340,4285992
fleet_default,64.0,0.5,quality,194,420.0,True,0.12938231372009534,0.053890276339644674,2340,4285992
fleet_default,64.0,0.5,quality,195,,False,0.11258911793143954,,2340,4285992
fleet_default,64.0,0.5,quality,196,500.0,True,0.09187699509174863,0.06151082885257662,2340,4285992
fleet_default,64.0,0.5,quality,197,,False,0.09496704143309133,,2340,4285992
fleet_default,64.0,0.5,quality,198,,False,0.0914181262123038,,2340,4285992
fleet_default,64.0,0.5,quality,199,400.0,True,0.08946186520444396,0.07767612260494737,2340,4285992
fleet_default,64.0,0.5,quality,200,520.0,True,0.15010177861252397,0.17456192098666742,2340,4285992
fleet_default,64.0,0.5,quality,201,420.0,True,0.11306974905719179,0.07222810110064191,2340,4285992
fleet_default,64.0,0.5,quality,202,460.0,True,0.08508483129813907,0.15117658159779918,2340,4285992
fleet_default,64.0,0.5,quality,203,400.0,True,0.10822272425727723,0.08486295681418872,2340,4285992
fleet_default,64.0,0.5,quality,204,540.0,True,0.11213508728927513,0.058538776037075725,2340,4285992
fleet_default,64.0,0.5,quality,205,,False,0.11228182642855675,,2340,4285992
fleet_default,64.0,0.5,quality,206,,False,0.1203156040980836,,2340,4285992
fleet_default,64.0,0.5,quality,207,440.0,True,0.09792360938579704,0.09072955226214865,2340,4285992
fleet_default,64.0,0.5,quality,208,,False,0.12718330677514592,,2340,4285992
fleet_default,64.0,0.5,quality,209,,False,0.1258169063817091,,2340,4285992
fleet_default,64.0,0.5,quality,210,480.0,True,0.13381015336165272,0.19115747494077343,2340,4285992
fleet_default,64.0,0.5,quality,211,,False,0.0911420987947145,,2340,4285992
fleet_default,64.0,0.5,quality,212,460.0,True,0.12638850527296427,0.16510677274418856,2340,4285992
fleet_default,64.0,0.5,quality,213,540.0,True,0.1643795740996736,0.3159933830878635,2340,4285992
fleet_default,64.0,0.5,quality,214,,False,0.10553528215384154,,2340,4285992
fleet_default,64.0,0.5,quality,215,400.0,True,0.10759197879412259,0.24369762343985904,2340,4285992
fleet_default,64.0,0.5,quality,216,520.0,True,0.28880250084860465,0.3044512807154508,2340,4285992
fleet_default,64.0,0.5,quality,217,460.0,True,0.1027030517689968,0.12256120870861371,2340,4285992
fleet_default,64.0,0.5,quality,218,,False,0.1125980531777376,,2340,4285992
fleet_default,64.0,0.5,quality,219,300.0,True,0.09590399668805238,0.06688303614349092,2340,4285992
fleet_default,64.0,0.5,quality,220,420.0,True,0.09519394082860505,0.056255229367172935,2340,4285992
fleet_default,64.0,0.5,quality,221,560.0,True,0.13407497381282232,0.1565849816088667,2340,4285992
fleet_default,64.0,0.5,quality,222,400.0,True,0.124058254514171,0.2541845470502962,2340,4285992
fleet_default,64.0,0.5,quality,223,,False,0.08321374827207413,,2340,4285992
fleet_default,64.0,0.5,quality,224,440.0,True,0.10458132295484755,0.10913559859242997,2340,4285992
fleet_default,64.0,0.5,quality,225,400.0,True,0.09044128302817925,0.04025987227274988,2340,4285992
fleet_default,64.0,0.5,quality,226,,False,0.09912807857726239,,2340,4285992
fleet_default,64.0,0.5,quality,227,540.0,True,0.13393264239021507,0.12327183252120855,2340,4285992
fleet_default,64.0,0.5,quality,228,540.0,True,0.12032577483790545,0.19369282863885265,2340,4285992
fleet_default,64.0,0.5,quality,229,460.0,True,0.07870333873255318,0.03572120644728835,2340,4285992
fleet_default,64.0,0.5,quality,230,400.0,True,0.09754172713272084,0.11497023358507145,2340,4285992
fleet_default,64.0,0.5,quality,231,460.0,True,0.09071160971952959,0.14957863770845886,2340,4285992
fleet_default,64.0,0.5,quality,232,580.0,True,0.10828135657396133,0.09857887123774625,2340,4285992
fleet_default,64.0,0.5,quality,233,460.0,True,0.0983144862366439,0.09485038555977725,2340,4285992
fleet_default,64.0,0.5,quality,234,,False,0.1271066847702708,,2340,4285992
fleet_default,64.0,0.5,quality,235,460.0,True,0.12228461857052023,0.08804406329535518,2340,4285992
fleet_default,64.0,0.5,quality,236,520.0,True,0.10343769667454378,0.08517068293474774,2340,4285992
fleet_default,64.0,0.5,quality,237,400.0,True,0.12475529102121793,0.17181393207839166,2340,4285992
fleet_default,64.0,0.5,quality,238,,False,0.1007015790259503,,2340,4285992
fleet_default,64.0,0.5,quality,239,400.0,True,0.11659205947004798,0.12104514308284456,2340,4285992
fleet_default,64.0,0.5,quality,240,,False,0.10943360937240264,,2340,4285992
fleet_default,64.0,0.5,quality,241,540.0,True,0.12713297151974656,0.10141954644043807,2340,4285992
fleet_default,64.0,0.5,quality,242,,False,0.0846871366526645,,2340,4285992
fleet_default,64.0,0.5,quality,243,,False,0.08853503330355887,,2340,4285992
fleet_default,64.0,0.5,quality,244,580.0,True,0.19630869606744544,0.1615641242466079,2340,4285992
fleet_default,64.0,0.5,quality,245,420.0,True,0.127043641089698,0.15346861822919663,2340,4285992
fleet_default,64.0,0.5,quality,246,520.0,True,0.12949090583565667,0.07896299965028751,2340,4285992
fleet_default,64.0,0.5,quality,247,520.0,True,0.15751056185211926,0.16993341797862965,2340,4285992
fleet_default,64.0,0.5,quality,248,,False,0.13663937235065474,,2340,4285992
fleet_default,64.0,0.5,quality,249,400.0,True,0.09938657719208595,0.15066002508059984,2340,4285992
fleet_default,64.0,0.5,voi,50,420.0,True,0.1130023590376841,0.07804568515713983,2340,4285992
fleet_default,64.0,0.5,voi,51,400.0,True,0.08480121232955147,0.16158444958189322,2340,4285992
fleet_default,64.0,0.5,voi,52,460.0,True,0.08796239735209971,0.08086086260636209,2340,4285992
fleet_default,64.0,0.5,voi,53,,False,0.13083361089702425,,2340,4285992
fleet_default,64.0,0.5,voi,54,520.0,True,0.15430327676132538,0.09867781063408157,2340,4285992
fleet_default,64.0,0.5,voi,55,460.0,True,0.15337036800879944,0.16872488218056153,2340,4285992
fleet_default,64.0,0.5,voi,56,520.0,True,0.08374405306505814,0.0475514696773472,2340,4285992
fleet_default,64.0,0.5,voi,57,460.0,True,0.11525537261889861,0.14013997594133765,2340,4285992
fleet_default,64.0,0.5,voi,58,420.0,True,0.09459055383651702,0.0996777134681601,2340,4285992
fleet_default,64.0,0.5,voi,59,520.0,True,0.19179909969044137,0.270225662041072,2340,4285992
fleet_default,64.0,0.5,voi,60,460.0,True,0.09819634218620729,0.08331972265895488,2340,4285992
fleet_default,64.0,0.5,voi,61,,False,0.09447304243023116,,2340,4285992
fleet_default,64.0,0.5,voi,62,,False,0.09500602721868369,,2340,4285992
fleet_default,64.0,0.5,voi,63,,False,0.10549758986971484,,2340,4285992
fleet_default,64.0,0.5,voi,64,,False,0.09004694261945254,,2340,4285992
fleet_default,64.0,0.5,voi,65,500.0,True,0.09880998862476957,0.21364439746770048,2340,4285992
fleet_default,64.0,0.5,voi,66,420.0,True,0.0945534248175713,0.13416521057110592,2340,4285992
fleet_default,64.0,0.5,voi,67,420.0,True,0.1113277811851067,0.212692770703673,2340,4285992
fleet_default,64.0,0.5,voi,68,,False,0.09735133465952135,,2340,4285992
fleet_default,64.0,0.5,voi,69,540.0,True,0.14807985279032165,0.15932686118602235,2340,4285992
fleet_default,64.0,0.5,voi,70,,False,0.12360570757087104,,2340,4285992
fleet_default,64.0,0.5,voi,71,460.0,True,0.1123757005281544,0.11140080926894363,2340,4285992
fleet_default,64.0,0.5,voi,72,580.0,True,0.09094370441923046,0.07986881245347027,2340,4285992
fleet_default,64.0,0.5,voi,73,500.0,True,0.08087097439078589,0.03899448050100313,2340,4285992
fleet_default,64.0,0.5,voi,74,,False,0.10988798506943424,,2340,4285992
fleet_default,64.0,0.5,voi,75,300.0,True,0.07451593225476837,0.11093513580779205,2340,4285992
fleet_default,64.0,0.5,voi,76,520.0,True,0.11680743812610402,0.10136774917838931,2340,4285992
fleet_default,64.0,0.5,voi,77,,False,0.09250011764628334,,2340,4285992
fleet_default,64.0,0.5,voi,78,520.0,True,0.08535065182349806,0.1483163351722143,2340,4285992
fleet_default,64.0,0.5,voi,79,540.0,True,0.14040451039547514,0.0571857179916936,2340,4285992
fleet_default,64.0,0.5,voi,80,400.0,True,0.10337527550399417,0.09726084104930005,2340,4285992
fleet_default,64.0,0.5,voi,81,480.0,True,0.08621456539992552,0.08403132063441207,2340,4285992
fleet_default,64.0,0.5,voi,82,460.0,True,0.08770556385032154,0.03812155227712532,2340,4285992
fleet_default,64.0,0.5,voi,83,520.0,True,0.12549690160028812,0.14189027417405722,2340,4285992
fleet_default,64.0,0.5,voi,84,360.0,True,0.0899108991029117,0.0532503741875325,2340,4285992
fleet_default,64.0,0.5,voi,85,500.0,True,0.1041734556094947,0.11983284684471696,2340,4285992
fleet_default,64.0,0.5,voi,86,440.0,True,0.11895323072617478,0.24174411071159108,2340,4285992
fleet_default,64.0,0.5,voi,87,,False,0.11569246270886731,,2340,4285992
fleet_default,64.0,0.5,voi,88,480.0,True,0.10302674090423479,0.07625575959577115,2340,4285992
fleet_default,64.0,0.5,voi,89,520.0,True,0.1124050738091738,0.07721089238825032,2340,4285992
fleet_default,64.0,0.5,voi,90,,False,0.09038094956276499,,2340,4285992
fleet_default,64.0,0.5,voi,91,560.0,True,0.08860481657138267,0.14141932616556396,2340,4285992
fleet_default,64.0,0.5,voi,92,400.0,True,0.10034412644895627,0.183090919829282,2340,4285992
fleet_default,64.0,0.5,voi,93,400.0,True,0.1715448272560299,0.17062057595171326,2340,4285992
fleet_default,64.0,0.5,voi,94,520.0,True,0.10284589919345566,0.14635872141057915,2340,4285992
fleet_default,64.0,0.5,voi,95,400.0,True,0.10279921054903181,0.16086603947526007,2340,4285992
fleet_default,64.0,0.5,voi,96,460.0,True,0.08094968019225328,0.06770161857131271,2340,4285992
fleet_default,64.0,0.5,voi,97,,False,0.0910722942029618,,2340,4285992
fleet_default,64.0,0.5,voi,98,600.0,True,0.12676134648186485,0.22400224977406982,2340,4285992
fleet_default,64.0,0.5,voi,99,520.0,True,0.10312628084044828,0.05229532445995534,2340,4285992
fleet_default,64.0,0.5,voi,100,,False,0.08138909948430528,,2340,4285992
fleet_default,64.0,0.5,voi,101,,False,0.1031925417470254,,2340,4285992
fleet_default,64.0,0.5,voi,102,400.0,True,0.147762970396521,0.1364271587894836,2340,4285992
fleet_default,64.0,0.5,voi,103,480.0,True,0.093803478443545,0.06541715492889526,2340,4285992
fleet_default,64.0,0.5,voi,104,,False,0.09251053504311649,,2340,4285992
fleet_default,64.0,0.5,voi,105,520.0,True,0.11068085897198456,0.0724768882917351,2340,4285992
fleet_default,64.0,0.5,voi,106,,False,0.09199974809219534,,2340,4285992
fleet_default,64.0,0.5,voi,107,,False,0.09668188881761196,,2340,4285992
fleet_default,64.0,0.5,voi,108,500.0,True,0.12358147944890416,0.10946203386847653,2340,4285992
fleet_default,64.0,0.5,voi,109,,False,0.0940376490405491,,2340,4285992
fleet_default,64.0,0.5,voi,110,460.0,True,0.11402480573469395,0.053966250274090674,2340,4285992
fleet_default,64.0,0.5,voi,111,460.0,True,0.09051636358211299,0.077698075058364,2340,4285992
fleet_default,64.0,0.5,voi,112,,False,0.0951023172852556,,2340,4285992
fleet_default,64.0,0.5,voi,113,520.0,True,0.09583340095499827,0.09539306237079359,2340,4285992
fleet_default,64.0,0.5,voi,114,,False,0.10708130050912958,,2340,4285992
fleet_default,64.0,0.5,voi,115,480.0,True,0.16058501119125665,0.21208607328016404,2340,4285992
fleet_default,64.0,0.5,voi,116,320.0,True,0.08861681788720434,0.10022401656423599,2340,4285992
fleet_default,64.0,0.5,voi,117,540.0,True,0.09274455680588913,0.16044191626103077,2340,4285992
fleet_default,64.0,0.5,voi,118,,False,0.11449034258305259,,2340,4285992
fleet_default,64.0,0.5,voi,119,500.0,True,0.0931935814090498,0.13819341985638584,2340,4285992
fleet_default,64.0,0.5,voi,120,,False,0.10485438835773374,,2340,4285992
fleet_default,64.0,0.5,voi,121,340.0,True,0.11443043971372144,0.07286716319339955,2340,4285992
fleet_default,64.0,0.5,voi,122,,False,0.1111642838396761,,2340,4285992
fleet_default,64.0,0.5,voi,123,540.0,True,0.08745718216886947,0.18890478103639236,2340,4285992
fleet_default,64.0,0.5,voi,124,460.0,True,0.09260478123149128,0.08669176570321019,2340,4285992
fleet_default,64.0,0.5,voi,125,,False,0.12022075190268075,,2340,4285992
fleet_default,64.0,0.5,voi,126,540.0,True,0.1028706465061305,0.08130341130064139,2340,4285992
fleet_default,64.0,0.5,voi,127,520.0,True,0.12909738223755976,0.1816706936266449,2340,4285992
fleet_default,64.0,0.5,voi,128,460.0,True,0.1420075353005185,0.07474683096653739,2340,4285992
fleet_default,64.0,0.5,voi,129,400.0,True,0.09248160389620046,0.08059819281675969,2340,4285992
fleet_default,64.0,0.5,voi,130,520.0,True,0.09429412303191022,0.06625472191022737,2340,4285992
fleet_default,64.0,0.5,voi,131,400.0,True,0.09691597883699928,0.09133426183877291,2340,4285992
fleet_default,64.0,0.5,voi,132,480.0,True,0.09714087844309766,0.10377104390074901,2340,4285992
fleet_default,64.0,0.5,voi,133,460.0,True,0.10337185681139271,0.17397185609558774,2340,4285992
fleet_default,64.0,0.5,voi,134,580.0,True,0.31739021705196546,0.2967107247072223,2340,4285992
fleet_default,64.0,0.5,voi,135,460.0,True,0.09313428218247227,0.05815021911784882,2340,4285992
fleet_default,64.0,0.5,voi,136,400.0,True,0.12350431313544098,0.1702026000585582,2340,4285992
fleet_default,64.0,0.5,voi,137,420.0,True,0.12173136283260913,0.1514571965009998,2340,4285992
fleet_default,64.0,0.5,voi,138,540.0,True,0.1286946456899171,0.10682477355743059,2340,4285992
fleet_default,64.0,0.5,voi,139,460.0,True,0.09680859893462299,0.12118443900526946,2340,4285992
fleet_default,64.0,0.5,voi,140,540.0,True,0.11266645197333183,0.16291186280025144,2340,4285992
fleet_default,64.0,0.5,voi,141,,False,0.151256618076031,,2340,4285992
fleet_default,64.0,0.5,voi,142,420.0,True,0.08004172723832352,0.10769109311952685,2340,4285992
fleet_default,64.0,0.5,voi,143,460.0,True,0.10589351487959711,0.12458887153974389,2340,4285992
fleet_default,64.0,0.5,voi,144,500.0,True,0.10571097672781228,0.22181126496442558,2340,4285992
fleet_default,64.0,0.5,voi,145,,False,0.11532339267454553,,2340,4285992
fleet_default,64.0,0.5,voi,146,,False,0.19712838126084614,,2340,4285992
fleet_default,64.0,0.5,voi,147,540.0,True,0.11447359319773866,0.1594085135003476,2340,4285992
fleet_default,64.0,0.5,voi,148,,False,0.12902638834831606,,2340,4285992
fleet_default,64.0,0.5,voi,149,520.0,True,0.15661065402152846,0.21537100021009825,2340,4285992
fleet_default,64.0,0.5,voi,150,400.0,True,0.13338853411945048,0.15538770233017046,2340,4285992
fleet_default,64.0,0.5,voi,151,540.0,True,0.24670502087371443,0.20859251039710142,2340,4285992
fleet_default,64.0,0.5,voi,152,520.0,True,0.10153801117904943,0.071619446609616,2340,4285992
fleet_default,64.0,0.5,voi,153,400.0,True,0.09666720432852272,0.06944807253321618,2340,4285992
fleet_default,64.0,0.5,voi,154,460.0,True,0.10225365576000786,0.04918864859284237,2340,4285992
fleet_default,64.0,0.5,voi,155,,False,0.09844399161783426,,2340,4285992
fleet_default,64.0,0.5,voi,156,600.0,True,0.11108774207532089,0.09783591246724799,2340,4285992
fleet_default,64.0,0.5,voi,157,520.0,True,0.08922937609117905,0.13765263373413336,2340,4285992
fleet_default,64.0,0.5,voi,158,,False,0.08709935626370191,,2340,4285992
fleet_default,64.0,0.5,voi,159,460.0,True,0.10842075600124888,0.2020577767707324,2340,4285992
fleet_default,64.0,0.5,voi,160,400.0,True,0.09525205824600842,0.08246037442446563,2340,4285992
fleet_default,64.0,0.5,voi,161,480.0,True,0.12390450081443617,0.20434070374670013,2340,4285992
fleet_default,64.0,0.5,voi,162,,False,0.09459310270831503,,2340,4285992
fleet_default,64.0,0.5,voi,163,,False,0.07662072702952688,,2340,4285992
fleet_default,64.0,0.5,voi,164,,False,0.08755467561699248,,2340,4285992
fleet_default,64.0,0.5,voi,165,580.0,True,0.08553905372814942,0.0878086065933188,2340,4285992
fleet_default,64.0,0.5,voi,166,540.0,True,0.0867067812849292,0.07686306570863968,2340,4285992
fleet_default,64.0,0.5,voi,167,,False,0.09101306176117493,,2340,4285992
fleet_default,64.0,0.5,voi,168,,False,0.1263521457431043,,2340,4285992
fleet_default,64.0,0.5,voi,169,,False,0.09565949596297617,,2340,4285992
fleet_default,64.0,0.5,voi,170,460.0,True,0.14043494907044488,0.26215931035924717,2340,4285992
fleet_default,64.0,0.5,voi,171,,False,0.10752743521476527,,2340,4285992
fleet_default,64.0,0.5,voi,172,,False,0.10171906436087756,,2340,4285992
fleet_default,64.0,0.5,voi,173,540.0,True,0.09498856684625835,0.043262485518143635,2340,4285992
fleet_default,64.0,0.5,voi,174,,False,0.10128183605895742,,2340,4285992
fleet_default,64.0,0.5,voi,175,500.0,True,0.18521341868545171,0.19667080377707416,2340,4285992
fleet_default,64.0,0.5,voi,176,520.0,True,0.11976886426755942,0.03977975284808022,2340,4285992
fleet_default,64.0,0.5,voi,177,440.0,True,0.14065069243303444,0.1396337666530021,2340,4285992
fleet_default,64.0,0.5,voi,178,280.0,True,0.12245723184672078,0.10632828222393216,2340,4285992
fleet_default,64.0,0.5,voi,179,540.0,True,0.13821495619792573,0.1251713782543617,2340,4285992
fleet_default,64.0,0.5,voi,180,440.0,True,0.08274952316849535,0.08179760698833648,2340,4285992
fleet_default,64.0,0.5,voi,181,,False,0.09210296863904957,,2340,4285992
fleet_default,64.0,0.5,voi,182,,False,0.1022024344788293,,2340,4285992
fleet_default,64.0,0.5,voi,183,,False,0.12174316303832884,,2340,4285992
fleet_default,64.0,0.5,voi,184,,False,0.10312483852192297,,2340,4285992
fleet_default,64.0,0.5,voi,185,480.0,True,0.10495729859862112,0.04077910942047937,2340,4285992
fleet_default,64.0,0.5,voi,186,,False,0.10663958131594897,,2340,4285992
fleet_default,64.0,0.5,voi,187,540.0,True,0.07937962040862676,0.048866805475176474,2340,4285992
fleet_default,64.0,0.5,voi,188,360.0,True,0.09195981644447287,0.1209497036648816,2340,4285992
fleet_default,64.0,0.5,voi,189,480.0,True,0.12778238857693297,0.0849077108602444,2340,4285992
fleet_default,64.0,0.5,voi,190,,False,0.14735161275441322,,2340,4285992
fleet_default,64.0,0.5,voi,191,480.0,True,0.11230853912002998,0.11008154271360386,2340,4285992
fleet_default,64.0,0.5,voi,192,,False,0.09600035064011399,,2340,4285992
fleet_default,64.0,0.5,voi,193,460.0,True,0.07758723726349571,0.0780363389677348,2340,4285992
fleet_default,64.0,0.5,voi,194,460.0,True,0.09821079491532365,0.06416831675421705,2340,4285992
fleet_default,64.0,0.5,voi,195,600.0,True,0.11726833059722902,0.1443896318646941,2340,4285992
fleet_default,64.0,0.5,voi,196,520.0,True,0.1192748456078376,0.07001972487450753,2340,4285992
fleet_default,64.0,0.5,voi,197,,False,0.09334413756905034,,2340,4285992
fleet_default,64.0,0.5,voi,198,,False,0.08694596494075667,,2340,4285992
fleet_default,64.0,0.5,voi,199,420.0,True,0.08338375278568795,0.05866169871583085,2340,4285992
fleet_default,64.0,0.5,voi,200,480.0,True,0.14233000534758128,0.14539153144289638,2340,4285992
fleet_default,64.0,0.5,voi,201,460.0,True,0.11288865169094221,0.07360452315420399,2340,4285992
fleet_default,64.0,0.5,voi,202,340.0,True,0.08713516854453596,0.16155649309992076,2340,4285992
fleet_default,64.0,0.5,voi,203,400.0,True,0.08888592130801627,0.05318418340208642,2340,4285992
fleet_default,64.0,0.5,voi,204,580.0,True,0.08453007444742587,0.0332465529844751,2340,4285992
fleet_default,64.0,0.5,voi,205,,False,0.09491833138212963,,2340,4285992
fleet_default,64.0,0.5,voi,206,,False,0.09443380998889314,,2340,4285992
fleet_default,64.0,0.5,voi,207,,False,0.08585303666804937,,2340,4285992
fleet_default,64.0,0.5,voi,208,,False,0.12476379376852109,,2340,4285992
fleet_default,64.0,0.5,voi,209,600.0,True,0.10736603795350032,0.0632125202593409,2340,4285992
fleet_default,64.0,0.5,voi,210,520.0,True,0.15757219923369464,0.2245396918374642,2340,4285992
fleet_default,64.0,0.5,voi,211,540.0,True,0.12270801375150006,0.10184957047162334,2340,4285992
fleet_default,64.0,0.5,voi,212,460.0,True,0.11085541839038666,0.12182774444982615,2340,4285992
fleet_default,64.0,0.5,voi,213,400.0,True,0.15039983447735247,0.2023683990076342,2340,4285992
fleet_default,64.0,0.5,voi,214,440.0,True,0.1031371859541204,0.07367830936770739,2340,4285992
fleet_default,64.0,0.5,voi,215,400.0,True,0.0974611656268866,0.05053119612386149,2340,4285992
fleet_default,64.0,0.5,voi,216,540.0,True,0.106318035825724,0.1604544622118234,2340,4285992
fleet_default,64.0,0.5,voi,217,460.0,True,0.09922852700541979,0.09963455648394837,2340,4285992
fleet_default,64.0,0.5,voi,218,,False,0.12076621549859533,,2340,4285992
fleet_default,64.0,0.5,voi,219,600.0,True,0.08701593421105054,0.07051307406003463,2340,4285992
fleet_default,64.0,0.5,voi,220,420.0,True,0.09764827818569001,0.047249616761422225,2340,4285992
fleet_default,64.0,0.5,voi,221,520.0,True,0.10802710778427205,0.1453426614839243,2340,4285992
fleet_default,64.0,0.5,voi,222,400.0,True,0.10903184402000297,0.2531385679618297,2340,4285992
fleet_default,64.0,0.5,voi,223,580.0,True,0.10257660110716459,0.1131644685546283,2340,4285992
fleet_default,64.0,0.5,voi,224,520.0,True,0.10607457087194903,0.09619307330644408,2340,4285992
fleet_default,64.0,0.5,voi,225,460.0,True,0.09009743114128299,0.034849815962252326,2340,4285992
fleet_default,64.0,0.5,voi,226,,False,0.10112915095346788,,2340,4285992
fleet_default,64.0,0.5,voi,227,540.0,True,0.12095317854515866,0.10470606821398906,2340,4285992
fleet_default,64.0,0.5,voi,228,440.0,True,0.10241309354338544,0.15180143489943237,2340,4285992
fleet_default,64.0,0.5,voi,229,420.0,True,0.07714278137120084,0.0649773641229387,2340,4285992
fleet_default,64.0,0.5,voi,230,460.0,True,0.09243840866980342,0.1609786469737417,2340,4285992
fleet_default,64.0,0.5,voi,231,460.0,True,0.08562085911847707,0.1514802701139472,2340,4285992
fleet_default,64.0,0.5,voi,232,,False,0.14912686467170647,,2340,4285992
fleet_default,64.0,0.5,voi,233,420.0,True,0.11943431381022264,0.10178025106900565,2340,4285992
fleet_default,64.0,0.5,voi,234,,False,0.10288313100171284,,2340,4285992
fleet_default,64.0,0.5,voi,235,460.0,True,0.11417260244554457,0.06982984354807772,2340,4285992
fleet_default,64.0,0.5,voi,236,600.0,True,0.12438878950950763,0.04941471134807997,2340,4285992
fleet_default,64.0,0.5,voi,237,480.0,True,0.11945285062117447,0.1545677674300386,2340,4285992
fleet_default,64.0,0.5,voi,238,420.0,True,0.09993770324101721,0.08932513384202684,2340,4285992
fleet_default,64.0,0.5,voi,239,480.0,True,0.12094812827246862,0.12189168532697198,2340,4285992
fleet_default,64.0,0.5,voi,240,,False,0.0930951397313981,,2340,4285992
fleet_default,64.0,0.5,voi,241,520.0,True,0.11904330435306491,0.09701373672223082,2340,4285992
fleet_default,64.0,0.5,voi,242,,False,0.07809321787926513,,2340,4285992
fleet_default,64.0,0.5,voi,243,460.0,True,0.08850097166997023,0.032022304000099214,2340,4285992
fleet_default,64.0,0.5,voi,244,,False,0.16967358139268748,,2340,4285992
fleet_default,64.0,0.5,voi,245,400.0,True,0.1254806694188752,0.1595123857815467,2340,4285992
fleet_default,64.0,0.5,voi,246,520.0,True,0.09574490789041634,0.0922321762124426,2340,4285992
fleet_default,64.0,0.5,voi,247,580.0,True,0.1525507324325294,0.16912748591780546,2340,4285992
fleet_default,64.0,0.5,voi,248,,False,0.1249128616682631,,2340,4285992
fleet_default,64.0,0.5,voi,249,460.0,True,0.09373879630733677,0.11571094003295745,2340,4285992
fleet_default,64.0,0.6,fifo,50,520.0,True,0.13093787248021846,0.08364636536575691,2340,4285992
fleet_default,64.0,0.6,fifo,51,,False,0.10504023683790947,,2340,4285992
fleet_default,64.0,0.6,fifo,52,600.0,True,0.08447923627346353,0.05647373442874237,2340,4285992
fleet_default,64.0,0.6,fifo,53,,False,0.09111105817604305,,2340,4285992
fleet_default,64.0,0.6,fifo,54,,False,0.16178350568372524,,2340,4285992
fleet_default,64.0,0.6,fifo,55,,False,0.13426968527847885,,2340,4285992
fleet_default,64.0,0.6,fifo,56,,False,0.08918760539589249,,2340,4285992
fleet_default,64.0,0.6,fifo,57,,False,0.15408449666381796,,2340,4285992
fleet_default,64.0,0.6,fifo,58,,False,0.08840212423455113,,2340,4285992
fleet_default,64.0,0.6,fifo,59,,False,0.10113447050685781,,2340,4285992
fleet_default,64.0,0.6,fifo,60,,False,0.09179601068739819,,2340,4285992
fleet_default,64.0,0.6,fifo,61,,False,0.15866437040915676,,2340,4285992
fleet_default,64.0,0.6,fifo,62,560.0,True,0.09616670332048075,0.12226008233446081,2340,4285992
fleet_default,64.0,0.6,fifo,63,,False,0.0912408183934046,,2340,4285992
fleet_default,64.0,0.6,fifo,64,,False,0.09092712396488437,,2340,4285992
fleet_default,64.0,0.6,fifo,65,,False,0.09894379192490334,,2340,4285992
fleet_default,64.0,0.6,fifo,66,,False,0.11240983893271937,,2340,4285992
fleet_default,64.0,0.6,fifo,67,,False,0.07967240300557044,,2340,4285992
fleet_default,64.0,0.6,fifo,68,560.0,True,0.1002518552830586,0.12094024341136467,2340,4285992
fleet_default,64.0,0.6,fifo,69,,False,0.1708271561009496,,2340,4285992
fleet_default,64.0,0.6,fifo,70,,False,0.13292931615000822,,2340,4285992
fleet_default,64.0,0.6,fifo,71,520.0,True,0.10753145108532194,0.05754961450620318,2340,4285992
fleet_default,64.0,0.6,fifo,72,520.0,True,0.12941417023142932,0.09639172999273452,2340,4285992
fleet_default,64.0,0.6,fifo,73,520.0,True,0.07462885268266364,0.06334856936304117,2340,4285992
fleet_default,64.0,0.6,fifo,74,,False,0.09417139666910451,,2340,4285992
fleet_default,64.0,0.6,fifo,75,580.0,True,0.08362162410256845,0.0823492740228705,2340,4285992
fleet_default,64.0,0.6,fifo,76,600.0,True,0.12931019917293002,0.1711579036105056,2340,4285992
fleet_default,64.0,0.6,fifo,77,580.0,True,0.08345601960449042,0.05055224655631729,2340,4285992
fleet_default,64.0,0.6,fifo,78,,False,0.10013642315000806,,2340,4285992
fleet_default,64.0,0.6,fifo,79,480.0,True,0.12360729825370072,0.06301176186399178,2340,4285992
fleet_default,64.0,0.6,fifo,80,,False,0.14398850487194226,,2340,4285992
fleet_default,64.0,0.6,fifo,81,,False,0.09687395944807953,,2340,4285992
fleet_default,64.0,0.6,fifo,82,,False,0.10629252540633133,,2340,4285992
fleet_default,64.0,0.6,fifo,83,,False,0.14275878196817188,,2340,4285992
fleet_default,64.0,0.6,fifo,84,,False,0.09779458134959522,,2340,4285992
fleet_default,64.0,0.6,fifo,85,,False,0.12113978905640505,,2340,4285992
fleet_default,64.0,0.6,fifo,86,500.0,True,0.1371873035490538,0.2584896543387469,2340,4285992
fleet_default,64.0,0.6,fifo,87,,False,0.1359702538179841,,2340,4285992
fleet_default,64.0,0.6,fifo,88,,False,0.09193538913799529,,2340,4285992
fleet_default,64.0,0.6,fifo,89,,False,0.09164532715434455,,2340,4285992
fleet_default,64.0,0.6,fifo,90,,False,0.10845494401431098,,2340,4285992
fleet_default,64.0,0.6,fifo,91,580.0,True,0.12141656638545768,0.12940688915976442,2340,4285992
fleet_default,64.0,0.6,fifo,92,560.0,True,0.11960705423589821,0.20103948912760392,2340,4285992
fleet_default,64.0,0.6,fifo,93,580.0,True,0.14014532295851187,0.09813981565839934,2340,4285992
fleet_default,64.0,0.6,fifo,94,,False,0.08078112698258648,,2340,4285992
fleet_default,64.0,0.6,fifo,95,,False,0.09260127032447377,,2340,4285992
fleet_default,64.0,0.6,fifo,96,,False,0.08478345873903315,,2340,4285992
fleet_default,64.0,0.6,fifo,97,,False,0.0923015012967239,,2340,4285992
fleet_default,64.0,0.6,fifo,98,,False,0.1268814338547556,,2340,4285992
fleet_default,64.0,0.6,fifo,99,,False,0.11532537596539409,,2340,4285992
fleet_default,64.0,0.6,fifo,100,,False,0.09196955229539187,,2340,4285992
fleet_default,64.0,0.6,fifo,101,,False,0.12019750805221825,,2340,4285992
fleet_default,64.0,0.6,fifo,102,580.0,True,0.11306339340548406,0.166335644083478,2340,4285992
fleet_default,64.0,0.6,fifo,103,580.0,True,0.09709793146450167,0.06532815264337544,2340,4285992
fleet_default,64.0,0.6,fifo,104,,False,0.10094301227381453,,2340,4285992
fleet_default,64.0,0.6,fifo,105,600.0,True,0.11693887931270847,0.06482999794730754,2340,4285992
fleet_default,64.0,0.6,fifo,106,,False,0.08316573183418464,,2340,4285992
fleet_default,64.0,0.6,fifo,107,580.0,True,0.09678950365443884,0.08477820170285169,2340,4285992
fleet_default,64.0,0.6,fifo,108,,False,0.15385770062310247,,2340,4285992
fleet_default,64.0,0.6,fifo,109,,False,0.07841922046705317,,2340,4285992
fleet_default,64.0,0.6,fifo,110,,False,0.10334981767980068,,2340,4285992
fleet_default,64.0,0.6,fifo,111,,False,0.10282770571646892,,2340,4285992
fleet_default,64.0,0.6,fifo,112,,False,0.09510045203987606,,2340,4285992
fleet_default,64.0,0.6,fifo,113,,False,0.10724475477461055,,2340,4285992
fleet_default,64.0,0.6,fifo,114,,False,0.08954833964709695,,2340,4285992
fleet_default,64.0,0.6,fifo,115,,False,0.1577080088076929,,2340,4285992
fleet_default,64.0,0.6,fifo,116,480.0,True,0.0902412754501024,0.09886870306193957,2340,4285992
fleet_default,64.0,0.6,fifo,117,560.0,True,0.09578229590568413,0.10674167337497903,2340,4285992
fleet_default,64.0,0.6,fifo,118,,False,0.11565540782913786,,2340,4285992
fleet_default,64.0,0.6,fifo,119,580.0,True,0.11012727947170975,0.12908284895403965,2340,4285992
fleet_default,64.0,0.6,fifo,120,600.0,True,0.14189600518067044,0.1584863673614998,2340,4285992
fleet_default,64.0,0.6,fifo,121,,False,0.1168487946851823,,2340,4285992
fleet_default,64.0,0.6,fifo,122,,False,0.113291182653516,,2340,4285992
fleet_default,64.0,0.6,fifo,123,,False,0.0929366835853931,,2340,4285992
fleet_default,64.0,0.6,fifo,124,520.0,True,0.10259941135330666,0.058808590017280435,2340,4285992
fleet_default,64.0,0.6,fifo,125,,False,0.09677182710078629,,2340,4285992
fleet_default,64.0,0.6,fifo,126,580.0,True,0.10908084703581894,0.042966652361232816,2340,4285992
fleet_default,64.0,0.6,fifo,127,560.0,True,0.15291178194542215,0.09121726523860575,2340,4285992
fleet_default,64.0,0.6,fifo,128,560.0,True,0.13770698093506137,0.09303679981766431,2340,4285992
fleet_default,64.0,0.6,fifo,129,,False,0.12415337136557303,,2340,4285992
fleet_default,64.0,0.6,fifo,130,,False,0.0999288091689205,,2340,4285992
fleet_default,64.0,0.6,fifo,131,,False,0.11255348597385359,,2340,4285992
fleet_default,64.0,0.6,fifo,132,,False,0.12630755560335924,,2340,4285992
fleet_default,64.0,0.6,fifo,133,,False,0.11634100627578316,,2340,4285992
fleet_default,64.0,0.6,fifo,134,,False,0.12979136257777182,,2340,4285992
fleet_default,64.0,0.6,fifo,135,,False,0.07988608315237913,,2340,4285992
fleet_default,64.0,0.6,fifo,136,580.0,True,0.12960356193234623,0.17639345717688837,2340,4285992
fleet_default,64.0,0.6,fifo,137,,False,0.09929388680617883,,2340,4285992
fleet_default,64.0,0.6,fifo,138,,False,0.10499976589820507,,2340,4285992
fleet_default,64.0,0.6,fifo,139,,False,0.10871235704248966,,2340,4285992
fleet_default,64.0,0.6,fifo,140,,False,0.1645429839959549,,2340,4285992
fleet_default,64.0,0.6,fifo,141,,False,0.15108402189863404,,2340,4285992
fleet_default,64.0,0.6,fifo,142,,False,0.07383340422489151,,2340,4285992
fleet_default,64.0,0.6,fifo,143,600.0,True,0.145402638913264,0.13687553702777322,2340,4285992
fleet_default,64.0,0.6,fifo,144,,False,0.11332815245806961,,2340,4285992
fleet_default,64.0,0.6,fifo,145,,False,0.10140736028333533,,2340,4285992
fleet_default,64.0,0.6,fifo,146,,False,0.15314864460749616,,2340,4285992
fleet_default,64.0,0.6,fifo,147,,False,0.11034918791371594,,2340,4285992
fleet_default,64.0,0.6,fifo,148,,False,0.14913786301524054,,2340,4285992
fleet_default,64.0,0.6,fifo,149,,False,0.10467664072222156,,2340,4285992
fleet_default,64.0,0.6,fifo,150,,False,0.12300376954758671,,2340,4285992
fleet_default,64.0,0.6,fifo,151,,False,0.16444390014558483,,2340,4285992
fleet_default,64.0,0.6,fifo,152,,False,0.13217363538378166,,2340,4285992
fleet_default,64.0,0.6,fifo,153,600.0,True,0.08930108494616422,0.07444833252555078,2340,4285992
fleet_default,64.0,0.6,fifo,154,,False,0.11068899217162999,,2340,4285992
fleet_default,64.0,0.6,fifo,155,,False,0.09608998592398735,,2340,4285992
fleet_default,64.0,0.6,fifo,156,,False,0.09235365153325466,,2340,4285992
fleet_default,64.0,0.6,fifo,157,,False,0.08421144647789723,,2340,4285992
fleet_default,64.0,0.6,fifo,158,,False,0.10390098155241767,,2340,4285992
fleet_default,64.0,0.6,fifo,159,560.0,True,0.1060629083051429,0.18306195106014397,2340,4285992
fleet_default,64.0,0.6,fifo,160,,False,0.0964325085703299,,2340,4285992
fleet_default,64.0,0.6,fifo,161,,False,0.11812177665031953,,2340,4285992
fleet_default,64.0,0.6,fifo,162,,False,0.11108489355988113,,2340,4285992
fleet_default,64.0,0.6,fifo,163,,False,0.08939040094887077,,2340,4285992
fleet_default,64.0,0.6,fifo,164,,False,0.08727710592209784,,2340,4285992
fleet_default,64.0,0.6,fifo,165,,False,0.08811032094965181,,2340,4285992
fleet_default,64.0,0.6,fifo,166,560.0,True,0.09146753431974451,0.09100823718609255,2340,4285992
fleet_default,64.0,0.6,fifo,167,,False,0.08913879039349526,,2340,4285992
fleet_default,64.0,0.6,fifo,168,,False,0.09805569822828754,,2340,4285992
fleet_default,64.0,0.6,fifo,169,,False,0.0954494171249404,,2340,4285992
fleet_default,64.0,0.6,fifo,170,,False,0.10739882522554814,,2340,4285992
fleet_default,64.0,0.6,fifo,171,,False,0.09830152299226952,,2340,4285992
fleet_default,64.0,0.6,fifo,172,,False,0.11915379054319594,,2340,4285992
fleet_default,64.0,0.6,fifo,173,,False,0.09530021854480793,,2340,4285992
fleet_default,64.0,0.6,fifo,174,,False,0.11664137293822584,,2340,4285992
fleet_default,64.0,0.6,fifo,175,580.0,True,0.1064487235897525,0.08421186202753729,2340,4285992
fleet_default,64.0,0.6,fifo,176,,False,0.09538234819033047,,2340,4285992
fleet_default,64.0,0.6,fifo,177,,False,0.08005491306831244,,2340,4285992
fleet_default,64.0,0.6,fifo,178,,False,0.11855274392407893,,2340,4285992
fleet_default,64.0,0.6,fifo,179,360.0,True,0.09489780093639555,0.0316668594001143,2340,4285992
fleet_default,64.0,0.6,fifo,180,,False,0.08274761006528904,,2340,4285992
fleet_default,64.0,0.6,fifo,181,,False,0.09737413088785472,,2340,4285992
fleet_default,64.0,0.6,fifo,182,,False,0.12326621155155466,,2340,4285992
fleet_default,64.0,0.6,fifo,183,460.0,True,0.12012563324261721,0.11062419741084521,2340,4285992
fleet_default,64.0,0.6,fifo,184,,False,0.09482786947735936,,2340,4285992
fleet_default,64.0,0.6,fifo,185,600.0,True,0.12066267434676099,0.07930006134383491,2340,4285992
fleet_default,64.0,0.6,fifo,186,,False,0.1075397365073957,,2340,4285992
fleet_default,64.0,0.6,fifo,187,,False,0.12308636851682202,,2340,4285992
fleet_default,64.0,0.6,fifo,188,600.0,True,0.09519790724049818,0.09978977708302497,2340,4285992
fleet_default,64.0,0.6,fifo,189,,False,0.08127379484874807,,2340,4285992
fleet_default,64.0,0.6,fifo,190,,False,0.14736227024670484,,2340,4285992
fleet_default,64.0,0.6,fifo,191,,False,0.12135209399852803,,2340,4285992
fleet_default,64.0,0.6,fifo,192,460.0,True,0.11146165258634902,0.09818630827612432,2340,4285992
fleet_default,64.0,0.6,fifo,193,580.0,True,0.11021817863394275,0.0834474496544268,2340,4285992
fleet_default,64.0,0.6,fifo,194,,False,0.10918408421528887,,2340,4285992
fleet_default,64.0,0.6,fifo,195,,False,0.12977921197160433,,2340,4285992
fleet_default,64.0,0.6,fifo,196,,False,0.1097248313460297,,2340,4285992
fleet_default,64.0,0.6,fifo,197,,False,0.09057385550635898,,2340,4285992
fleet_default,64.0,0.6,fifo,198,,False,0.09094040092826089,,2340,4285992
fleet_default,64.0,0.6,fifo,199,,False,0.08922883097653138,,2340,4285992
fleet_default,64.0,0.6,fifo,200,,False,0.10656005660924388,,2340,4285992
fleet_default,64.0,0.6,fifo,201,,False,0.12048443005884854,,2340,4285992
fleet_default,64.0,0.6,fifo,202,,False,0.09095650955371322,,2340,4285992
fleet_default,64.0,0.6,fifo,203,540.0,True,0.11481428319081285,0.13521705549670687,2340,4285992
fleet_default,64.0,0.6,fifo,204,580.0,True,0.09404719346091361,0.10810090021758761,2340,4285992
fleet_default,64.0,0.6,fifo,205,,False,0.10236110388671152,,2340,4285992
fleet_default,64.0,0.6,fifo,206,580.0,True,0.11151302062748977,0.15766611177639345,2340,4285992
fleet_default,64.0,0.6,fifo,207,,False,0.08540668272177056,,2340,4285992
fleet_default,64.0,0.6,fifo,208,,False,0.12945414574012828,,2340,4285992
fleet_default,64.0,0.6,fifo,209,600.0,True,0.09799883934933482,0.05259061436180443,2340,4285992
fleet_default,64.0,0.6,fifo,210,,False,0.15910109697827474,,2340,4285992
fleet_default,64.0,0.6,fifo,211,,False,0.09109567148164564,,2340,4285992
fleet_default,64.0,0.6,fifo,212,500.0,True,0.10909406564097757,0.11115002585490853,2340,4285992
fleet_default,64.0,0.6,fifo,213,,False,0.1545534726020846,,2340,4285992
fleet_default,64.0,0.6,fifo,214,580.0,True,0.1277905516074658,0.2506034227694505,2340,4285992
fleet_default,64.0,0.6,fifo,215,580.0,True,0.0903169178525131,0.13018300471242888,2340,4285992
fleet_default,64.0,0.6,fifo,216,,False,0.10835464532888107,,2340,4285992
fleet_default,64.0,0.6,fifo,217,,False,0.10725073513244526,,2340,4285992
fleet_default,64.0,0.6,fifo,218,,False,0.09711100259414583,,2340,4285992
fleet_default,64.0,0.6,fifo,219,,False,0.10698665871866114,,2340,4285992
fleet_default,64.0,0.6,fifo,220,540.0,True,0.09431332578422875,0.058820165508861114,2340,4285992
fleet_default,64.0,0.6,fifo,221,,False,0.10773255315704143,,2340,4285992
fleet_default,64.0,0.6,fifo,222,,False,0.1035746926956881,,2340,4285992
fleet_default,64.0,0.6,fifo,223,,False,0.0848326895670006,,2340,4285992
fleet_default,64.0,0.6,fifo,224,,False,0.09832403597885353,,2340,4285992
fleet_default,64.0,0.6,fifo,225,,False,0.08645455561202249,,2340,4285992
fleet_default,64.0,0.6,fifo,226,580.0,True,0.12900198513911473,0.16931505737478875,2340,4285992
fleet_default,64.0,0.6,fifo,227,,False,0.10335984594993881,,2340,4285992
fleet_default,64.0,0.6,fifo,228,,False,0.1214033248300745,,2340,4285992
fleet_default,64.0,0.6,fifo,229,,False,0.0833532815333512,,2340,4285992
fleet_default,64.0,0.6,fifo,230,,False,0.09816496017846062,,2340,4285992
fleet_default,64.0,0.6,fifo,231,560.0,True,0.08857142986411994,0.11735779107168365,2340,4285992
fleet_default,64.0,0.6,fifo,232,400.0,True,0.08490519512985054,0.03620241759629643,2340,4285992
fleet_default,64.0,0.6,fifo,233,540.0,True,0.10757093186087173,0.07090237688887978,2340,4285992
fleet_default,64.0,0.6,fifo,234,,False,0.08180146517719335,,2340,4285992
fleet_default,64.0,0.6,fifo,235,,False,0.129171756010134,,2340,4285992
fleet_default,64.0,0.6,fifo,236,,False,0.09290407272118703,,2340,4285992
fleet_default,64.0,0.6,fifo,237,,False,0.15906895087518855,,2340,4285992
fleet_default,64.0,0.6,fifo,238,,False,0.09432574793251619,,2340,4285992
fleet_default,64.0,0.6,fifo,239,,False,0.12400602346405287,,2340,4285992
fleet_default,64.0,0.6,fifo,240,,False,0.09350109515548971,,2340,4285992
fleet_default,64.0,0.6,fifo,241,,False,0.1731026130388778,,2340,4285992
fleet_default,64.0,0.6,fifo,242,,False,0.07745390015645445,,2340,4285992
fleet_default,64.0,0.6,fifo,243,,False,0.08289875502117118,,2340,4285992
fleet_default,64.0,0.6,fifo,244,,False,0.14186974104141756,,2340,4285992
fleet_default,64.0,0.6,fifo,245,,False,0.2405212443002483,,2340,4285992
fleet_default,64.0,0.6,fifo,246,560.0,True,0.12914864946078045,0.08425697820878265,2340,4285992
fleet_default,64.0,0.6,fifo,247,580.0,True,0.17923958823446887,0.20717484469878536,2340,4285992
fleet_default,64.0,0.6,fifo,248,,False,0.11616930441087345,,2340,4285992
fleet_default,64.0,0.6,fifo,249,580.0,True,0.12106249751743102,0.2039035563145802,2340,4285992
fleet_default,64.0,0.6,quality,50,540.0,True,0.12041001298489008,0.1559724540405078,2340,4285992
fleet_default,64.0,0.6,quality,51,580.0,True,0.11604452974399236,0.1413864245062676,2340,4285992
fleet_default,64.0,0.6,quality,52,460.0,True,0.0882760714620063,0.09097700359576719,2340,4285992
fleet_default,64.0,0.6,quality,53,,False,0.10325336215001069,,2340,4285992
fleet_default,64.0,0.6,quality,54,,False,0.15389926120679265,,2340,4285992
fleet_default,64.0,0.6,quality,55,460.0,True,0.14489927265434027,0.15044775413736242,2340,4285992
fleet_default,64.0,0.6,quality,56,,False,0.08910720817749994,,2340,4285992
fleet_default,64.0,0.6,quality,57,,False,0.16362813415027974,,2340,4285992
fleet_default,64.0,0.6,quality,58,400.0,True,0.10880382823382792,0.07054382824016442,2340,4285992
fleet_default,64.0,0.6,quality,59,,False,0.12099430230970586,,2340,4285992
fleet_default,64.0,0.6,quality,60,420.0,True,0.0986504104672803,0.12145489746199553,2340,4285992
fleet_default,64.0,0.6,quality,61,580.0,True,0.1192947118830302,0.1321122824287177,2340,4285992
fleet_default,64.0,0.6,quality,62,,False,0.0928947456217984,,2340,4285992
fleet_default,64.0,0.6,quality,63,600.0,True,0.08537739472829911,0.11275683401554534,2340,4285992
fleet_default,64.0,0.6,quality,64,,False,0.09208009903020044,,2340,4285992
fleet_default,64.0,0.6,quality,65,,False,0.0962835019588729,,2340,4285992
fleet_default,64.0,0.6,quality,66,,False,0.10854327571377184,,2340,4285992
fleet_default,64.0,0.6,quality,67,,False,0.08277294954391977,,2340,4285992
fleet_default,64.0,0.6,quality,68,,False,0.09628302972288776,,2340,4285992
fleet_default,64.0,0.6,quality,69,,False,0.14955681283586392,,2340,4285992
fleet_default,64.0,0.6,quality,70,,False,0.13292931615000822,,2340,4285992
fleet_default,64.0,0.6,quality,71,,False,0.11880430666584399,,2340,4285992
fleet_default,64.0,0.6,quality,72,520.0,True,0.0958344612204324,0.05950921994954496,2340,4285992
fleet_default,64.0,0.6,quality,73,,False,0.09859808307698903,,2340,4285992
fleet_default,64.0,0.6,quality,74,,False,0.09544375216910993,,2340,4285992
fleet_default,64.0,0.6,quality,75,520.0,True,0.08661357388719006,0.08089315663932344,2340,4285992
fleet_default,64.0,0.6,quality,76,520.0,True,0.12113069306902109,0.09585534219813692,2340,4285992
fleet_default,64.0,0.6,quality,77,540.0,True,0.10205369111972076,0.04980715784850618,2340,4285992
fleet_default,64.0,0.6,quality,78,,False,0.11528842218021339,,2340,4285992
fleet_default,64.0,0.6,quality,79,480.0,True,0.16429325689676658,0.06897246344011942,2340,4285992
fleet_default,64.0,0.6,quality,80,,False,0.10004028389856075,,2340,4285992
fleet_default,64.0,0.6,quality,81,,False,0.09687395944807953,,2340,4285992
fleet_default,64.0,0.6,quality,82,,False,0.10667104849492656,,2340,4285992
fleet_default,64.0,0.6,quality,83,580.0,True,0.13760311918253526,0.12296020459623586,2340,4285992
fleet_default,64.0,0.6,quality,84,,False,0.09674400201637819,,2340,4285992
fleet_default,64.0,0.6,quality,85,,False,0.12113978905640505,,2340,4285992
fleet_default,64.0,0.6,quality,86,460.0,True,0.12968697660459852,0.24051090233083247,2340,4285992
fleet_default,64.0,0.6,quality,87,,False,0.1235083306568056,,2340,4285992
fleet_default,64.0,0.6,quality,88,480.0,True,0.13753404102700476,0.12110677048518531,2340,4285992
fleet_default,64.0,0.6,quality,89,,False,0.09701518050615748,,2340,4285992
fleet_default,64.0,0.6,quality,90,,False,0.111486906045333,,2340,4285992
fleet_default,64.0,0.6,quality,91,,False,0.10092559311633717,,2340,4285992
fleet_default,64.0,0.6,quality,92,560.0,True,0.10922751246180627,0.2077122336420732,2340,4285992
fleet_default,64.0,0.6,quality,93,,False,0.12439859255761763,,2340,4285992
fleet_default,64.0,0.6,quality,94,,False,0.08256922045795162,,2340,4285992
fleet_default,64.0,0.6,quality,95,,False,0.09211139386934095,,2340,4285992
fleet_default,64.0,0.6,quality,96,,False,0.08260128318249399,,2340,4285992
fleet_default,64.0,0.6,quality,97,500.0,True,0.08896739357298271,0.06869991413702452,2340,4285992
fleet_default,64.0,0.6,quality,98,,False,0.13856779553084833,,2340,4285992
fleet_default,64.0,0.6,quality,99,,False,0.12962786681361765,,2340,4285992
fleet_default,64.0,0.6,quality,100,,False,0.09196955229539187,,2340,4285992
fleet_default,64.0,0.6,quality,101,,False,0.12019750805221825,,2340,4285992
fleet_default,64.0,0.6,quality,102,400.0,True,0.09832581159186715,0.12278444791154278,2340,4285992
fleet_default,64.0,0.6,quality,103,,False,0.11414773112059845,,2340,4285992
fleet_default,64.0,0.6,quality,104,,False,0.09442308465220337,,2340,4285992
fleet_default,64.0,0.6,quality,105,,False,0.15993766237548612,,2340,4285992
fleet_default,64.0,0.6,quality,106,,False,0.08422661445021341,,2340,4285992
fleet_default,64.0,0.6,quality,107,420.0,True,0.10896301986468795,0.0745745251402191,2340,4285992
fleet_default,64.0,0.6,quality,108,,False,0.137077728979826,,2340,4285992
fleet_default,64.0,0.6,quality,109,,False,0.09403764904054933,,2340,4285992
fleet_default,64.0,0.6,quality,110,,False,0.10334981767980068,,2340,4285992
fleet_default,64.0,0.6,quality,111,,False,0.10763047632824593,,2340,4285992
fleet_default,64.0,0.6,quality,112,,False,0.10413958274026087,,2340,4285992
fleet_default,64.0,0.6,quality,113,,False,0.11093868341674282,,2340,4285992
fleet_default,64.0,0.6,quality,114,,False,0.09594098940487689,,2340,4285992
fleet_default,64.0,0.6,quality,115,,False,0.15449367214860715,,2340,4285992
fleet_default,64.0,0.6,quality,116,420.0,True,0.0829254333032663,0.09261878617389009,2340,4285992
fleet_default,64.0,0.6,quality,117,560.0,True,0.10137508413635195,0.1497177410077244,2340,4285992
fleet_default,64.0,0.6,quality,118,,False,0.11565540782913786,,2340,4285992
fleet_default,64.0,0.6,quality,119,600.0,True,0.09976803954355365,0.1724425339843842,2340,4285992
fleet_default,64.0,0.6,quality,120,520.0,True,0.13552027250428364,0.23029709965456818,2340,4285992
fleet_default,64.0,0.6,quality,121,,False,0.11580532943615207,,2340,4285992
fleet_default,64.0,0.6,quality,122,,False,0.113291182653516,,2340,4285992
fleet_default,64.0,0.6,quality,123,460.0,True,0.09169971494126639,0.1892133986655743,2340,4285992
fleet_default,64.0,0.6,quality,124,,False,0.10825779703448471,,2340,4285992
fleet_default,64.0,0.6,quality,125,,False,0.10027291813412102,,2340,4285992
fleet_default,64.0,0.6,quality,126,600.0,True,0.09577612494028852,0.05593777956417663,2340,4285992
fleet_default,64.0,0.6,quality,127,,False,0.19251342250344747,,2340,4285992
fleet_default,64.0,0.6,quality,128,480.0,True,0.1170367872969788,0.08564275786553567,2340,4285992
fleet_default,64.0,0.6,quality,129,580.0,True,0.10220207248184232,0.11495637736579051,2340,4285992
fleet_default,64.0,0.6,quality,130,,False,0.12095514840601429,,2340,4285992
fleet_default,64.0,0.6,quality,131,,False,0.10336565691402518,,2340,4285992
fleet_default,64.0,0.6,quality,132,580.0,True,0.09194741299735366,0.0986186660052035,2340,4285992
fleet_default,64.0,0.6,quality,133,,False,0.11175921088110614,,2340,4285992
fleet_default,64.0,0.6,quality,134,,False,0.22491165813122702,,2340,4285992
fleet_default,64.0,0.6,quality,135,,False,0.07843682610760548,,2340,4285992
fleet_default,64.0,0.6,quality,136,400.0,True,0.15265953531351828,0.2906611906482621,2340,4285992
fleet_default,64.0,0.6,quality,137,540.0,True,0.09033347767022878,0.14757632276829033,2340,4285992
fleet_default,64.0,0.6,quality,138,,False,0.10391161017510421,,2340,4285992
fleet_default,64.0,0.6,quality,139,520.0,True,0.09059609815080664,0.12709386011350693,2340,4285992
fleet_default,64.0,0.6,quality,140,,False,0.1645429839959549,,2340,4285992
fleet_default,64.0,0.6,quality,141,,False,0.15479228109128987,,2340,4285992
fleet_default,64.0,0.6,quality,142,460.0,True,0.07875082565804568,0.05430355100355181,2340,4285992
fleet_default,64.0,0.6,quality,143,480.0,True,0.0971883283622126,0.10112365042340353,2340,4285992
fleet_default,64.0,0.6,quality,144,,False,0.11332815245806961,,2340,4285992
fleet_default,64.0,0.6,quality,145,,False,0.0980359778512858,,2340,4285992
fleet_default,64.0,0.6,quality,146,,False,0.18632152635070684,,2340,4285992
fleet_default,64.0,0.6,quality,147,,False,0.10695600686020548,,2340,4285992
fleet_default,64.0,0.6,quality,148,,False,0.13688315283260233,,2340,4285992
fleet_default,64.0,0.6,quality,149,,False,0.10002402194906727,,2340,4285992
fleet_default,64.0,0.6,quality,150,480.0,True,0.15988303618308522,0.24077955373015258,2340,4285992
fleet_default,64.0,0.6,quality,151,,False,0.16444390014558483,,2340,4285992
fleet_default,64.0,0.6,quality,152,,False,0.13273766580185759,,2340,4285992
fleet_default,64.0,0.6,quality,153,,False,0.10408968970045651,,2340,4285992
fleet_default,64.0,0.6,quality,154,,False,0.09481396968533672,,2340,4285992
fleet_default,64.0,0.6,quality,155,,False,0.10054496876877332,,2340,4285992
fleet_default,64.0,0.6,quality,156,,False,0.11116859778828775,,2340,4285992
fleet_default,64.0,0.6,quality,157,420.0,True,0.1086313939162552,0.1114674890010319,2340,4285992
fleet_default,64.0,0.6,quality,158,,False,0.18751870879970658,,2340,4285992
fleet_default,64.0,0.6,quality,159,420.0,True,0.12745467329877236,0.26171594506497986,2340,4285992
fleet_default,64.0,0.6,quality,160,480.0,True,0.09499136609888086,0.1485619383997589,2340,4285992
fleet_default,64.0,0.6,quality,161,,False,0.11812177665031953,,2340,4285992
fleet_default,64.0,0.6,quality,162,,False,0.11108489355988113,,2340,4285992
fleet_default,64.0,0.6,quality,163,,False,0.08602027791949786,,2340,4285992
fleet_default,64.0,0.6,quality,164,400.0,True,0.10187601745558289,0.0740774647610411,2340,4285992
fleet_default,64.0,0.6,quality,165,420.0,True,0.08399261215298603,0.10796823628594988,2340,4285992
fleet_default,64.0,0.6,quality,166,480.0,True,0.11014432295110942,0.1498977709107936,2340,4285992
fleet_default,64.0,0.6,quality,167,540.0,True,0.10617457207105174,0.25554057290905907,2340,4285992
fleet_default,64.0,0.6,quality,168,480.0,True,0.09007346657826767,0.04481977584026951,2340,4285992
fleet_default,64.0,0.6,quality,169,,False,0.09344817275943798,,2340,4285992
fleet_default,64.0,0.6,quality,170,,False,0.10825931624955308,,2340,4285992
fleet_default,64.0,0.6,quality,171,,False,0.11380445054314234,,2340,4285992
fleet_default,64.0,0.6,quality,172,,False,0.10541632196763036,,2340,4285992
fleet_default,64.0,0.6,quality,173,580.0,True,0.0923799130395966,0.029739342635541136,2340,4285992
fleet_default,64.0,0.6,quality,174,,False,0.10538975324790893,,2340,4285992
fleet_default,64.0,0.6,quality,175,,False,0.09638664176839726,,2340,4285992
fleet_default,64.0,0.6,quality,176,,False,0.09846150715343031,,2340,4285992
fleet_default,64.0,0.6,quality,177,,False,0.082534050456771,,2340,4285992
fleet_default,64.0,0.6,quality,178,460.0,True,0.12842099239154142,0.09398823715409386,2340,4285992
fleet_default,64.0,0.6,quality,179,480.0,True,0.11531699384531509,0.08322915336891414,2340,4285992
fleet_default,64.0,0.6,quality,180,540.0,True,0.11518320786476717,0.08727164362071232,2340,4285992
fleet_default,64.0,0.6,quality,181,,False,0.09329007481767414,,2340,4285992
fleet_default,64.0,0.6,quality,182,,False,0.10995889787433673,,2340,4285992
fleet_default,64.0,0.6,quality,183,600.0,True,0.122909151844866,0.09028828373724831,2340,4285992
fleet_default,64.0,0.6,quality,184,,False,0.1069298624118413,,2340,4285992
fleet_default,64.0,0.6,quality,185,520.0,True,0.14170347635581895,0.08798167695328335,2340,4285992
fleet_default,64.0,0.6,quality,186,,False,0.1273526537315382,,2340,4285992
fleet_default,64.0,0.6,quality,187,,False,0.11834846456958166,,2340,4285992
fleet_default,64.0,0.6,quality,188,460.0,True,0.09883679931933233,0.10422521363851399,2340,4285992
fleet_default,64.0,0.6,quality,189,580.0,True,0.1140204530475121,0.12061929366292426,2340,4285992
fleet_default,64.0,0.6,quality,190,,False,0.14736227024670484,,2340,4285992
fleet_default,64.0,0.6,quality,191,520.0,True,0.11262499206282556,0.12554995421869292,2340,4285992
fleet_default,64.0,0.6,quality,192,460.0,True,0.09438708508105359,0.034855789663703146,2340,4285992
fleet_default,64.0,0.6,quality,193,,False,0.10564437176754085,,2340,4285992
fleet_default,64.0,0.6,quality,194,,False,0.1161875949640331,,2340,4285992
fleet_default,64.0,0.6,quality,195,,False,0.12977921197160433,,2340,4285992
fleet_default,64.0,0.6,quality,196,,False,0.1064161215123895,,2340,4285992
fleet_default,64.0,0.6,quality,197,,False,0.09187492973385855,,2340,4285992
fleet_default,64.0,0.6,quality,198,,False,0.08725281351641734,,2340,4285992
fleet_default,64.0,0.6,quality,199,,False,0.08552097077419175,,2340,4285992
fleet_default,64.0,0.6,quality,200,,False,0.1565451831856731,,2340,4285992
fleet_default,64.0,0.6,quality,201,,False,0.10335580918841318,,2340,4285992
fleet_default,64.0,0.6,quality,202,400.0,True,0.08781571940751051,0.1654851392255552,2340,4285992
fleet_default,64.0,0.6,quality,203,520.0,True,0.10555163200175229,0.0684554094058781,2340,4285992
fleet_default,64.0,0.6,quality,204,520.0,True,0.0968721144380137,0.0949960396566039,2340,4285992
fleet_default,64.0,0.6,quality,205,,False,0.10044650314806103,,2340,4285992
fleet_default,64.0,0.6,quality,206,,False,0.10077633998862252,,2340,4285992
fleet_default,64.0,0.6,quality,207,,False,0.08492847336537294,,2340,4285992
fleet_default,64.0,0.6,quality,208,,False,0.12609783358113028,,2340,4285992
fleet_default,64.0,0.6,quality,209,600.0,True,0.13413142161854505,0.07321454569815758,2340,4285992
fleet_default,64.0,0.6,quality,210,580.0,True,0.11789568445342696,0.13943237256563312,2340,4285992
fleet_default,64.0,0.6,quality,211,460.0,True,0.10517770735596224,0.16267186953446844,2340,4285992
fleet_default,64.0,0.6,quality,212,460.0,True,0.10476698880161553,0.14237020963544597,2340,4285992
fleet_default,64.0,0.6,quality,213,,False,0.19348842271519798,,2340,4285992
fleet_default,64.0,0.6,quality,214,460.0,True,0.12397754945794852,0.22963607591045904,2340,4285992
fleet_default,64.0,0.6,quality,215,,False,0.09794193913412204,,2340,4285992
fleet_default,64.0,0.6,quality,216,,False,0.105686637824433,,2340,4285992
fleet_default,64.0,0.6,quality,217,,False,0.10725073513244526,,2340,4285992
fleet_default,64.0,0.6,quality,218,,False,0.09768420061520638,,2340,4285992
fleet_default,64.0,0.6,quality,219,,False,0.09762022006970279,,2340,4285992
fleet_default,64.0,0.6,quality,220,420.0,True,0.09574584024312517,0.07332372723414088,2340,4285992
fleet_default,64.0,0.6,quality,221,,False,0.1074441131574898,,2340,4285992
fleet_default,64.0,0.6,quality,222,,False,0.1035746926956881,,2340,4285992
fleet_default,64.0,0.6,quality,223,,False,0.0816064432308315,,2340,4285992
fleet_default,64.0,0.6,quality,224,,False,0.123835850711506,,2340,4285992
fleet_default,64.0,0.6,quality,225,,False,0.08352787924993521,,2340,4285992
fleet_default,64.0,0.6,quality,226,,False,0.11144500144762202,,2340,4285992
fleet_default,64.0,0.6,quality,227,,False,0.10335984594993881,,2340,4285992
fleet_default,64.0,0.6,quality,228,,False,0.11575992027830839,,2340,4285992
fleet_default,64.0,0.6,quality,229,,False,0.08896486705493797,,2340,4285992
fleet_default,64.0,0.6,quality,230,,False,0.11467091382273599,,2340,4285992
fleet_default,64.0,0.6,quality,231,,False,0.09712355751256646,,2340,4285992
fleet_default,64.0,0.6,quality,232,400.0,True,0.10508460664719287,0.08860860359915862,2340,4285992
fleet_default,64.0,0.6,quality,233,540.0,True,0.10154649788344274,0.09662772833198977,2340,4285992
fleet_default,64.0,0.6,quality,234,,False,0.08154534277997426,,2340,4285992
fleet_default,64.0,0.6,quality,235,,False,0.13103588842304545,,2340,4285992
fleet_default,64.0,0.6,quality,236,560.0,True,0.09085324872331728,0.08523507583256529,2340,4285992
fleet_default,64.0,0.6,quality,237,,False,0.12421424768722833,,2340,4285992
fleet_default,64.0,0.6,quality,238,,False,0.09865587494732025,,2340,4285992
fleet_default,64.0,0.6,quality,239,400.0,True,0.13105465947301853,0.07206919525616964,2340,4285992
fleet_default,64.0,0.6,quality,240,,False,0.10581713048472767,,2340,4285992
fleet_default,64.0,0.6,quality,241,,False,0.1698023708749669,,2340,4285992
fleet_default,64.0,0.6,quality,242,,False,0.0838609843430142,,2340,4285992
fleet_default,64.0,0.6,quality,243,520.0,True,0.08026906410326913,0.01833248613109711,2340,4285992
fleet_default,64.0,0.6,quality,244,,False,0.14430452532915264,,2340,4285992
fleet_default,64.0,0.6,quality,245,,False,0.17677182257754345,,2340,4285992
fleet_default,64.0,0.6,quality,246,500.0,True,0.14029712374576794,0.0918090431494141,2340,4285992
fleet_default,64.0,0.6,quality,247,600.0,True,0.10022445836339833,0.12382062433104604,2340,4285992
fleet_default,64.0,0.6,quality,248,,False,0.11616930441087345,,2340,4285992
fleet_default,64.0,0.6,quality,249,400.0,True,0.09157171006242894,0.08800004896813286,2340,4285992
fleet_default,64.0,0.6,voi,50,460.0,True,0.11189032717461987,0.10317919135012688,2340,4285992
fleet_default,64.0,0.6,voi,51,480.0,True,0.1085420726004682,0.11289922129813375,2340,4285992
fleet_default,64.0,0.6,voi,52,460.0,True,0.11732805286403351,0.09050426577563356,2340,4285992
fleet_default,64.0,0.6,voi,53,520.0,True,0.11357283485738222,0.07398393739415624,2340,4285992
fleet_default,64.0,0.6,voi,54,,False,0.16297400242158372,,2340,4285992
fleet_default,64.0,0.6,voi,55,600.0,True,0.18555620196678632,0.20400958534863103,2340,4285992
fleet_default,64.0,0.6,voi,56,580.0,True,0.09078518815148469,0.06441938436982117,2340,4285992
fleet_default,64.0,0.6,voi,57,,False,0.15283351560632588,,2340,4285992
fleet_default,64.0,0.6,voi,58,420.0,True,0.093351285476387,0.0632660249319542,2340,4285992
fleet_default,64.0,0.6,voi,59,,False,0.10583779486930918,,2340,4285992
fleet_default,64.0,0.6,voi,60,520.0,True,0.09246514853502986,0.07938558313167146,2340,4285992
fleet_default,64.0,0.6,voi,61,580.0,True,0.12532320177435427,0.1832951866977443,2340,4285992
fleet_default,64.0,0.6,voi,62,,False,0.09769456762214332,,2340,4285992
fleet_default,64.0,0.6,voi,63,,False,0.0845561724913017,,2340,4285992
fleet_default,64.0,0.6,voi,64,,False,0.08969184308921589,,2340,4285992
fleet_default,64.0,0.6,voi,65,,False,0.09930603632950928,,2340,4285992
fleet_default,64.0,0.6,voi,66,,False,0.10793214554483709,,2340,4285992
fleet_default,64.0,0.6,voi,67,,False,0.08243590260679637,,2340,4285992
fleet_default,64.0,0.6,voi,68,560.0,True,0.1014523454363844,0.141924912214382,2340,4285992
fleet_default,64.0,0.6,voi,69,,False,0.1802933215513852,,2340,4285992
fleet_default,64.0,0.6,voi,70,,False,0.13292931615000822,,2340,4285992
fleet_default,64.0,0.6,voi,71,,False,0.12623625929993115,,2340,4285992
fleet_default,64.0,0.6,voi,72,520.0,True,0.09529533847555322,0.07918746315146619,2340,4285992
fleet_default,64.0,0.6,voi,73,580.0,True,0.0797762118036024,0.03289687488800335,2340,4285992
fleet_default,64.0,0.6,voi,74,,False,0.09577882929413908,,2340,4285992
fleet_default,64.0,0.6,voi,75,520.0,True,0.07902475125560923,0.10346180688862923,2340,4285992
fleet_default,64.0,0.6,voi,76,,False,0.11426722464908054,,2340,4285992
fleet_default,64.0,0.6,voi,77,540.0,True,0.08823455202280958,0.05290350546166081,2340,4285992
fleet_default,64.0,0.6,voi,78,,False,0.11528842218022671,,2340,4285992
fleet_default,64.0,0.6,voi,79,480.0,True,0.1619098848191933,0.040853702104657955,2340,4285992
fleet_default,64.0,0.6,voi,80,580.0,True,0.13581420505274203,0.14702319666317212,2340,4285992
fleet_default,64.0,0.6,voi,81,,False,0.08424940111826726,,2340,4285992
fleet_default,64.0,0.6,voi,82,,False,0.09283821906807768,,2340,4285992
fleet_default,64.0,0.6,voi,83,520.0,True,0.13240199379185316,0.1299319361103456,2340,4285992
fleet_default,64.0,0.6,voi,84,,False,0.09685620443448455,,2340,4285992
fleet_default,64.0,0.6,voi,85,580.0,True,0.12523119453199813,0.05484277481922681,2340,4285992
fleet_default,64.0,0.6,voi,86,520.0,True,0.11737173525715011,0.226485410410266,2340,4285992
fleet_default,64.0,0.6,voi,87,600.0,True,0.11503138607323832,0.19615574054814225,2340,4285992
fleet_default,64.0,0.6,voi,88,480.0,True,0.09974283302203353,0.0607610424360064,2340,4285992
fleet_default,64.0,0.6,voi,89,,False,0.08848568629209447,,2340,4285992
fleet_default,64.0,0.6,voi,90,,False,0.111486906045333,,2340,4285992
fleet_default,64.0,0.6,voi,91,,False,0.08242777278816477,,2340,4285992
fleet_default,64.0,0.6,voi,92,,False,0.092782707317377,,2340,4285992
fleet_default,64.0,0.6,voi,93,540.0,True,0.12928418929013064,0.10093599165053684,2340,4285992
fleet_default,64.0,0.6,voi,94,,False,0.08369136415778097,,2340,4285992
fleet_default,64.0,0.6,voi,95,,False,0.09211139386934089,,2340,4285992
fleet_default,64.0,0.6,voi,96,,False,0.08237482776548831,,2340,4285992
fleet_default,64.0,0.6,voi,97,520.0,True,0.08572251513586779,0.06649644316966595,2340,4285992
fleet_default,64.0,0.6,voi,98,520.0,True,0.12123169722303488,0.20794843166194849,2340,4285992
fleet_default,64.0,0.6,voi,99,,False,0.12362120765907968,,2340,4285992
fleet_default,64.0,0.6,voi,100,,False,0.10094754724713141,,2340,4285992
fleet_default,64.0,0.6,voi,101,,False,0.12019750805221825,,2340,4285992
fleet_default,64.0,0.6,voi,102,460.0,True,0.1344424454734528,0.10229670165157677,2340,4285992
fleet_default,64.0,0.6,voi,103,580.0,True,0.1003349254326286,0.08726669888487397,2340,4285992
fleet_default,64.0,0.6,voi,104,,False,0.09122127835022499,,2340,4285992
fleet_default,64.0,0.6,voi,105,,False,0.13978080001136298,,2340,4285992
fleet_default,64.0,0.6,voi,106,,False,0.08353517737449195,,2340,4285992
fleet_default,64.0,0.6,voi,107,400.0,True,0.10327730540683343,0.05981648460898105,2340,4285992
fleet_default,64.0,0.6,voi,108,,False,0.1330646888201366,,2340,4285992
fleet_default,64.0,0.6,voi,109,,False,0.09403764904054933,,2340,4285992
fleet_default,64.0,0.6,voi,110,,False,0.10334981767980068,,2340,4285992
fleet_default,64.0,0.6,voi,111,,False,0.10140157060469314,,2340,4285992
fleet_default,64.0,0.6,voi,112,,False,0.10261511619344532,,2340,4285992
fleet_default,64.0,0.6,voi,113,580.0,True,0.10068919445696202,0.10041676249845363,2340,4285992
fleet_default,64.0,0.6,voi,114,,False,0.11009719118733859,,2340,4285992
fleet_default,64.0,0.6,voi,115,600.0,True,0.15496675439968768,0.20183416093258624,2340,4285992
fleet_default,64.0,0.6,voi,116,,False,0.0928835880167666,,2340,4285992
fleet_default,64.0,0.6,voi,117,560.0,True,0.09905290800956972,0.13483707956091334,2340,4285992
fleet_default,64.0,0.6,voi,118,,False,0.11565540782913786,,2340,4285992
fleet_default,64.0,0.6,voi,119,520.0,True,0.10677539815144313,0.1645197975105906,2340,4285992
fleet_default,64.0,0.6,voi,120,,False,0.10831664294247507,,2340,4285992
fleet_default,64.0,0.6,voi,121,,False,0.11196355996802806,,2340,4285992
fleet_default,64.0,0.6,voi,122,,False,0.11329118265351709,,2340,4285992
fleet_default,64.0,0.6,voi,123,460.0,True,0.10642104223699789,0.2611164772778782,2340,4285992
fleet_default,64.0,0.6,voi,124,460.0,True,0.09216811442050879,0.061336131088809726,2340,4285992
fleet_default,64.0,0.6,voi,125,,False,0.08853566271211277,,2340,4285992
fleet_default,64.0,0.6,voi,126,,False,0.10509070638032157,,2340,4285992
fleet_default,64.0,0.6,voi,127,,False,0.14500468194304156,,2340,4285992
fleet_default,64.0,0.6,voi,128,480.0,True,0.12594795896644867,0.09404361612905526,2340,4285992
fleet_default,64.0,0.6,voi,129,460.0,True,0.09490779104279756,0.07842753714092553,2340,4285992
fleet_default,64.0,0.6,voi,130,,False,0.10548098781611305,,2340,4285992
fleet_default,64.0,0.6,voi,131,,False,0.11595280595548771,,2340,4285992
fleet_default,64.0,0.6,voi,132,480.0,True,0.10529850620305872,0.1348127937199806,2340,4285992
fleet_default,64.0,0.6,voi,133,,False,0.11037476708055342,,2340,4285992
fleet_default,64.0,0.6,voi,134,580.0,True,0.15322386714217173,0.11287598864415065,2340,4285992
fleet_default,64.0,0.6,voi,135,460.0,True,0.08995804295395789,0.07342543644299768,2340,4285992
fleet_default,64.0,0.6,voi,136,420.0,True,0.1280921892114414,0.18244380816689457,2340,4285992
fleet_default,64.0,0.6,voi,137,540.0,True,0.09747090771291007,0.16868125563032818,2340,4285992
fleet_default,64.0,0.6,voi,138,,False,0.10489843720193899,,2340,4285992
fleet_default,64.0,0.6,voi,139,480.0,True,0.10316524068746823,0.06597228802120901,2340,4285992
fleet_default,64.0,0.6,voi,140,,False,0.1645429839959549,,2340,4285992
fleet_default,64.0,0.6,voi,141,,False,0.16149394399719627,,2340,4285992
fleet_default,64.0,0.6,voi,142,460.0,True,0.08476550017487433,0.07615247216446906,2340,4285992
fleet_default,64.0,0.6,voi,143,,False,0.1017886501632692,,2340,4285992
fleet_default,64.0,0.6,voi,144,,False,0.11332815245806961,,2340,4285992
fleet_default,64.0,0.6,voi,145,,False,0.10257885942731756,,2340,4285992
fleet_default,64.0,0.6,voi,146,,False,0.18632152635070684,,2340,4285992
fleet_default,64.0,0.6,voi,147,,False,0.11147889575220428,,2340,4285992
fleet_default,64.0,0.6,voi,148,,False,0.17212616228404568,,2340,4285992
fleet_default,64.0,0.6,voi,149,,False,0.09959785498078265,,2340,4285992
fleet_default,64.0,0.6,voi,150,480.0,True,0.1315956951396993,0.2451624478205328,2340,4285992
fleet_default,64.0,0.6,voi,151,,False,0.16444390014558483,,2340,4285992
fleet_default,64.0,0.6,voi,152,,False,0.1348555267966652,,2340,4285992
fleet_default,64.0,0.6,voi,153,,False,0.10408968970045651,,2340,4285992
fleet_default,64.0,0.6,voi,154,,False,0.09474494376214898,,2340,4285992
fleet_default,64.0,0.6,voi,155,,False,0.0984439916178352,,2340,4285992
fleet_default,64.0,0.6,voi,156,,False,0.10866545616036591,,2340,4285992
fleet_default,64.0,0.6,voi,157,,False,0.08676805576560544,,2340,4285992
fleet_default,64.0,0.6,voi,158,480.0,True,0.12463473686058342,0.25298313225927427,2340,4285992
fleet_default,64.0,0.6,voi,159,520.0,True,0.11603415725482646,0.15555258384376633,2340,4285992
fleet_default,64.0,0.6,voi,160,540.0,True,0.09508757966072613,0.13253568391574455,2340,4285992
fleet_default,64.0,0.6,voi,161,,False,0.1154892793959513,,2340,4285992
fleet_default,64.0,0.6,voi,162,,False,0.11108489355988113,,2340,4285992
fleet_default,64.0,0.6,voi,163,,False,0.11410520196688073,,2340,4285992
fleet_default,64.0,0.6,voi,164,400.0,True,0.10495866011091755,0.08340312445737837,2340,4285992
fleet_default,64.0,0.6,voi,165,460.0,True,0.08615898150586579,0.11427792197898128,2340,4285992
fleet_default,64.0,0.6,voi,166,540.0,True,0.08379644648975795,0.0703881879468413,2340,4285992
fleet_default,64.0,0.6,voi,167,,False,0.08982390016869272,,2340,4285992
fleet_default,64.0,0.6,voi,168,520.0,True,0.09948884533656054,0.08314352453595497,2340,4285992
fleet_default,64.0,0.6,voi,169,,False,0.09537914237936843,,2340,4285992
fleet_default,64.0,0.6,voi,170,,False,0.09770173936343501,,2340,4285992
fleet_default,64.0,0.6,voi,171,,False,0.10686181143700339,,2340,4285992
fleet_default,64.0,0.6,voi,172,,False,0.10262837651860025,,2340,4285992
fleet_default,64.0,0.6,voi,173,,False,0.09988330916278383,,2340,4285992
fleet_default,64.0,0.6,voi,174,,False,0.11664137293822584,,2340,4285992
fleet_default,64.0,0.6,voi,175,500.0,True,0.0977659964231713,0.11499178904321367,2340,4285992
fleet_default,64.0,0.6,voi,176,,False,0.09530208352767512,,2340,4285992
fleet_default,64.0,0.6,voi,177,,False,0.2068156492994702,,2340,4285992
fleet_default,64.0,0.6,voi,178,540.0,True,0.12194409160878295,0.13407406412529832,2340,4285992
fleet_default,64.0,0.6,voi,179,480.0,True,0.08918769601301006,0.04887350931589567,2340,4285992
fleet_default,64.0,0.6,voi,180,,False,0.09220774894099876,,2340,4285992
fleet_default,64.0,0.6,voi,181,,False,0.09202638173805988,,2340,4285992
fleet_default,64.0,0.6,voi,182,,False,0.1080172352078032,,2340,4285992
fleet_default,64.0,0.6,voi,183,,False,0.12144155151548615,,2340,4285992
fleet_default,64.0,0.6,voi,184,,False,0.09914333649444981,,2340,4285992
fleet_default,64.0,0.6,voi,185,520.0,True,0.1285681466186166,0.047476030834842746,2340,4285992
fleet_default,64.0,0.6,voi,186,,False,0.10044818369283068,,2340,4285992
fleet_default,64.0,0.6,voi,187,,False,0.1068997228368768,,2340,4285992
fleet_default,64.0,0.6,voi,188,460.0,True,0.10047378856573166,0.11020048211931206,2340,4285992
fleet_default,64.0,0.6,voi,189,,False,0.08485673861155396,,2340,4285992
fleet_default,64.0,0.6,voi,190,,False,0.14736227024670484,,2340,4285992
fleet_default,64.0,0.6,voi,191,,False,0.112862431442714,,2340,4285992
fleet_default,64.0,0.6,voi,192,460.0,True,0.11941565289686437,0.0734183077832313,2340,4285992
fleet_default,64.0,0.6,voi,193,580.0,True,0.09304082466622149,0.10516034842505456,2340,4285992
fleet_default,64.0,0.6,voi,194,,False,0.10792228852419719,,2340,4285992
fleet_default,64.0,0.6,voi,195,,False,0.12977921197160433,,2340,4285992
fleet_default,64.0,0.6,voi,196,,False,0.11613757556250787,,2340,4285992
fleet_default,64.0,0.6,voi,197,,False,0.09422100264817426,,2340,4285992
fleet_default,64.0,0.6,voi,198,,False,0.0903147812496498,,2340,4285992
fleet_default,64.0,0.6,voi,199,,False,0.08652886513226254,,2340,4285992
fleet_default,64.0,0.6,voi,200,520.0,True,0.1544247613394584,0.21697159071042033,2340,4285992
fleet_default,64.0,0.6,voi,201,580.0,True,0.1044335001858496,0.06019832631519258,2340,4285992
fleet_default,64.0,0.6,voi,202,440.0,True,0.08511284876609548,0.1635107399692849,2340,4285992
fleet_default,64.0,0.6,voi,203,,False,0.09366987438603118,,2340,4285992
fleet_default,64.0,0.6,voi,204,480.0,True,0.08256552368315792,0.06411067946509508,2340,4285992
fleet_default,64.0,0.6,voi,205,,False,0.10236110388671152,,2340,4285992
fleet_default,64.0,0.6,voi,206,,False,0.09271037349638964,,2340,4285992
fleet_default,64.0,0.6,voi,207,,False,0.08585236626118639,,2340,4285992
fleet_default,64.0,0.6,voi,208,,False,0.1173016870357183,,2340,4285992
fleet_default,64.0,0.6,voi,209,600.0,True,0.12921446925851698,0.0764693535552328,2340,4285992
fleet_default,64.0,0.6,voi,210,580.0,True,0.11483316332602109,0.17072250269778216,2340,4285992
fleet_default,64.0,0.6,voi,211,500.0,True,0.0935102654721645,0.12975878966203228,2340,4285992
fleet_default,64.0,0.6,voi,212,460.0,True,0.11505659433240696,0.12679839167268386,2340,4285992
fleet_default,64.0,0.6,voi,213,400.0,True,0.17235589579946448,0.22546327215746081,2340,4285992
fleet_default,64.0,0.6,voi,214,520.0,True,0.11916180826296367,0.23445162624077692,2340,4285992
fleet_default,64.0,0.6,voi,215,600.0,True,0.08678250862664724,0.09106719156372609,2340,4285992
fleet_default,64.0,0.6,voi,216,460.0,True,0.10668103184019027,0.15606266216954723,2340,4285992
fleet_default,64.0,0.6,voi,217,,False,0.10725073513244526,,2340,4285992
fleet_default,64.0,0.6,voi,218,,False,0.09470136887131748,,2340,4285992
fleet_default,64.0,0.6,voi,219,,False,0.09683911477706467,,2340,4285992
fleet_default,64.0,0.6,voi,220,520.0,True,0.10025582509964372,0.052563178907681724,2340,4285992
fleet_default,64.0,0.6,voi,221,540.0,True,0.12277451452299963,0.18884346626084197,2340,4285992
fleet_default,64.0,0.6,voi,222,,False,0.1035746926956878,,2340,4285992
fleet_default,64.0,0.6,voi,223,,False,0.08554657957320105,,2340,4285992
fleet_default,64.0,0.6,voi,224,,False,0.1075598631188414,,2340,4285992
fleet_default,64.0,0.6,voi,225,600.0,True,0.07898374448372102,0.04490959023397744,2340,4285992
fleet_default,64.0,0.6,voi,226,580.0,True,0.12084177616118087,0.17150101482033095,2340,4285992
fleet_default,64.0,0.6,voi,227,,False,0.10335984594993881,,2340,4285992
fleet_default,64.0,0.6,voi,228,,False,0.1214033248300745,,2340,4285992
fleet_default,64.0,0.6,voi,229,460.0,True,0.07682273813873863,0.03170240353836255,2340,4285992
fleet_default,64.0,0.6,voi,230,,False,0.12258562148956409,,2340,4285992
fleet_default,64.0,0.6,voi,231,,False,0.10492278075581352,,2340,4285992
fleet_default,64.0,0.6,voi,232,400.0,True,0.10899878341861459,0.08075066766940356,2340,4285992
fleet_default,64.0,0.6,voi,233,540.0,True,0.09699256964315454,0.08514020517743356,2340,4285992
fleet_default,64.0,0.6,voi,234,,False,0.0808418272560069,,2340,4285992
fleet_default,64.0,0.6,voi,235,600.0,True,0.13618021348073533,0.13032128552416497,2340,4285992
fleet_default,64.0,0.6,voi,236,540.0,True,0.0870103658507545,0.1000261601248709,2340,4285992
fleet_default,64.0,0.6,voi,237,,False,0.16556433526702574,,2340,4285992
fleet_default,64.0,0.6,voi,238,600.0,True,0.09315767511026299,0.04011231118603212,2340,4285992
fleet_default,64.0,0.6,voi,239,420.0,True,0.10708173685743563,0.11372544106587598,2340,4285992
fleet_default,64.0,0.6,voi,240,,False,0.09168698971454799,,2340,4285992
fleet_default,64.0,0.6,voi,241,,False,0.1682339809869975,,2340,4285992
fleet_default,64.0,0.6,voi,242,500.0,True,0.08152905291746118,0.08293690919101007,2340,4285992
fleet_default,64.0,0.6,voi,243,460.0,True,0.10841407735048575,0.06952527901970748,2340,4285992
fleet_default,64.0,0.6,voi,244,,False,0.15348406629576852,,2340,4285992
fleet_default,64.0,0.6,voi,245,600.0,True,0.13361788570589817,0.16174514867654355,2340,4285992
fleet_default,64.0,0.6,voi,246,520.0,True,0.09704996234436465,0.0980741336929811,2340,4285992
fleet_default,64.0,0.6,voi,247,580.0,True,0.15075312099520025,0.15916678378207463,2340,4285992
fleet_default,64.0,0.6,voi,248,,False,0.13417454069875695,,2340,4285992
fleet_default,64.0,0.6,voi,249,400.0,True,0.1050174962611406,0.17394507983416954,2340,4285992
