tier,seed,duration_s,team_ate_avatar_m,team_ate_oracle_m,team_ate_oracle_robust_m,team_connected_s,n_connected,n_slam,alignments,wrong_alignments,frame_err_max_m,g1_pass,detections,wall_s,ate_solo_ugv_0_m,ate_fused_ugv_0_m,ate_team_ugv_0_m,ate_solo_uav_0_m,ate_fused_uav_0_m,ate_team_uav_0_m,ate_solo_uuv_0_m,ate_fused_uuv_0_m,ate_team_uuv_0_m,ate_solo_uuv_1_m,ate_fused_uuv_1_m,ate_team_uuv_1_m,commit,fe_ugv_0,fe_uav_0,fe_uuv_0,fe_uuv_1
T1,0,600.0,0.048209530723211505,0.04055875083089496,0.04104454190184263,280.0,4,4,10,0,0.19790530828861963,True,34584,755.793660691008,0.021500112486902374,0.02148618791956794,0.02302892407060381,0.023864553589743657,0.023862892027707173,0.02675050563968267,0.033617778065439384,0.03352527083254979,0.03777851414147126,0.07759803149207085,0.07558887489049998,0.08138487810179125,4285992,,,,
T2,0,600.0,0.17257052818538549,0.15367766958612872,0.15392465556470675,280.0,4,4,8,0,0.3357945080066195,True,17142,450.2676206820179,0.16789114167757177,0.1680335890321154,0.2351729762763938,0.09256902462990635,0.09251116454307129,0.11271378304591999,0.12203162358347827,0.12107028546992482,0.1265680274991018,0.1501569379522433,0.1653762882589114,0.18732900882804654,4285992,"{""ambiguous_registrations"": 0, ""clusters"": 4825, ""dropped_ambiguous"": 0, ""matched"": 4641, ""registrations"": 0, ""spurious"": 184, ""tracks"": 0, ""wrong_track"": 0}","{""ambiguous_registrations"": 0, ""clusters"": 7922, ""dropped_ambiguous"": 0, ""matched"": 7681, ""registrations"": 0, ""spurious"": 241, ""tracks"": 0, ""wrong_track"": 0}","{""ambiguous_registrations"": 0, ""clusters"": 2963, ""dropped_ambiguous"": 0, ""matched"": 2720, ""registrations"": 0, ""spurious"": 243, ""tracks"": 0, ""wrong_track"": 0}","{""ambiguous_registrations"": 0, ""clusters"": 1432, ""dropped_ambiguous"": 0, ""matched"": 1230, ""registrations"": 0, ""spurious"": 202, ""tracks"": 0, ""wrong_track"": 0}"
T2nn,0,600.0,1.2401975888656918,0.1655191665330635,0.16713198278567165,300.0,4,4,8,0,0.4254614131917069,True,10572,455.8053610220086,0.17849265405201284,0.17863240862653199,0.43924929896206466,0.10920020992360105,0.10808244817559573,0.36527363134340446,1.747591100914963,1.7706259888995077,1.8544765755749513,1.828431167976856,1.4178887591754863,1.5449634610447724,4285992,"{""ambiguous_registrations"": 0, ""clusters"": 4797, ""dropped_ambiguous"": 1585, ""matched"": 4613, ""registrations"": 0, ""spurious"": 184, ""tracks"": 107, ""wrong_track"": 12}","{""ambiguous_registrations"": 0, ""clusters"": 7900, ""dropped_ambiguous"": 4575, ""matched"": 7636, ""registrations"": 0, ""spurious"": 264, ""tracks"": 144, ""wrong_track"": 73}","{""ambiguous_registrations"": 0, ""clusters"": 2950, ""dropped_ambiguous"": 295, ""matched"": 2714, ""registrations"": 0, ""spurious"": 236, ""tracks"": 104, ""wrong_track"": 63}","{""ambiguous_registrations"": 0, ""clusters"": 1430, ""dropped_ambiguous"": 50, ""matched"": 1229, ""registrations"": 0, ""spurious"": 201, ""tracks"": 104, ""wrong_track"": 14}"
T2ekf,0,600.0,0.19112705837518204,0.15193767081293671,0.15428278002128273,280.0,4,4,8,0,0.5501743720172136,True,16647,485.30009870100184,0.16710330479100763,0.166893465944522,0.2553812633427062,0.0919678859279997,0.09183746245221407,0.10958618024960315,0.12164215840011919,0.12038745197922143,0.1298518873458954,0.1849958429913348,0.18627716010142129,0.22809641943067557,4285992,"{""ambiguous_registrations"": 0, ""clusters"": 4825, ""dropped_ambiguous"": 18, ""landmarks_bad"": 0, ""landmarks_confirmed"": 44, ""matched"": 4641, ""registrations"": 4553, ""spurious"": 184, ""tracks"": 68, ""unreleased"": 40, ""wrong_track"": 8}","{""ambiguous_registrations"": 0, ""clusters"": 7922, ""dropped_ambiguous"": 31, ""landmarks_bad"": 0, ""landmarks_confirmed"": 36, ""matched"": 7681, ""registrations"": 7551, ""spurious"": 241, ""tracks"": 75, ""unreleased"": 39, ""wrong_track"": 2}","{""ambiguous_registrations"": 0, ""clusters"": 2962, ""dropped_ambiguous"": 135, ""landmarks_bad"": 30, ""landmarks_confirmed"": 25, ""matched"": 2722, ""registrations"": 2677, ""spurious"": 240, ""tracks"": 29, ""unreleased"": 78, ""wrong_track"": 0}","{""ambiguous_registrations"": 0, ""clusters"": 1433, ""dropped_ambiguous"": 75, ""landmarks_bad"": 34, ""landmarks_confirmed"": 27, ""matched"": 1231, ""registrations"": 1190, ""spurious"": 202, ""tracks"": 39, ""unreleased"": 79, ""wrong_track"": 0}"
T1,1,600.0,0.054089283030107044,0.04072952547654827,0.04071340552250797,340.0,4,4,10,0,0.12966227447087747,True,33944,553.8556390150043,0.02130632507492795,0.02131185940344946,0.027566591134125063,0.023441181674715445,0.023439821957866886,0.03826502385378363,0.04287066032170799,0.04256891385800416,0.046272866042763296,0.07703906310104551,0.07621991628567804,0.08565801203475326,4285992,,,,
T2,1,600.0,0.24913479479812184,0.192583007307061,0.17154915960821707,400.0,4,4,9,0,0.3656527310547914,True,16732,432.3593438240059,0.19392729875286274,0.19440643332727203,0.3022492372369937,0.08965962700859675,0.08968682101588772,0.10707917027056867,0.11922544866130015,0.11725373580330066,0.12656117860221075,0.17370068330534186,0.16826895901687033,0.3597697901034083,4285992,"{""ambiguous_registrations"": 0, ""clusters"": 4577, ""dropped_ambiguous"": 0, ""matched"": 4498, ""registrations"": 0, ""spurious"": 79, ""tracks"": 0, ""wrong_track"": 0}","{""ambiguous_registrations"": 0, ""clusters"": 7844, ""dropped_ambiguous"": 0, ""matched"": 7601, ""registrations"": 0, ""spurious"": 243, ""tracks"": 0, ""wrong_track"": 0}","{""ambiguous_registrations"": 0, ""clusters"": 2822, ""dropped_ambiguous"": 0, ""matched"": 2638, ""registrations"": 0, ""spurious"": 184, ""tracks"": 0, ""wrong_track"": 0}","{""ambiguous_registrations"": 0, ""clusters"": 1489, ""dropped_ambiguous"": 0, ""matched"": 1281, ""registrations"": 0, ""spurious"": 208, ""tracks"": 0, ""wrong_track"": 0}"
T2nn,1,600.0,1.1519355925917427,0.1954323983963711,0.17739313130975928,340.0,4,4,10,1,0.5301861926800716,True,9382,379.8263979470066,0.21048270794451338,0.20870007027681667,0.31681086399806246,1.563449311019816,1.56018477881639,1.9181419760129377,0.12143583228807882,0.11494781572112668,0.18427865243517227,1.1637898899883434,1.1418502923390088,1.2223853944175784,4285992,"{""ambiguous_registrations"": 0, ""clusters"": 4639, ""dropped_ambiguous"": 1599, ""matched"": 4556, ""registrations"": 0, ""spurious"": 83, ""tracks"": 103, ""wrong_track"": 32}","{""ambiguous_registrations"": 0, ""clusters"": 7899, ""dropped_ambiguous"": 5278, ""matched"": 7667, ""registrations"": 0, ""spurious"": 232, ""tracks"": 155, ""wrong_track"": 139}","{""ambiguous_registrations"": 0, ""clusters"": 2817, ""dropped_ambiguous"": 553, ""matched"": 2641, ""registrations"": 0, ""spurious"": 176, ""tracks"": 92, ""wrong_track"": 76}","{""ambiguous_registrations"": 0, ""clusters"": 1491, ""dropped_ambiguous"": 34, ""matched"": 1282, ""registrations"": 0, ""spurious"": 209, ""tracks"": 97, ""wrong_track"": 12}"
T2ekf,1,600.0,0.2403032457232503,0.1939638752462867,0.17593394957113773,400.0,4,4,9,0,0.3651210862006339,True,16077,460.5825398390007,0.16725928443464483,0.16760009001872347,0.27680765865318524,0.08917669026415938,0.08918188430181956,0.10582982538854672,0.11739223932139148,0.11554983276654669,0.12023054068259419,0.17396862009051706,0.17522232337837154,0.35875449108946045,4285992,"{""ambiguous_registrations"": 0, ""clusters"": 4577, ""dropped_ambiguous"": 226, ""landmarks_bad"": 0, ""landmarks_confirmed"": 38, ""matched"": 4498, ""registrations"": 4104, ""spurious"": 79, ""tracks"": 56, ""unreleased"": 27, ""wrong_track"": 27}","{""ambiguous_registrations"": 0, ""clusters"": 7844, ""dropped_ambiguous"": 49, ""landmarks_bad"": 0, ""landmarks_confirmed"": 35, ""matched"": 7601, ""registrations"": 7478, ""spurious"": 243, ""tracks"": 73, ""unreleased"": 32, ""wrong_track"": 6}","{""ambiguous_registrations"": 0, ""clusters"": 2822, ""dropped_ambiguous"": 81, ""landmarks_bad"": 17, ""landmarks_confirmed"": 23, ""matched"": 2638, ""registrations"": 2627, ""spurious"": 184, ""tracks"": 27, ""unreleased"": 50, ""wrong_track"": 0}","{""ambiguous_registrations"": 0, ""clusters"": 1488, ""dropped_ambiguous"": 83, ""landmarks_bad"": 43, ""landmarks_confirmed"": 27, ""matched"": 1280, ""registrations"": 1227, ""spurious"": 208, ""tracks"": 33, ""unreleased"": 106, ""wrong_track"": 2}"
T1,2,600.0,0.05289984282495468,0.040942490552553064,0.040530149411458834,280.0,4,4,10,0,0.21126626560222778,True,33445,662.950385247008,0.021919808880957233,0.02187373865196628,0.02570271660661043,0.024576405154305564,0.02457799518888731,0.03713777926066905,0.039098415706789506,0.03781101101051552,0.048871575246356276,0.10629130120976985,0.055531841999532955,0.0822514335874182,4285992,,,,
T2,2,600.0,0.18949420766973857,0.14829029399847957,0.14121750267052077,280.0,4,4,9,0,0.4226048906579356,True,16558,451.36494115999085,0.14221627871804507,0.14238001138026124,0.2142065116354485,0.09752924439438865,0.09753775841297867,0.10875991249067792,0.10988351365593486,0.10817592885462352,0.12170114345539565,0.1565839406029223,0.14835438792750025,0.2666606503614094,4285992,"{""ambiguous_registrations"": 0, ""clusters"": 4891, ""dropped_ambiguous"": 0, ""matched"": 4732, ""registrations"": 0, ""spurious"": 159, ""tracks"": 0, ""wrong_track"": 0}","{""ambiguous_registrations"": 0, ""clusters"": 7471, ""dropped_ambiguous"": 0, ""matched"": 7175, ""registrations"": 0, ""spurious"": 296, ""tracks"": 0, ""wrong_track"": 0}","{""ambiguous_registrations"": 0, ""clusters"": 2761, ""dropped_ambiguous"": 0, ""matched"": 2647, ""registrations"": 0, ""spurious"": 114, ""tracks"": 0, ""wrong_track"": 0}","{""ambiguous_registrations"": 0, ""clusters"": 1435, ""dropped_ambiguous"": 0, ""matched"": 1233, ""registrations"": 0, ""spurious"": 202, ""tracks"": 0, ""wrong_track"": 0}"
T2nn,2,600.0,2.6759780875342742,0.15496233167658402,0.14034960833881036,280.0,4,4,8,0,0.5480778794399105,True,9855,457.59918740499415,0.17377157730266587,0.16622097757741577,1.1339333675440288,3.212325290697953,3.228112390591714,3.832749643769499,2.3436075137217856,2.3418191922290377,2.578427605589991,5.454233568869527,1.9177655633058235,2.4534407000661074,4285992,"{""ambiguous_registrations"": 0, ""clusters"": 4869, ""dropped_ambiguous"": 2202, ""matched"": 4711, ""registrations"": 0, ""spurious"": 158, ""tracks"": 176, ""wrong_track"": 55}","{""ambiguous_registrations"": 0, ""clusters"": 7516, ""dropped_ambiguous"": 4146, ""matched"": 7220, ""registrations"": 0, ""spurious"": 296, ""tracks"": 184, ""wrong_track"": 484}","{""ambiguous_registrations"": 0, ""clusters"": 2759, ""dropped_ambiguous"": 280, ""matched"": 2647, ""registrations"": 0, ""spurious"": 112, ""tracks"": 92, ""wrong_track"": 59}","{""ambiguous_registrations"": 0, ""clusters"": 1435, ""dropped_ambiguous"": 96, ""matched"": 1233, ""registrations"": 0, ""spurious"": 202, ""tracks"": 100, ""wrong_track"": 51}"
T2ekf,2,600.0,0.1724510966652445,0.14865602256747978,0.14073916770408726,280.0,4,4,9,0,0.1900666045307185,True,16135,513.7235957929806,0.14082648530923011,0.14079588298401852,0.20367031382079526,0.09800713902943126,0.09798810674613474,0.10373328697511908,0.11059674710003974,0.11010566872102369,0.125065647006057,0.17383017122610317,0.15874520712698362,0.2259953878835024,4285992,"{""ambiguous_registrations"": 0, ""clusters"": 4900, ""dropped_ambiguous"": 92, ""landmarks_bad"": 0, ""landmarks_confirmed"": 45, ""matched"": 4742, ""registrations"": 4519, ""spurious"": 158, ""tracks"": 69, ""unreleased"": 57, ""wrong_track"": 32}","{""ambiguous_registrations"": 0, ""clusters"": 7492, ""dropped_ambiguous"": 87, ""landmarks_bad"": 0, ""landmarks_confirmed"": 33, ""matched"": 7196, ""registrations"": 7123, ""spurious"": 296, ""tracks"": 64, ""unreleased"": 28, ""wrong_track"": 0}","{""ambiguous_registrations"": 0, ""clusters"": 2759, ""dropped_ambiguous"": 18, ""landmarks_bad"": 9, ""landmarks_confirmed"": 24, ""matched"": 2646, ""registrations"": 2623, ""spurious"": 113, ""tracks"": 31, ""unreleased"": 34, ""wrong_track"": 0}","{""ambiguous_registrations"": 0, ""clusters"": 1435, ""dropped_ambiguous"": 55, ""landmarks_bad"": 35, ""landmarks_confirmed"": 27, ""matched"": 1234, ""registrations"": 1179, ""spurious"": 201, ""tracks"": 46, ""unreleased"": 80, ""wrong_track"": 0}"
T1,3,600.0,0.053016644568427175,0.044243911803585084,0.043919973945236564,220.0,4,4,10,0,0.1338730286669752,True,33971,572.8616954140016,0.021763323484298023,0.021687918344409658,0.026387636377169215,0.023942197709499718,0.02394210295656898,0.03717809383343366,0.03783481902012342,0.038064361159322206,0.04670357583434144,0.09999054988405351,0.0686573015624815,0.08356623956362026,4285992,,,,
T2,3,600.0,0.2030097504522493,0.16478872315309215,0.17074498115730283,280.0,4,4,10,0,0.45829981161225025,True,16916,463.53442402899964,0.20408205394488296,0.20337673289918543,0.25348957052778737,0.08998044865833284,0.08994762553018006,0.10936993296330669,0.09888646768641092,0.09801263358469989,0.10304015892092255,0.1685353911541867,0.16647480702952686,0.2793131149114357,4285992,"{""ambiguous_registrations"": 0, ""clusters"": 4702, ""dropped_ambiguous"": 0, ""matched"": 4527, ""registrations"": 0, ""spurious"": 175, ""tracks"": 0, ""wrong_track"": 0}","{""ambiguous_registrations"": 0, ""clusters"": 8024, ""dropped_ambiguous"": 0, ""matched"": 7537, ""registrations"": 0, ""spurious"": 487, ""tracks"": 0, ""wrong_track"": 0}","{""ambiguous_registrations"": 0, ""clusters"": 2817, ""dropped_ambiguous"": 0, ""matched"": 2519, ""registrations"": 0, ""spurious"": 298, ""tracks"": 0, ""wrong_track"": 0}","{""ambiguous_registrations"": 0, ""clusters"": 1373, ""dropped_ambiguous"": 0, ""matched"": 1199, ""registrations"": 0, ""spurious"": 174, ""tracks"": 0, ""wrong_track"": 0}"
T2nn,3,600.0,6.0264883580580895,0.17148789135160564,0.1628477823352722,460.0,4,4,8,2,0.21075115441553782,True,9827,500.8565060010005,0.2693335903030555,0.2686902630962321,2.117613764540362,3.0124710335293976,2.9969323466494675,4.779494373155648,4.532445081915544,4.541924751463496,5.555879536316581,7.749381231930456,7.799443941217636,9.33159127793219,4285992,"{""ambiguous_registrations"": 0, ""clusters"": 4694, ""dropped_ambiguous"": 2270, ""matched"": 4518, ""registrations"": 0, ""spurious"": 176, ""tracks"": 129, ""wrong_track"": 26}","{""ambiguous_registrations"": 0, ""clusters"": 7953, ""dropped_ambiguous"": 4273, ""matched"": 7468, ""registrations"": 0, ""spurious"": 485, ""tracks"": 190, ""wrong_track"": 455}","{""ambiguous_registrations"": 0, ""clusters"": 2807, ""dropped_ambiguous"": 446, ""matched"": 2517, ""registrations"": 0, ""spurious"": 290, ""tracks"": 131, ""wrong_track"": 81}","{""ambiguous_registrations"": 0, ""clusters"": 1374, ""dropped_ambiguous"": 12, ""matched"": 1199, ""registrations"": 0, ""spurious"": 175, ""tracks"": 108, ""wrong_track"": 21}"
T2ekf,3,600.0,0.21796018010769902,0.16356818201796128,0.17306278675910178,340.0,4,4,9,0,0.49680229729953845,True,16043,450.4065135069832,0.2024226448511867,0.2026259427733891,0.2642416507263195,0.09124084676081207,0.09121014097271726,0.11959492929327702,0.0989877221863705,0.09810086739307386,0.10358951782335386,0.17021525534238877,0.16461425695405707,0.30849501642038446,4285992,"{""ambiguous_registrations"": 0, ""clusters"": 4702, ""dropped_ambiguous"": 245, ""landmarks_bad"": 1, ""landmarks_confirmed"": 40, ""matched"": 4527, ""registrations"": 4151, ""spurious"": 175, ""tracks"": 75, ""unreleased"": 32, ""wrong_track"": 18}","{""ambiguous_registrations"": 0, ""clusters"": 8024, ""dropped_ambiguous"": 188, ""landmarks_bad"": 2, ""landmarks_confirmed"": 36, ""matched"": 7537, ""registrations"": 7446, ""spurious"": 487, ""tracks"": 77, ""unreleased"": 36, ""wrong_track"": 5}","{""ambiguous_registrations"": 0, ""clusters"": 2817, ""dropped_ambiguous"": 134, ""landmarks_bad"": 30, ""landmarks_confirmed"": 24, ""matched"": 2519, ""registrations"": 2518, ""spurious"": 298, ""tracks"": 34, ""unreleased"": 79, ""wrong_track"": 0}","{""ambiguous_registrations"": 0, ""clusters"": 1372, ""dropped_ambiguous"": 60, ""landmarks_bad"": 41, ""landmarks_confirmed"": 27, ""matched"": 1198, ""registrations"": 1139, ""spurious"": 174, ""tracks"": 34, ""unreleased"": 98, ""wrong_track"": 0}"
T1,4,600.0,0.07826066699236553,0.0451766805953723,0.04520646012365863,300.0,4,4,10,0,0.26058284146678934,True,33405,626.8151172070066,0.0207828498427248,0.020794218454248486,0.04844816781525453,0.024655064233527927,0.02465459821925786,0.059835589111412776,0.03639392168004702,0.036747114186273105,0.05024145894704694,0.10649685551624845,0.08010785714729243,0.12667754775913148,4285992,,,,
T2,4,600.0,0.16085622142790756,0.16150967750018347,0.14068231346383273,240.0,4,4,10,0,0.18153620621863384,True,15841,450.3067146659887,0.12777316244463088,0.12871667089342936,0.19419995490541006,0.08579315810159518,0.08584317623351562,0.08891302399318071,0.1340865705270387,0.13277813407761072,0.14829926012864428,0.19269253755502952,0.16631700095907842,0.18943884768620606,4285992,"{""ambiguous_registrations"": 0, ""clusters"": 4505, ""dropped_ambiguous"": 0, ""matched"": 4303, ""registrations"": 0, ""spurious"": 202, ""tracks"": 0, ""wrong_track"": 0}","{""ambiguous_registrations"": 0, ""clusters"": 7115, ""dropped_ambiguous"": 0, ""matched"": 6853, ""registrations"": 0, ""spurious"": 262, ""tracks"": 0, ""wrong_track"": 0}","{""ambiguous_registrations"": 0, ""clusters"": 2781, ""dropped_ambiguous"": 0, ""matched"": 2692, ""registrations"": 0, ""spurious"": 89, ""tracks"": 0, ""wrong_track"": 0}","{""ambiguous_registrations"": 0, ""clusters"": 1440, ""dropped_ambiguous"": 0, ""matched"": 1292, ""registrations"": 0, ""spurious"": 148, ""tracks"": 0, ""wrong_track"": 0}"
T2nn,4,600.0,3.175807421685882,0.1837713857910602,0.15315306658036598,220.0,4,4,8,0,0.23958397694323094,True,9130,397.71479063798324,1.3708981303611971,1.375750635625254,2.552257148168102,2.420882218376749,2.4221435199070123,3.8828052857369717,0.17457888257780851,0.1691769928815722,0.7706440468027709,3.319874962647602,3.1811208982083166,4.26132906900486,4285992,"{""ambiguous_registrations"": 0, ""clusters"": 4512, ""dropped_ambiguous"": 2028, ""matched"": 4322, ""registrations"": 0, ""spurious"": 190, ""tracks"": 134, ""wrong_track"": 84}","{""ambiguous_registrations"": 0, ""clusters"": 7088, ""dropped_ambiguous"": 4263, ""matched"": 6832, ""registrations"": 0, ""spurious"": 256, ""tracks"": 163, ""wrong_track"": 317}","{""ambiguous_registrations"": 0, ""clusters"": 2777, ""dropped_ambiguous"": 383, ""matched"": 2691, ""registrations"": 0, ""spurious"": 86, ""tracks"": 83, ""wrong_track"": 5}","{""ambiguous_registrations"": 0, ""clusters"": 1441, ""dropped_ambiguous"": 14, ""matched"": 1292, ""registrations"": 0, ""spurious"": 149, ""tracks"": 84, ""wrong_track"": 23}"
T2ekf,4,600.0,0.16009300793094394,0.16026136338766933,0.14096621747672,240.0,4,4,10,0,0.18538982253942704,True,15520,473.096171459998,0.1253300222373316,0.12628453063432976,0.1906522406942561,0.08524405013765558,0.08525871968775754,0.08869785234894982,0.13433470755514137,0.13305995204212606,0.14764503405177595,0.2069847544870072,0.17128689654112528,0.19106135867909652,4285992,"{""ambiguous_registrations"": 0, ""clusters"": 4505, ""dropped_ambiguous"": 25, ""landmarks_bad"": 0, ""landmarks_confirmed"": 44, ""matched"": 4303, ""registrations"": 4151, ""spurious"": 202, ""tracks"": 84, ""unreleased"": 41, ""wrong_track"": 17}","{""ambiguous_registrations"": 0, ""clusters"": 7115, ""dropped_ambiguous"": 74, ""landmarks_bad"": 2, ""landmarks_confirmed"": 31, ""matched"": 6853, ""registrations"": 6767, ""spurious"": 262, ""tracks"": 63, ""unreleased"": 26, ""wrong_track"": 0}","{""ambiguous_registrations"": 0, ""clusters"": 2781, ""dropped_ambiguous"": 20, ""landmarks_bad"": 10, ""landmarks_confirmed"": 23, ""matched"": 2692, ""registrations"": 2673, ""spurious"": 89, ""tracks"": 25, ""unreleased"": 33, ""wrong_track"": 0}","{""ambiguous_registrations"": 0, ""clusters"": 1441, ""dropped_ambiguous"": 47, ""landmarks_bad"": 23, ""landmarks_confirmed"": 28, ""matched"": 1294, ""registrations"": 1243, ""spurious"": 147, ""tracks"": 43, ""unreleased"": 56, ""wrong_track"": 0}"
T1,5,600.0,0.05813287277243172,0.037095443611045976,0.03710061120221958,280.0,4,4,10,0,0.16918786552718398,True,32716,574.4700640160008,0.021853811960902518,0.02186119366893743,0.029841151601179925,0.02425063236653712,0.02425097773773083,0.056209425506029774,0.034823284383455784,0.03477605275817569,0.049693329745098075,0.06993824585242651,0.055227847885105666,0.08365585885845277,4285992,,,,
T2,5,600.0,0.19781988352185106,0.15963442777159817,0.16770702760381348,340.0,4,4,10,0,0.5261014636665952,True,15255,435.4958193709899,0.21346771695723593,0.2128293700925637,0.2829232481671609,0.09761443814720976,0.09757386713448182,0.10110520261042023,0.11973280853519415,0.11783313300893823,0.1388489382561585,0.15089294024060693,0.15612874214209668,0.21675786320957616,4285992,"{""ambiguous_registrations"": 0, ""clusters"": 3709, ""dropped_ambiguous"": 0, ""matched"": 3620, ""registrations"": 0, ""spurious"": 89, ""tracks"": 0, ""wrong_track"": 0}","{""ambiguous_registrations"": 0, ""clusters"": 7201, ""dropped_ambiguous"": 0, ""matched"": 6927, ""registrations"": 0, ""spurious"": 274, ""tracks"": 0, ""wrong_track"": 0}","{""ambiguous_registrations"": 0, ""clusters"": 2886, ""dropped_ambiguous"": 0, ""matched"": 2719, ""registrations"": 0, ""spurious"": 167, ""tracks"": 0, ""wrong_track"": 0}","{""ambiguous_registrations"": 0, ""clusters"": 1459, ""dropped_ambiguous"": 0, ""matched"": 1260, ""registrations"": 0, ""spurious"": 199, ""tracks"": 0, ""wrong_track"": 0}"
T2nn,5,600.0,3.627100710894961,0.16925648443190508,0.1630653522654387,360.0,4,4,7,3,7.838301879626657,False,9413,421.4680417490017,0.17433348001176172,0.1743431943715669,0.8276502842584841,4.247376163222528,4.142085889009786,5.1578271020027895,0.17390304886678895,0.15504551369563563,2.0094081454588486,3.0807065521016272,2.9626040924935726,4.614924892744726,4285992,"{""ambiguous_registrations"": 0, ""clusters"": 3691, ""dropped_ambiguous"": 1426, ""matched"": 3616, ""registrations"": 0, ""spurious"": 75, ""tracks"": 111, ""wrong_track"": 11}","{""ambiguous_registrations"": 0, ""clusters"": 7240, ""dropped_ambiguous"": 3692, ""matched"": 6980, ""registrations"": 0, ""spurious"": 260, ""tracks"": 193, ""wrong_track"": 669}","{""ambiguous_registrations"": 0, ""clusters"": 2894, ""dropped_ambiguous"": 688, ""matched"": 2720, ""registrations"": 0, ""spurious"": 174, ""tracks"": 82, ""wrong_track"": 58}","{""ambiguous_registrations"": 0, ""clusters"": 1461, ""dropped_ambiguous"": 67, ""matched"": 1262, ""registrations"": 0, ""spurious"": 199, ""tracks"": 99, ""wrong_track"": 15}"
T2ekf,5,600.0,0.2356343273465045,0.15987202959297875,0.1690199542066671,340.0,4,4,10,0,0.3775674009275063,True,14634,460.58008141600294,0.2107295268504488,0.2102525041295649,0.3039351055375025,0.0970857429187791,0.09712125250445439,0.11122461556094679,0.11981433572722565,0.11824751915662123,0.14842423534998672,0.164461277367694,0.16692383773595268,0.3087343968076072,4285992,"{""ambiguous_registrations"": 0, ""clusters"": 3709, ""dropped_ambiguous"": 224, ""landmarks_bad"": 2, ""landmarks_confirmed"": 39, ""matched"": 3620, ""registrations"": 3248, ""spurious"": 89, ""tracks"": 60, ""unreleased"": 38, ""wrong_track"": 3}","{""ambiguous_registrations"": 0, ""clusters"": 7201, ""dropped_ambiguous"": 52, ""landmarks_bad"": 1, ""landmarks_confirmed"": 31, ""matched"": 6927, ""registrations"": 6796, ""spurious"": 274, ""tracks"": 71, ""unreleased"": 38, ""wrong_track"": 4}","{""ambiguous_registrations"": 0, ""clusters"": 2888, ""dropped_ambiguous"": 73, ""landmarks_bad"": 22, ""landmarks_confirmed"": 22, ""matched"": 2719, ""registrations"": 2707, ""spurious"": 169, ""tracks"": 26, ""unreleased"": 53, ""wrong_track"": 0}","{""ambiguous_registrations"": 0, ""clusters"": 1459, ""dropped_ambiguous"": 66, ""landmarks_bad"": 34, ""landmarks_confirmed"": 27, ""matched"": 1260, ""registrations"": 1207, ""spurious"": 199, ""tracks"": 43, ""unreleased"": 79, ""wrong_track"": 1}"
T1,6,600.0,0.07609163693517562,0.037858004837393364,0.03809245165711642,340.0,4,4,10,0,0.10462585199056536,True,33768,653.2678925509972,0.02199469701592207,0.021996363866920575,0.04540333064186225,0.02393641137842977,0.02393740317697965,0.0501252826372155,0.03695747486807737,0.037366037238331234,0.0584029402127413,0.09699174198263943,0.07189751434263082,0.12318619657887929,4285992,,,,
T2,6,600.0,0.2519950495459651,0.17558897492996292,0.17910766621717508,340.0,4,4,9,0,0.44968387096134094,True,17271,451.8252668660134,0.18871110066286437,0.18850767478714073,0.2854971729809442,0.10217836009555775,0.10219803620251065,0.14306957584770771,0.13213502582981793,0.12969002577820365,0.15702594914512458,0.1719557650575751,0.17666473137067465,0.35689120466104546,4285992,"{""ambiguous_registrations"": 0, ""clusters"": 4735, ""dropped_ambiguous"": 0, ""matched"": 4517, ""registrations"": 0, ""spurious"": 218, ""tracks"": 0, ""wrong_track"": 0}","{""ambiguous_registrations"": 0, ""clusters"": 8431, ""dropped_ambiguous"": 0, ""matched"": 7433, ""registrations"": 0, ""spurious"": 998, ""tracks"": 0, ""wrong_track"": 0}","{""ambiguous_registrations"": 0, ""clusters"": 2698, ""dropped_ambiguous"": 0, ""matched"": 2580, ""registrations"": 0, ""spurious"": 118, ""tracks"": 0, ""wrong_track"": 0}","{""ambiguous_registrations"": 0, ""clusters"": 1407, ""dropped_ambiguous"": 0, ""matched"": 1263, ""registrations"": 0, ""spurious"": 144, ""tracks"": 0, ""wrong_track"": 0}"
T2nn,6,600.0,2.3238333402888127,0.19393224051203364,0.16874161907089189,420.0,4,4,7,1,0.7642439441083906,True,9904,467.5173386030074,0.1570219365677417,0.156515925845328,1.2821132314690524,2.221834222715109,2.210552602016902,2.9725576475460085,0.20416141407988692,0.2094625349064791,0.5386646527838065,2.5363010910090065,2.420880472517447,3.2910078485625758,4285992,"{""ambiguous_registrations"": 0, ""clusters"": 4736, ""dropped_ambiguous"": 2004, ""matched"": 4502, ""registrations"": 0, ""spurious"": 234, ""tracks"": 144, ""wrong_track"": 31}","{""ambiguous_registrations"": 0, ""clusters"": 8442, ""dropped_ambiguous"": 5071, ""matched"": 7434, ""registrations"": 0, ""spurious"": 1008, ""tracks"": 192, ""wrong_track"": 213}","{""ambiguous_registrations"": 0, ""clusters"": 2707, ""dropped_ambiguous"": 284, ""matched"": 2579, ""registrations"": 0, ""spurious"": 128, ""tracks"": 92, ""wrong_track"": 147}","{""ambiguous_registrations"": 0, ""clusters"": 1406, ""dropped_ambiguous"": 28, ""matched"": 1262, ""registrations"": 0, ""spurious"": 144, ""tracks"": 81, ""wrong_track"": 7}"
T2ekf,6,600.0,0.2528221347164133,0.16888294973192103,0.17630258263833404,340.0,4,4,9,0,0.428599960279629,True,16096,449.6343845280062,0.18354860679054408,0.18369978888151448,0.2836790517079506,0.10169613032206812,0.10169698481338624,0.14145482292887024,0.13155783403203367,0.12879552837452724,0.15733985601181333,0.17380697861884978,0.17705372352160006,0.36116066454235946,4285992,"{""ambiguous_registrations"": 0, ""clusters"": 4719, ""dropped_ambiguous"": 322, ""landmarks_bad"": 1, ""landmarks_confirmed"": 40, ""matched"": 4506, ""registrations"": 4091, ""spurious"": 213, ""tracks"": 71, ""unreleased"": 50, ""wrong_track"": 23}","{""ambiguous_registrations"": 0, ""clusters"": 8462, ""dropped_ambiguous"": 598, ""landmarks_bad"": 6, ""landmarks_confirmed"": 41, ""matched"": 7451, ""registrations"": 7512, ""spurious"": 1011, ""tracks"": 71, ""unreleased"": 45, ""wrong_track"": 1}","{""ambiguous_registrations"": 0, ""clusters"": 2706, ""dropped_ambiguous"": 20, ""landmarks_bad"": 10, ""landmarks_confirmed"": 24, ""matched"": 2580, ""registrations"": 2586, ""spurious"": 126, ""tracks"": 27, ""unreleased"": 41, ""wrong_track"": 0}","{""ambiguous_registrations"": 0, ""clusters"": 1410, ""dropped_ambiguous"": 46, ""landmarks_bad"": 33, ""landmarks_confirmed"": 27, ""matched"": 1262, ""registrations"": 1210, ""spurious"": 148, ""tracks"": 34, ""unreleased"": 79, ""wrong_track"": 0}"
T1,7,600.0,0.11071705709184515,0.03922107875172141,0.03933570285378576,220.0,4,4,10,0,0.08599332211883741,True,33804,593.8023952610092,0.02283897386942901,0.022837809328736556,0.07225668307240371,0.023991392822363723,0.02399053879670612,0.059535259375404874,0.03612403569812231,0.036196707910512216,0.08210007682534481,0.07979293619731435,0.056152011828243455,0.1831042570560978,4285992,,,,
T2,7,600.0,0.23311794377885703,0.17659192473496588,0.1621922386013596,380.0,4,4,10,0,0.4915152498212912,True,17110,482.329123789008,0.17502772184950965,0.17580167210833517,0.29324529180834374,0.10689196601603401,0.1066497479235605,0.14368289426577038,0.11810776581237953,0.11662449781301652,0.12650578416668884,0.15939473507495458,0.15737781636207915,0.30778988636203,4285992,"{""ambiguous_registrations"": 0, ""clusters"": 4800, ""dropped_ambiguous"": 0, ""matched"": 4651, ""registrations"": 0, ""spurious"": 149, ""tracks"": 0, ""wrong_track"": 0}","{""ambiguous_registrations"": 0, ""clusters"": 8051, ""dropped_ambiguous"": 0, ""matched"": 7548, ""registrations"": 0, ""spurious"": 503, ""tracks"": 0, ""wrong_track"": 0}","{""ambiguous_registrations"": 0, ""clusters"": 2862, ""dropped_ambiguous"": 0, ""matched"": 2669, ""registrations"": 0, ""spurious"": 193, ""tracks"": 0, ""wrong_track"": 0}","{""ambiguous_registrations"": 0, ""clusters"": 1397, ""dropped_ambiguous"": 0, ""matched"": 1259, ""registrations"": 0, ""spurious"": 138, ""tracks"": 0, ""wrong_track"": 0}"
T2nn,7,600.0,3.898221979665655,0.1900199813010481,0.1659717435560593,280.0,4,4,8,3,0.6134907496647327,True,9499,386.1096881550038,3.7750588942224357,3.7258701985193445,4.591170406260987,0.29522539373023915,0.2957379949535892,0.8914115614315351,3.2364313744181334,3.2344411132675592,6.198287635757916,0.16976408384184863,0.1700428810230403,0.7016470082767704,4285992,"{""ambiguous_registrations"": 0, ""clusters"": 4819, ""dropped_ambiguous"": 2213, ""matched"": 4689, ""registrations"": 0, ""spurious"": 130, ""tracks"": 180, ""wrong_track"": 141}","{""ambiguous_registrations"": 0, ""clusters"": 8080, ""dropped_ambiguous"": 4986, ""matched"": 7571, ""registrations"": 0, ""spurious"": 509, ""tracks"": 162, ""wrong_track"": 38}","{""ambiguous_registrations"": 0, ""clusters"": 2858, ""dropped_ambiguous"": 452, ""matched"": 2670, ""registrations"": 0, ""spurious"": 188, ""tracks"": 91, ""wrong_track"": 92}","{""ambiguous_registrations"": 0, ""clusters"": 1398, ""dropped_ambiguous"": 5, ""matched"": 1258, ""registrations"": 0, ""spurious"": 140, ""tracks"": 81, ""wrong_track"": 1}"
T2ekf,7,600.0,0.20335389573939114,0.1750765020873161,0.16262246840598543,280.0,4,4,10,0,0.4143537491440641,True,16323,543.2618078050145,0.1779466137927159,0.17868690247303223,0.2739496993169415,0.10507405184265942,0.10528731372279725,0.13340794760883853,0.11791146548627042,0.1169107205018374,0.13175223583222861,0.16506952536571307,0.15608353645644252,0.23496054511707315,4285992,"{""ambiguous_registrations"": 0, ""clusters"": 4800, ""dropped_ambiguous"": 250, ""landmarks_bad"": 0, ""landmarks_confirmed"": 39, ""matched"": 4651, ""registrations"": 4235, ""spurious"": 149, ""tracks"": 70, ""unreleased"": 44, ""wrong_track"": 21}","{""ambiguous_registrations"": 0, ""clusters"": 8051, ""dropped_ambiguous"": 237, ""landmarks_bad"": 2, ""landmarks_confirmed"": 35, ""matched"": 7548, ""registrations"": 7437, ""spurious"": 503, ""tracks"": 71, ""unreleased"": 30, ""wrong_track"": 2}","{""ambiguous_registrations"": 0, ""clusters"": 2862, ""dropped_ambiguous"": 59, ""landmarks_bad"": 17, ""landmarks_confirmed"": 24, ""matched"": 2669, ""registrations"": 2674, ""spurious"": 193, ""tracks"": 33, ""unreleased"": 49, ""wrong_track"": 0}","{""ambiguous_registrations"": 0, ""clusters"": 1398, ""dropped_ambiguous"": 38, ""landmarks_bad"": 32, ""landmarks_confirmed"": 28, ""matched"": 1259, ""registrations"": 1206, ""spurious"": 139, ""tracks"": 36, ""unreleased"": 81, ""wrong_track"": 1}"
T1,8,600.0,0.07491677419160908,0.04213267030004069,0.042084064209030096,280.0,4,4,10,0,0.10532337531865199,True,33572,649.9616939900152,0.02181524307685679,0.021817549358240085,0.046331753746802685,0.02468529512273667,0.024686555741951863,0.05227269903797151,0.0437680007704908,0.04347517519942447,0.0625709923056829,0.07551996607244114,0.06654650156086714,0.11685844716159646,4285992,,,,
T2,8,600.0,0.28081265451208787,0.14529724032599958,0.15716246363872466,280.0,4,4,9,0,0.6996879808740835,True,16206,439.1810201710032,0.16035942998202626,0.16028700051753858,0.3063225273922975,0.09888397306799064,0.0988838738803447,0.1440608610682865,0.09095324363376134,0.09044213832478873,0.12152258205423949,0.10525671792594807,0.10653594432013627,0.4313562649453818,4285992,"{""ambiguous_registrations"": 0, ""clusters"": 4266, ""dropped_ambiguous"": 0, ""matched"": 4113, ""registrations"": 0, ""spurious"": 153, ""tracks"": 0, ""wrong_track"": 0}","{""ambiguous_registrations"": 0, ""clusters"": 7625, ""dropped_ambiguous"": 0, ""matched"": 7190, ""registrations"": 0, ""spurious"": 435, ""tracks"": 0, ""wrong_track"": 0}","{""ambiguous_registrations"": 0, ""clusters"": 2907, ""dropped_ambiguous"": 0, ""matched"": 2613, ""registrations"": 0, ""spurious"": 294, ""tracks"": 0, ""wrong_track"": 0}","{""ambiguous_registrations"": 0, ""clusters"": 1408, ""dropped_ambiguous"": 0, ""matched"": 1238, ""registrations"": 0, ""spurious"": 170, ""tracks"": 0, ""wrong_track"": 0}"
T2nn,8,600.0,0.30940684083176656,0.16315129474984383,0.16715242447701725,280.0,4,4,8,0,0.9742435018332541,True,9016,364.08037666100427,0.16239183077227945,0.1626647514320323,0.3362856583008472,0.11123848385443702,0.11131751042383002,0.15217383228315207,0.12146358074222816,0.11680580744752299,0.13338026851164242,0.1507806911510094,0.14600927008827697,0.47842988762739674,4285992,"{""ambiguous_registrations"": 0, ""clusters"": 4270, ""dropped_ambiguous"": 1686, ""matched"": 4125, ""registrations"": 0, ""spurious"": 145, ""tracks"": 115, ""wrong_track"": 20}","{""ambiguous_registrations"": 0, ""clusters"": 7605, ""dropped_ambiguous"": 5022, ""matched"": 7169, ""registrations"": 0, ""spurious"": 436, ""tracks"": 139, ""wrong_track"": 12}","{""ambiguous_registrations"": 0, ""clusters"": 2920, ""dropped_ambiguous"": 378, ""matched"": 2616, ""registrations"": 0, ""spurious"": 304, ""tracks"": 109, ""wrong_track"": 13}","{""ambiguous_registrations"": 0, ""clusters"": 1413, ""dropped_ambiguous"": 106, ""matched"": 1240, ""registrations"": 0, ""spurious"": 173, ""tracks"": 85, ""wrong_track"": 0}"
T2ekf,8,600.0,0.24514044028305362,0.14531904245772054,0.15394517979282907,280.0,4,4,8,0,0.3769562461596159,True,15120,447.1002302489942,0.16620804906503434,0.16572812433405715,0.29327069815750895,0.09877628355009543,0.09876185888680916,0.13615920735941353,0.09074201418884274,0.09014000710842845,0.10183634410259888,0.12347865611772729,0.12184817462207233,0.35420004054482834,4285992,"{""ambiguous_registrations"": 0, ""clusters"": 4294, ""dropped_ambiguous"": 526, ""landmarks_bad"": 2, ""landmarks_confirmed"": 37, ""matched"": 4136, ""registrations"": 3464, ""spurious"": 158, ""tracks"": 68, ""unreleased"": 68, ""wrong_track"": 10}","{""ambiguous_registrations"": 0, ""clusters"": 7652, ""dropped_ambiguous"": 193, ""landmarks_bad"": 4, ""landmarks_confirmed"": 39, ""matched"": 7206, ""registrations"": 7175, ""spurious"": 446, ""tracks"": 63, ""unreleased"": 39, ""wrong_track"": 0}","{""ambiguous_registrations"": 0, ""clusters"": 2917, ""dropped_ambiguous"": 148, ""landmarks_bad"": 24, ""landmarks_confirmed"": 25, ""matched"": 2620, ""registrations"": 2599, ""spurious"": 297, ""tracks"": 39, ""unreleased"": 66, ""wrong_track"": 2}","{""ambiguous_registrations"": 0, ""clusters"": 1412, ""dropped_ambiguous"": 42, ""landmarks_bad"": 30, ""landmarks_confirmed"": 29, ""matched"": 1240, ""registrations"": 1197, ""spurious"": 172, ""tracks"": 41, ""unreleased"": 73, ""wrong_track"": 0}"
T1,9,600.0,0.08311008500535108,0.04183559822455484,0.04171327093832286,240.0,4,4,10,0,0.04692193506552515,True,34140,630.3377813539992,0.022239526657185617,0.022175666326958297,0.055125515964767634,0.024006892332679493,0.02400576008833745,0.039218704201364876,0.03515420476427523,0.0356191371534185,0.04431222956797656,0.09057740191779182,0.08076698242441765,0.14521928921285102,4285992,,,,
T2,9,600.0,0.25117514618108316,0.1539605104978293,0.1530339641351416,280.0,4,4,9,0,0.5575702860826917,True,16828,443.82746821499313,0.13728709616668228,0.13719272325714746,0.2592154111256181,0.09460964165052742,0.09462175216576138,0.11267240688340502,0.11723446519882413,0.11607726834578887,0.12391822364486202,0.1540188240873095,0.15361116602251593,0.3963740524392751,4285992,"{""ambiguous_registrations"": 0, ""clusters"": 4459, ""dropped_ambiguous"": 0, ""matched"": 4310, ""registrations"": 0, ""spurious"": 149, ""tracks"": 0, ""wrong_track"": 0}","{""ambiguous_registrations"": 0, ""clusters"": 8203, ""dropped_ambiguous"": 0, ""matched"": 7505, ""registrations"": 0, ""spurious"": 698, ""tracks"": 0, ""wrong_track"": 0}","{""ambiguous_registrations"": 0, ""clusters"": 2732, ""dropped_ambiguous"": 0, ""matched"": 2619, ""registrations"": 0, ""spurious"": 113, ""tracks"": 0, ""wrong_track"": 0}","{""ambiguous_registrations"": 0, ""clusters"": 1434, ""dropped_ambiguous"": 0, ""matched"": 1257, ""registrations"": 0, ""spurious"": 177, ""tracks"": 0, ""wrong_track"": 0}"
T2nn,9,600.0,4.793902857960884,0.1540196133348292,0.14522771677859891,220.0,4,4,8,1,0.5745022655616076,True,10176,435.52194364598836,0.12519283525883193,0.12304042599513174,2.951955731003336,2.720334746867009,2.720158804526068,2.8925006288102244,0.2656643164444766,0.2526589648452239,1.5798539725474325,5.793341693918545,5.75187712055167,8.50584959579096,4285992,"{""ambiguous_registrations"": 0, ""clusters"": 4451, ""dropped_ambiguous"": 1870, ""matched"": 4307, ""registrations"": 0, ""spurious"": 144, ""tracks"": 135, ""wrong_track"": 27}","{""ambiguous_registrations"": 0, ""clusters"": 8178, ""dropped_ambiguous"": 4534, ""matched"": 7478, ""registrations"": 0, ""spurious"": 700, ""tracks"": 169, ""wrong_track"": 291}","{""ambiguous_registrations"": 0, ""clusters"": 2730, ""dropped_ambiguous"": 183, ""matched"": 2618, ""registrations"": 0, ""spurious"": 112, ""tracks"": 98, ""wrong_track"": 14}","{""ambiguous_registrations"": 0, ""clusters"": 1430, ""dropped_ambiguous"": 26, ""matched"": 1255, ""registrations"": 0, ""spurious"": 175, ""tracks"": 102, ""wrong_track"": 72}"
T2ekf,9,600.0,0.2586884802126399,0.154475509020689,0.1542261036933254,340.0,4,4,10,0,0.47011712388417465,True,16203,460.498154661007,0.13661479430272142,0.13652182206632218,0.271325355173723,0.09521259488248865,0.09536623326917028,0.12300082464712563,0.11706722525488727,0.11588178133096542,0.1335330943108017,0.16464647335165364,0.15525780417252397,0.4013741156062062,4285992,"{""ambiguous_registrations"": 0, ""clusters"": 4459, ""dropped_ambiguous"": 17, ""landmarks_bad"": 0, ""landmarks_confirmed"": 44, ""matched"": 4310, ""registrations"": 4174, ""spurious"": 149, ""tracks"": 66, ""unreleased"": 41, ""wrong_track"": 40}","{""ambiguous_registrations"": 0, ""clusters"": 8203, ""dropped_ambiguous"": 297, ""landmarks_bad"": 8, ""landmarks_confirmed"": 42, ""matched"": 7505, ""registrations"": 7631, ""spurious"": 698, ""tracks"": 59, ""unreleased"": 64, ""wrong_track"": 2}","{""ambiguous_registrations"": 0, ""clusters"": 2732, ""dropped_ambiguous"": 28, ""landmarks_bad"": 13, ""landmarks_confirmed"": 25, ""matched"": 2619, ""registrations"": 2596, ""spurious"": 113, ""tracks"": 28, ""unreleased"": 35, ""wrong_track"": 0}","{""ambiguous_registrations"": 0, ""clusters"": 1431, ""dropped_ambiguous"": 59, ""landmarks_bad"": 37, ""landmarks_confirmed"": 27, ""matched"": 1255, ""registrations"": 1194, ""spurious"": 176, ""tracks"": 42, ""unreleased"": 81, ""wrong_track"": 0}"
T1,10,600.0,0.12468906374317285,0.044849035604031674,0.04481513622789379,260.0,4,4,10,0,0.12522072619721894,True,33984,500.6421413590142,0.02245668261819477,0.02242419356512595,0.09600740497640249,0.023517728963781587,0.023517653079632658,0.06489920513780532,0.039288017933687344,0.0389512353548866,0.054656844942026536,0.08982907800796903,0.0779492159438598,0.2139456733186195,4285992,,,,
T2,10,600.0,0.19312262664528118,0.1343385948619886,0.12736964012390167,280.0,4,4,8,0,0.7332099962308181,True,17364,361.21547199299675,0.1306540008065249,0.12995747183151665,0.2035369714451765,0.09635243779305527,0.09626496208483279,0.11187789164428696,0.11291005173871137,0.11183643978411975,0.11781654193039653,0.10939210828578104,0.12427544788782975,0.28523796513298916,4285992,"{""ambiguous_registrations"": 0, ""clusters"": 4761, ""dropped_ambiguous"": 0, ""matched"": 4650, ""registrations"": 0, ""spurious"": 111, ""tracks"": 0, ""wrong_track"": 0}","{""ambiguous_registrations"": 0, ""clusters"": 8269, ""dropped_ambiguous"": 0, ""matched"": 7780, ""registrations"": 0, ""spurious"": 489, ""tracks"": 0, ""wrong_track"": 0}","{""ambiguous_registrations"": 0, ""clusters"": 2802, ""dropped_ambiguous"": 0, ""matched"": 2647, ""registrations"": 0, ""spurious"": 155, ""tracks"": 0, ""wrong_track"": 0}","{""ambiguous_registrations"": 0, ""clusters"": 1532, ""dropped_ambiguous"": 0, ""matched"": 1297, ""registrations"": 0, ""spurious"": 235, ""tracks"": 0, ""wrong_track"": 0}"
T2nn,10,600.0,2.2256477654249136,0.1370307584944551,0.13268514058632377,280.0,4,4,6,0,1.117366393312286,False,9039,352.5854456049856,0.14198578836823506,0.14141388002776933,1.127137497575473,1.8388499338733835,1.8386567800265166,2.1601983483936835,2.790615122974377,2.7807304107319393,3.521429712308615,0.39814222773894575,0.333307800458282,1.2151826370509986,4285992,"{""ambiguous_registrations"": 0, ""clusters"": 4711, ""dropped_ambiguous"": 2128, ""matched"": 4599, ""registrations"": 0, ""spurious"": 112, ""tracks"": 133, ""wrong_track"": 44}","{""ambiguous_registrations"": 0, ""clusters"": 8230, ""dropped_ambiguous"": 5764, ""matched"": 7750, ""registrations"": 0, ""spurious"": 480, ""tracks"": 163, ""wrong_track"": 110}","{""ambiguous_registrations"": 0, ""clusters"": 2802, ""dropped_ambiguous"": 283, ""matched"": 2648, ""registrations"": 0, ""spurious"": 154, ""tracks"": 92, ""wrong_track"": 151}","{""ambiguous_registrations"": 0, ""clusters"": 1530, ""dropped_ambiguous"": 59, ""matched"": 1298, ""registrations"": 0, ""spurious"": 232, ""tracks"": 100, ""wrong_track"": 9}"
T2ekf,10,600.0,0.20604127631654637,0.13464290613880678,0.12786313356121437,280.0,4,4,9,0,0.7403910676219407,True,16741,366.149880174984,0.13043177368443412,0.1299099970429581,0.2180951097827673,0.09500574140933232,0.09508173672642962,0.11170294447398102,0.11289389700732759,0.11175311800558496,0.12611056069571092,0.11427065846379711,0.12408548002393305,0.30637416984841337,4285992,"{""ambiguous_registrations"": 0, ""clusters"": 4761, ""dropped_ambiguous"": 13, ""landmarks_bad"": 0, ""landmarks_confirmed"": 39, ""matched"": 4650, ""registrations"": 4476, ""spurious"": 111, ""tracks"": 69, ""unreleased"": 31, ""wrong_track"": 10}","{""ambiguous_registrations"": 0, ""clusters"": 8269, ""dropped_ambiguous"": 229, ""landmarks_bad"": 3, ""landmarks_confirmed"": 39, ""matched"": 7780, ""registrations"": 7716, ""spurious"": 489, ""tracks"": 75, ""unreleased"": 36, ""wrong_track"": 2}","{""ambiguous_registrations"": 0, ""clusters"": 2802, ""dropped_ambiguous"": 53, ""landmarks_bad"": 17, ""landmarks_confirmed"": 23, ""matched"": 2647, ""registrations"": 2640, ""spurious"": 155, ""tracks"": 26, ""unreleased"": 49, ""wrong_track"": 0}","{""ambiguous_registrations"": 0, ""clusters"": 1538, ""dropped_ambiguous"": 119, ""landmarks_bad"": 37, ""landmarks_confirmed"": 27, ""matched"": 1297, ""registrations"": 1246, ""spurious"": 241, ""tracks"": 36, ""unreleased"": 99, ""wrong_track"": 1}"
T1,11,600.0,0.05440606324322056,0.03598645508003422,0.03581906914115163,220.0,4,4,10,0,0.06576347426823885,True,33110,494.0691957939998,0.021337696021654876,0.021338333389434146,0.02917822287448667,0.024576392233750816,0.024574325305996545,0.027830377708555957,0.035481346390947834,0.035952206696152476,0.05574470820512192,0.09101103982194962,0.07029476423186132,0.08430129159219903,4285992,,,,
T2,11,600.0,0.14459154010408665,0.14971178431357127,0.13809124994577923,400.0,4,4,10,0,0.3936047545612461,True,15370,301.47661824998795,0.1377575374789439,0.1372231398012293,0.1831355873957556,0.09249958077318901,0.09248249591081387,0.09315550393086221,0.11401028274008967,0.11302918211805313,0.11591650935272069,0.15644107350767725,0.14326840061266616,0.16725317771201256,4285992,"{""ambiguous_registrations"": 0, ""clusters"": 4086, ""dropped_ambiguous"": 0, ""matched"": 3974, ""registrations"": 0, ""spurious"": 112, ""tracks"": 0, ""wrong_track"": 0}","{""ambiguous_registrations"": 0, ""clusters"": 7094, ""dropped_ambiguous"": 0, ""matched"": 6877, ""registrations"": 0, ""spurious"": 217, ""tracks"": 0, ""wrong_track"": 0}","{""ambiguous_registrations"": 0, ""clusters"": 2735, ""dropped_ambiguous"": 0, ""matched"": 2548, ""registrations"": 0, ""spurious"": 187, ""tracks"": 0, ""wrong_track"": 0}","{""ambiguous_registrations"": 0, ""clusters"": 1455, ""dropped_ambiguous"": 0, ""matched"": 1213, ""registrations"": 0, ""spurious"": 242, ""tracks"": 0, ""wrong_track"": 0}"
T2nn,11,600.0,1.263798938138415,0.1527787002104702,0.13265462423289326,280.0,4,4,9,1,0.9879678113499527,True,8629,232.86855473500327,0.504466582346263,0.13591745739586894,0.681500661307299,0.13756855675671373,0.13189636562326498,0.3894145059151304,1.5118296710318,1.5134777828537482,1.531898769704727,1.283560240030701,1.1589557524446374,1.850932298804274,4285992,"{""ambiguous_registrations"": 0, ""clusters"": 4087, ""dropped_ambiguous"": 1904, ""matched"": 3980, ""registrations"": 0, ""spurious"": 107, ""tracks"": 154, ""wrong_track"": 32}","{""ambiguous_registrations"": 0, ""clusters"": 7183, ""dropped_ambiguous"": 4586, ""matched"": 6967, ""registrations"": 0, ""spurious"": 216, ""tracks"": 114, ""wrong_track"": 22}","{""ambiguous_registrations"": 0, ""clusters"": 2730, ""dropped_ambiguous"": 232, ""matched"": 2547, ""registrations"": 0, ""spurious"": 183, ""tracks"": 87, ""wrong_track"": 51}","{""ambiguous_registrations"": 0, ""clusters"": 1455, ""dropped_ambiguous"": 104, ""matched"": 1214, ""registrations"": 0, ""spurious"": 241, ""tracks"": 96, ""wrong_track"": 8}"
T2ekf,11,600.0,0.14443542006413657,0.14424026166197915,0.13808930669969727,400.0,4,4,10,0,0.3793496374802068,True,14911,281.03670360398246,0.1373256576565212,0.13686107051284468,0.17994540253013852,0.09333226530068058,0.093327146894244,0.09472070449763072,0.11355464707717063,0.11255557476489636,0.11697598362361372,0.15743265959250585,0.14682223085802418,0.16855450684998408,4285992,"{""ambiguous_registrations"": 0, ""clusters"": 4086, ""dropped_ambiguous"": 23, ""landmarks_bad"": 0, ""landmarks_confirmed"": 40, ""matched"": 3974, ""registrations"": 3845, ""spurious"": 112, ""tracks"": 59, ""unreleased"": 47, ""wrong_track"": 5}","{""ambiguous_registrations"": 0, ""clusters"": 7094, ""dropped_ambiguous"": 41, ""landmarks_bad"": 0, ""landmarks_confirmed"": 31, ""matched"": 6877, ""registrations"": 6791, ""spurious"": 217, ""tracks"": 59, ""unreleased"": 30, ""wrong_track"": 1}","{""ambiguous_registrations"": 0, ""clusters"": 2735, ""dropped_ambiguous"": 48, ""landmarks_bad"": 13, ""landmarks_confirmed"": 25, ""matched"": 2548, ""registrations"": 2544, ""spurious"": 187, ""tracks"": 31, ""unreleased"": 50, ""wrong_track"": 0}","{""ambiguous_registrations"": 0, ""clusters"": 1453, ""dropped_ambiguous"": 119, ""landmarks_bad"": 42, ""landmarks_confirmed"": 28, ""matched"": 1214, ""registrations"": 1154, ""spurious"": 239, ""tracks"": 36, ""unreleased"": 99, ""wrong_track"": 0}"
T1,12,600.0,0.05582927156400909,0.04096423337140371,0.04031603248236194,280.0,4,4,10,0,0.08214645053186442,True,34099,520.0664858689997,0.02079696389080741,0.020783718145627145,0.02875740212701323,0.02447471026832893,0.024475324756948736,0.04793421604661066,0.034814208544926624,0.034908875703679586,0.04475166420123416,0.08738272905655238,0.07221861102958255,0.08567520971432507,4285992,,,,
T2,12,600.0,0.16991146783759167,0.17234668391141597,0.1613933669374898,340.0,4,4,8,0,0.3105935634355831,True,16125,317.1697353910131,0.16916164123783423,0.16939559061230994,0.2494374502027431,0.08977099964091084,0.08977067309145649,0.11850988754449251,0.12551586301969653,0.12335515985084891,0.14617570184523465,0.10059319627224153,0.1108817256811367,0.13359886523282544,4285992,"{""ambiguous_registrations"": 0, ""clusters"": 4109, ""dropped_ambiguous"": 0, ""matched"": 3956, ""registrations"": 0, ""spurious"": 153, ""tracks"": 0, ""wrong_track"": 0}","{""ambiguous_registrations"": 0, ""clusters"": 7880, ""dropped_ambiguous"": 0, ""matched"": 7279, ""registrations"": 0, ""spurious"": 601, ""tracks"": 0, ""wrong_track"": 0}","{""ambiguous_registrations"": 0, ""clusters"": 2863, ""dropped_ambiguous"": 0, ""matched"": 2647, ""registrations"": 0, ""spurious"": 216, ""tracks"": 0, ""wrong_track"": 0}","{""ambiguous_registrations"": 0, ""clusters"": 1273, ""dropped_ambiguous"": 0, ""matched"": 1167, ""registrations"": 0, ""spurious"": 106, ""tracks"": 0, ""wrong_track"": 0}"
T2nn,12,600.0,4.663060237460338,0.17850267727896726,0.16503783791089355,460.0,4,4,7,0,0.7403387234264004,True,8994,318.97601119600586,0.16103200444814056,0.15960688129845982,2.06568174332912,3.9114890559958413,3.92692761708505,5.347831640404353,6.007001936274719,6.0305559248470155,7.1330718246869695,0.12220039157432441,0.13673161869637135,1.7970712667444284,4285992,"{""ambiguous_registrations"": 0, ""clusters"": 4084, ""dropped_ambiguous"": 1972, ""matched"": 3935, ""registrations"": 0, ""spurious"": 149, ""tracks"": 140, ""wrong_track"": 43}","{""ambiguous_registrations"": 0, ""clusters"": 7909, ""dropped_ambiguous"": 4753, ""matched"": 7293, ""registrations"": 0, ""spurious"": 616, ""tracks"": 196, ""wrong_track"": 356}","{""ambiguous_registrations"": 0, ""clusters"": 2862, ""dropped_ambiguous"": 389, ""matched"": 2652, ""registrations"": 0, ""spurious"": 210, ""tracks"": 104, ""wrong_track"": 73}","{""ambiguous_registrations"": 0, ""clusters"": 1272, ""dropped_ambiguous"": 19, ""matched"": 1167, ""registrations"": 0, ""spurious"": 105, ""tracks"": 80, ""wrong_track"": 5}"
T2ekf,12,600.0,0.1696594860117021,0.17142950568628615,0.16140403520914975,340.0,4,4,8,0,0.3201268750870908,True,15431,405.9632266459812,0.16865290935922297,0.1689830840348064,0.2484326204288299,0.08815070542422733,0.08814968946416067,0.11804486600620448,0.12575007868379418,0.1238136667795627,0.14619382832353722,0.10022134467085131,0.11289073727278462,0.13457849773113864,4285992,"{""ambiguous_registrations"": 0, ""clusters"": 4109, ""dropped_ambiguous"": 22, ""landmarks_bad"": 2, ""landmarks_confirmed"": 40, ""matched"": 3956, ""registrations"": 3792, ""spurious"": 153, ""tracks"": 65, ""unreleased"": 79, ""wrong_track"": 26}","{""ambiguous_registrations"": 0, ""clusters"": 7880, ""dropped_ambiguous"": 286, ""landmarks_bad"": 5, ""landmarks_confirmed"": 34, ""matched"": 7279, ""registrations"": 7179, ""spurious"": 601, ""tracks"": 75, ""unreleased"": 33, ""wrong_track"": 2}","{""ambiguous_registrations"": 0, ""clusters"": 2863, ""dropped_ambiguous"": 119, ""landmarks_bad"": 18, ""landmarks_confirmed"": 22, ""matched"": 2647, ""registrations"": 2622, ""spurious"": 216, ""tracks"": 27, ""unreleased"": 55, ""wrong_track"": 0}","{""ambiguous_registrations"": 0, ""clusters"": 1273, ""dropped_ambiguous"": 32, ""landmarks_bad"": 32, ""landmarks_confirmed"": 26, ""matched"": 1167, ""registrations"": 1109, ""spurious"": 106, ""tracks"": 30, ""unreleased"": 68, ""wrong_track"": 0}"
T1,13,600.0,0.07200217666183782,0.041186874089860506,0.04138478681780457,340.0,4,4,10,0,0.21536925222665487,True,33742,533.2360532800085,0.021188003155924836,0.021183211789861472,0.04127492295854641,0.023775414989365813,0.023773862651603472,0.04767583584461216,0.03590673418468327,0.035493164557366,0.04267038163698502,0.08885171197612687,0.07786979444108258,0.1222288334167013,4285992,,,,
T2,13,600.0,0.17559484743351192,0.1505672038221807,0.14319036091961043,220.0,4,4,9,0,0.4202005971458637,True,16769,321.44850029199733,0.154771028244953,0.15475414350540995,0.2331876070970276,0.08896358631491098,0.08895032642177876,0.11642341439250502,0.11937375671344029,0.11732421306439676,0.13605313422880244,0.12580655975312624,0.1310045164385747,0.1920751803978486,4285992,"{""ambiguous_registrations"": 0, ""clusters"": 4902, ""dropped_ambiguous"": 0, ""matched"": 4762, ""registrations"": 0, ""spurious"": 140, ""tracks"": 0, ""wrong_track"": 0}","{""ambiguous_registrations"": 0, ""clusters"": 7584, ""dropped_ambiguous"": 0, ""matched"": 7139, ""registrations"": 0, ""spurious"": 445, ""tracks"": 0, ""wrong_track"": 0}","{""ambiguous_registrations"": 0, ""clusters"": 2820, ""dropped_ambiguous"": 0, ""matched"": 2635, ""registrations"": 0, ""spurious"": 185, ""tracks"": 0, ""wrong_track"": 0}","{""ambiguous_registrations"": 0, ""clusters"": 1463, ""dropped_ambiguous"": 0, ""matched"": 1290, ""registrations"": 0, ""spurious"": 173, ""tracks"": 0, ""wrong_track"": 0}"
T2nn,13,600.0,2.410647089082197,0.15796896280822142,0.16165104978219208,340.0,4,4,8,2,0.4763806337762337,True,10212,383.8506229199993,0.29832949921700747,0.25750089035253143,1.070563464618391,0.11201819626160522,0.11110292337959947,1.175318415472277,2.1341832240207914,2.135393242809204,2.378130524520597,3.1686446669461388,3.1279237419640573,3.8809655050285197,4285992,"{""ambiguous_registrations"": 0, ""clusters"": 4908, ""dropped_ambiguous"": 2030, ""matched"": 4767, ""registrations"": 0, ""spurious"": 141, ""tracks"": 144, ""wrong_track"": 73}","{""ambiguous_registrations"": 0, ""clusters"": 7612, ""dropped_ambiguous"": 3997, ""matched"": 7175, ""registrations"": 0, ""spurious"": 437, ""tracks"": 182, ""wrong_track"": 333}","{""ambiguous_registrations"": 0, ""clusters"": 2817, ""dropped_ambiguous"": 450, ""matched"": 2633, ""registrations"": 0, ""spurious"": 184, ""tracks"": 92, ""wrong_track"": 77}","{""ambiguous_registrations"": 0, ""clusters"": 1461, ""dropped_ambiguous"": 109, ""matched"": 1290, ""registrations"": 0, ""spurious"": 171, ""tracks"": 95, ""wrong_track"": 33}"
T2ekf,13,600.0,0.18437279157699754,0.1509803644669162,0.14322782089205052,220.0,4,4,9,0,0.4049544552227316,True,16249,383.295011951006,0.1567705815330878,0.15676756026520014,0.24004421138839957,0.08941079417975363,0.08945586678624101,0.11648595753388519,0.12010176295107078,0.11832051771401143,0.13587941252714797,0.13154719941876905,0.13165170209193172,0.21522055808679685,4285992,"{""ambiguous_registrations"": 0, ""clusters"": 4902, ""dropped_ambiguous"": 15, ""landmarks_bad"": 0, ""landmarks_confirmed"": 42, ""matched"": 4762, ""registrations"": 4594, ""spurious"": 140, ""tracks"": 72, ""unreleased"": 41, ""wrong_track"": 18}","{""ambiguous_registrations"": 0, ""clusters"": 7584, ""dropped_ambiguous"": 173, ""landmarks_bad"": 0, ""landmarks_confirmed"": 39, ""matched"": 7139, ""registrations"": 7072, ""spurious"": 445, ""tracks"": 71, ""unreleased"": 23, ""wrong_track"": 1}","{""ambiguous_registrations"": 0, ""clusters"": 2820, ""dropped_ambiguous"": 62, ""landmarks_bad"": 21, ""landmarks_confirmed"": 22, ""matched"": 2635, ""registrations"": 2637, ""spurious"": 185, ""tracks"": 27, ""unreleased"": 59, ""wrong_track"": 0}","{""ambiguous_registrations"": 0, ""clusters"": 1454, ""dropped_ambiguous"": 55, ""landmarks_bad"": 36, ""landmarks_confirmed"": 26, ""matched"": 1290, ""registrations"": 1232, ""spurious"": 164, ""tracks"": 37, ""unreleased"": 83, ""wrong_track"": 0}"
T1,14,600.0,0.050046917182157195,0.033773186354900876,0.03377388536970429,300.0,4,4,10,0,0.06649487933726217,True,34902,540.5760242069955,0.02164020731734972,0.021643854625621538,0.03610808600111543,0.02314966237347359,0.02315065050109787,0.028555818754832128,0.03403780632706665,0.032778078465296505,0.03312321834095919,0.06467122423748765,0.05082951829148626,0.08247665988063035,4285992,,,,
T2,14,600.0,0.16090226873930702,0.16207729329425138,0.1544409998215932,280.0,4,4,10,0,0.408544270370456,True,17482,353.6822299770138,0.16097086425103546,0.16077799698061312,0.2087548482519377,0.10069572388438484,0.10068630134622211,0.10666408377585335,0.12351500278416104,0.12206615218961676,0.13920766439465912,0.15934965819010974,0.15359075574387998,0.17094903649677837,4285992,"{""ambiguous_registrations"": 0, ""clusters"": 5143, ""dropped_ambiguous"": 0, ""matched"": 4941, ""registrations"": 0, ""spurious"": 202, ""tracks"": 0, ""wrong_track"": 0}","{""ambiguous_registrations"": 0, ""clusters"": 8093, ""dropped_ambiguous"": 0, ""matched"": 7627, ""registrations"": 0, ""spurious"": 466, ""tracks"": 0, ""wrong_track"": 0}","{""ambiguous_registrations"": 0, ""clusters"": 2823, ""dropped_ambiguous"": 0, ""matched"": 2636, ""registrations"": 0, ""spurious"": 187, ""tracks"": 0, ""wrong_track"": 0}","{""ambiguous_registrations"": 0, ""clusters"": 1423, ""dropped_ambiguous"": 0, ""matched"": 1241, ""registrations"": 0, ""spurious"": 182, ""tracks"": 0, ""wrong_track"": 0}"
T2nn,14,600.0,2.191775419460696,0.17379291207681674,0.14878298733413992,360.0,4,4,8,0,0.5363838247052635,True,9590,314.65441661002114,0.16472609538574937,0.16010839605040864,0.6681203297842627,0.10626572517071682,0.10639199808540781,0.7517466388894497,3.240619038242343,3.2257521018539808,4.176878667867324,0.20585683955136674,0.19423646239755746,0.8704566429011343,4285992,"{""ambiguous_registrations"": 0, ""clusters"": 5163, ""dropped_ambiguous"": 2345, ""matched"": 4953, ""registrations"": 0, ""spurious"": 210, ""tracks"": 151, ""wrong_track"": 125}","{""ambiguous_registrations"": 0, ""clusters"": 8050, ""dropped_ambiguous"": 4908, ""matched"": 7590, ""registrations"": 0, ""spurious"": 460, ""tracks"": 132, ""wrong_track"": 33}","{""ambiguous_registrations"": 0, ""clusters"": 2816, ""dropped_ambiguous"": 434, ""matched"": 2636, ""registrations"": 0, ""spurious"": 180, ""tracks"": 101, ""wrong_track"": 74}","{""ambiguous_registrations"": 0, ""clusters"": 1424, ""dropped_ambiguous"": 176, ""matched"": 1243, ""registrations"": 0, ""spurious"": 181, ""tracks"": 82, ""wrong_track"": 1}"
T2ekf,14,600.0,0.1658572228402919,0.15997670409534284,0.15445777088778959,280.0,4,4,9,0,0.3020037427083911,True,16857,418.2951141980011,0.15783610597727696,0.1581756909144177,0.21171612603938098,0.10059422923301295,0.10057429591931799,0.10916291064294496,0.12424601375462012,0.12289845956111388,0.13792708307935161,0.16202890479225046,0.15944120559573546,0.18512248415909932,4285992,"{""ambiguous_registrations"": 0, ""clusters"": 5143, ""dropped_ambiguous"": 59, ""landmarks_bad"": 1, ""landmarks_confirmed"": 43, ""matched"": 4941, ""registrations"": 4714, ""spurious"": 202, ""tracks"": 87, ""unreleased"": 43, ""wrong_track"": 55}","{""ambiguous_registrations"": 0, ""clusters"": 8093, ""dropped_ambiguous"": 183, ""landmarks_bad"": 1, ""landmarks_confirmed"": 36, ""matched"": 7627, ""registrations"": 7567, ""spurious"": 466, ""tracks"": 66, ""unreleased"": 32, ""wrong_track"": 3}","{""ambiguous_registrations"": 0, ""clusters"": 2823, ""dropped_ambiguous"": 91, ""landmarks_bad"": 16, ""landmarks_confirmed"": 24, ""matched"": 2636, ""registrations"": 2621, ""spurious"": 187, ""tracks"": 27, ""unreleased"": 51, ""wrong_track"": 0}","{""ambiguous_registrations"": 0, ""clusters"": 1423, ""dropped_ambiguous"": 87, ""landmarks_bad"": 36, ""landmarks_confirmed"": 27, ""matched"": 1241, ""registrations"": 1184, ""spurious"": 182, ""tracks"": 33, ""unreleased"": 79, ""wrong_track"": 0}"
T1,15,600.0,0.057223271770514464,0.042002625835575416,0.04212056657120076,300.0,4,4,10,0,0.10240182964144384,True,33803,526.4718702090031,0.021820695392025868,0.0218099660329888,0.03296152759231698,0.024257363336614598,0.0242548013243102,0.03869232217713368,0.043590676742319416,0.04345426181076464,0.051861940321569475,0.07638703237079779,0.06583919493306636,0.08845785650744886,4285992,,,,
T2,15,600.0,0.19525791375407953,0.13951374584110723,0.13040116048052058,280.0,4,4,9,0,0.37693658625765564,True,17136,322.8965760100109,0.1479858794104339,0.1478951468166414,0.22722914340570072,0.08985769974163332,0.08989085615183369,0.10490654893618316,0.1109864291004625,0.10888395466847305,0.11556875600641318,0.09901215964386495,0.1144583377176169,0.2766008072058433,4285992,"{""ambiguous_registrations"": 0, ""clusters"": 4643, ""dropped_ambiguous"": 0, ""matched"": 4505, ""registrations"": 0, ""spurious"": 138, ""tracks"": 0, ""wrong_track"": 0}","{""ambiguous_registrations"": 0, ""clusters"": 8211, ""dropped_ambiguous"": 0, ""matched"": 7615, ""registrations"": 0, ""spurious"": 596, ""tracks"": 0, ""wrong_track"": 0}","{""ambiguous_registrations"": 0, ""clusters"": 2807, ""dropped_ambiguous"": 0, ""matched"": 2606, ""registrations"": 0, ""spurious"": 201, ""tracks"": 0, ""wrong_track"": 0}","{""ambiguous_registrations"": 0, ""clusters"": 1475, ""dropped_ambiguous"": 0, ""matched"": 1367, ""registrations"": 0, ""spurious"": 108, ""tracks"": 0, ""wrong_track"": 0}"
T2nn,15,600.0,0.25057867805842365,0.1491036544791482,0.13459810336628017,300.0,4,4,9,0,0.32841046666837165,True,9824,395.74077229900286,0.20113475207790898,0.2011589681101682,0.29513524922232465,0.1094997784546183,0.10646903024646713,0.12151911857169494,0.1393552501218187,0.14695962632451487,0.15075040030827855,0.14707340952020592,0.12630545203377225,0.3557545514606341,4285992,"{""ambiguous_registrations"": 0, ""clusters"": 4699, ""dropped_ambiguous"": 2202, ""matched"": 4555, ""registrations"": 0, ""spurious"": 144, ""tracks"": 129, ""wrong_track"": 19}","{""ambiguous_registrations"": 0, ""clusters"": 8187, ""dropped_ambiguous"": 4760, ""matched"": 7597, ""registrations"": 0, ""spurious"": 590, ""tracks"": 178, ""wrong_track"": 123}","{""ambiguous_registrations"": 0, ""clusters"": 2812, ""dropped_ambiguous"": 384, ""matched"": 2601, ""registrations"": 0, ""spurious"": 211, ""tracks"": 107, ""wrong_track"": 18}","{""ambiguous_registrations"": 0, ""clusters"": 1476, ""dropped_ambiguous"": 4, ""matched"": 1367, ""registrations"": 0, ""spurious"": 109, ""tracks"": 84, ""wrong_track"": 6}"
T2ekf,15,600.0,0.18804737809354596,0.13908480472506982,0.13038386933343568,280.0,4,4,9,0,0.3740529519718241,True,16495,394.7024150840007,0.15105071697296074,0.15068465698119446,0.224758286292408,0.09001243599963392,0.09001218997048327,0.10588631717104006,0.11022202538009866,0.1079707194533534,0.11321943626430821,0.10087728648392644,0.10881360884153096,0.2586511655923365,4285992,"{""ambiguous_registrations"": 0, ""clusters"": 4643, ""dropped_ambiguous"": 22, ""landmarks_bad"": 1, ""landmarks_confirmed"": 42, ""matched"": 4505, ""registrations"": 4350, ""spurious"": 138, ""tracks"": 66, ""unreleased"": 40, ""wrong_track"": 30}","{""ambiguous_registrations"": 0, ""clusters"": 8211, ""dropped_ambiguous"": 286, ""landmarks_bad"": 4, ""landmarks_confirmed"": 39, ""matched"": 7615, ""registrations"": 7564, ""spurious"": 596, ""tracks"": 71, ""unreleased"": 51, ""wrong_track"": 0}","{""ambiguous_registrations"": 0, ""clusters"": 2807, ""dropped_ambiguous"": 83, ""landmarks_bad"": 25, ""landmarks_confirmed"": 23, ""matched"": 2606, ""registrations"": 2587, ""spurious"": 201, ""tracks"": 29, ""unreleased"": 64, ""wrong_track"": 0}","{""ambiguous_registrations"": 0, ""clusters"": 1475, ""dropped_ambiguous"": 29, ""landmarks_bad"": 29, ""landmarks_confirmed"": 28, ""matched"": 1367, ""registrations"": 1308, ""spurious"": 108, ""tracks"": 34, ""unreleased"": 66, ""wrong_track"": 0}"
T1,16,600.0,0.04960515301002539,0.036635010089268415,0.03674875520142121,220.0,4,4,10,0,0.0784779201921947,True,33595,417.17099412198877,0.02234751164206263,0.02237258724796163,0.03182998562859774,0.023900337473869687,0.023900285229405457,0.02879485509657097,0.03667786277599632,0.03679483744471996,0.039554442437032676,0.06867020510351815,0.062430447348384724,0.08022368253164605,4285992,,,,
T2,16,600.0,0.18493171497307812,0.17307533483202953,0.1654557928507938,240.0,4,4,9,0,0.5536888446133934,True,16420,323.80565855899476,0.1547866115799804,0.15519859946757564,0.21574989632270833,0.10271164565269272,0.1026362034261126,0.11764154049218586,0.12581523459967658,0.12379607742378383,0.13072624059121069,0.14791627800181412,0.15617092272208735,0.24356119768918463,4285992,"{""ambiguous_registrations"": 0, ""clusters"": 4589, ""dropped_ambiguous"": 0, ""matched"": 4444, ""registrations"": 0, ""spurious"": 145, ""tracks"": 0, ""wrong_track"": 0}","{""ambiguous_registrations"": 0, ""clusters"": 7612, ""dropped_ambiguous"": 0, ""matched"": 7205, ""registrations"": 0, ""spurious"": 407, ""tracks"": 0, ""wrong_track"": 0}","{""ambiguous_registrations"": 0, ""clusters"": 2829, ""dropped_ambiguous"": 0, ""matched"": 2634, ""registrations"": 0, ""spurious"": 195, ""tracks"": 0, ""wrong_track"": 0}","{""ambiguous_registrations"": 0, ""clusters"": 1390, ""dropped_ambiguous"": 0, ""matched"": 1247, ""registrations"": 0, ""spurious"": 143, ""tracks"": 0, ""wrong_track"": 0}"
T2nn,16,600.0,4.080017791720249,0.1753306055576859,0.16404247240020972,280.0,4,4,9,0,0.7042949494800801,True,9650,326.69615529000293,2.5671712934273585,2.568037945333532,3.39457457052861,4.7017941146723015,4.703756669733108,6.887558298963384,1.9352392270203784,1.9332880884521597,2.438969615311479,1.5115296338371347,1.1997634772045431,1.2946088606616288,4285992,"{""ambiguous_registrations"": 0, ""clusters"": 4662, ""dropped_ambiguous"": 2039, ""matched"": 4513, ""registrations"": 0, ""spurious"": 149, ""tracks"": 144, ""wrong_track"": 82}","{""ambiguous_registrations"": 0, ""clusters"": 7599, ""dropped_ambiguous"": 4399, ""matched"": 7192, ""registrations"": 0, ""spurious"": 407, ""tracks"": 216, ""wrong_track"": 328}","{""ambiguous_registrations"": 0, ""clusters"": 2822, ""dropped_ambiguous"": 354, ""matched"": 2633, ""registrations"": 0, ""spurious"": 189, ""tracks"": 94, ""wrong_track"": 66}","{""ambiguous_registrations"": 0, ""clusters"": 1391, ""dropped_ambiguous"": 32, ""matched"": 1247, ""registrations"": 0, ""spurious"": 144, ""tracks"": 92, ""wrong_track"": 15}"
T2ekf,16,600.0,0.17556117265972015,0.17085232963999844,0.162595115024448,240.0,4,4,8,0,0.5407298670941002,True,15883,373.2206925190112,0.1535297221914298,0.15418961742778914,0.21442868257067324,0.10273829712792175,0.10266718989857819,0.11296076910088108,0.1254530522524608,0.12377284080833126,0.13307747844591908,0.15430323334309085,0.1613237292236433,0.2164197099347541,4285992,"{""ambiguous_registrations"": 0, ""clusters"": 4589, ""dropped_ambiguous"": 18, ""landmarks_bad"": 1, ""landmarks_confirmed"": 45, ""matched"": 4444, ""registrations"": 4292, ""spurious"": 145, ""tracks"": 77, ""unreleased"": 31, ""wrong_track"": 20}","{""ambiguous_registrations"": 0, ""clusters"": 7612, ""dropped_ambiguous"": 165, ""landmarks_bad"": 2, ""landmarks_confirmed"": 34, ""matched"": 7205, ""registrations"": 7132, ""spurious"": 407, ""tracks"": 67, ""unreleased"": 29, ""wrong_track"": 1}","{""ambiguous_registrations"": 0, ""clusters"": 2829, ""dropped_ambiguous"": 100, ""landmarks_bad"": 21, ""landmarks_confirmed"": 23, ""matched"": 2634, ""registrations"": 2610, ""spurious"": 195, ""tracks"": 28, ""unreleased"": 54, ""wrong_track"": 0}","{""ambiguous_registrations"": 0, ""clusters"": 1389, ""dropped_ambiguous"": 57, ""landmarks_bad"": 33, ""landmarks_confirmed"": 26, ""matched"": 1244, ""registrations"": 1178, ""spurious"": 145, ""tracks"": 36, ""unreleased"": 82, ""wrong_track"": 2}"
T1,17,600.0,0.044336088919466936,0.034181861299065655,0.034262864547537776,240.0,4,4,10,0,0.07979292381035655,True,33248,546.7096414700209,0.02148206179801864,0.021456807602050265,0.029548023203879864,0.02439088956017454,0.024390387670855617,0.0338034344455162,0.035602940805100965,0.03588946129525787,0.03729738300103175,0.057225081682390176,0.05879086862770591,0.06675254668104079,4285992,,,,
T2,17,600.0,0.21488298497333705,0.16616897598643124,0.16689482632064626,300.0,4,4,9,0,0.5657401705434075,True,16158,318.46512989597977,0.20162896304503816,0.2016663120494932,0.277624823667058,0.09282707606617303,0.09281731382657456,0.10219914709722569,0.10337866869267909,0.10187773326539998,0.11073365210775513,0.14812116960872834,0.15901039422483879,0.2914045964488529,4285992,"{""ambiguous_registrations"": 0, ""clusters"": 4711, ""dropped_ambiguous"": 0, ""matched"": 4590, ""registrations"": 0, ""spurious"": 121, ""tracks"": 0, ""wrong_track"": 0}","{""ambiguous_registrations"": 0, ""clusters"": 7269, ""dropped_ambiguous"": 0, ""matched"": 7011, ""registrations"": 0, ""spurious"": 258, ""tracks"": 0, ""wrong_track"": 0}","{""ambiguous_registrations"": 0, ""clusters"": 2747, ""dropped_ambiguous"": 0, ""matched"": 2566, ""registrations"": 0, ""spurious"": 181, ""tracks"": 0, ""wrong_track"": 0}","{""ambiguous_registrations"": 0, ""clusters"": 1431, ""dropped_ambiguous"": 0, ""matched"": 1270, ""registrations"": 0, ""spurious"": 161, ""tracks"": 0, ""wrong_track"": 0}"
T2nn,17,600.0,0.2437056228220972,0.18547446203086762,0.17897983562001732,240.0,4,4,9,0,0.42442301404970745,True,8500,217.93697381898528,0.2062200414396395,0.20563823712533003,0.2960037368112041,0.13982730653519854,0.13859189042678222,0.14590281447311443,0.1048969459864969,0.10381298690693215,0.14101598262052642,0.2381547318295735,0.20044231668057197,0.32981566298255144,4285992,"{""ambiguous_registrations"": 0, ""clusters"": 4696, ""dropped_ambiguous"": 1857, ""matched"": 4572, ""registrations"": 0, ""spurious"": 124, ""tracks"": 125, ""wrong_track"": 17}","{""ambiguous_registrations"": 0, ""clusters"": 7295, ""dropped_ambiguous"": 5514, ""matched"": 7041, ""registrations"": 0, ""spurious"": 254, ""tracks"": 107, ""wrong_track"": 16}","{""ambiguous_registrations"": 0, ""clusters"": 2744, ""dropped_ambiguous"": 266, ""matched"": 2565, ""registrations"": 0, ""spurious"": 179, ""tracks"": 90, ""wrong_track"": 54}","{""ambiguous_registrations"": 0, ""clusters"": 1437, ""dropped_ambiguous"": 35, ""matched"": 1270, ""registrations"": 0, ""spurious"": 167, ""tracks"": 83, ""wrong_track"": 6}"
T2ekf,17,600.0,0.22137382121044502,0.1672508099446203,0.16798437831166427,300.0,4,4,9,0,0.5603871424088589,True,15719,354.5070748649887,0.2006782598835741,0.20046940215627215,0.2873896408073721,0.0928320016072009,0.09282254944594144,0.10339961805836084,0.10286121736629267,0.10156379694186031,0.11175314058652369,0.16391425694785164,0.16592393236232836,0.3004204117238037,4285992,"{""ambiguous_registrations"": 0, ""clusters"": 4711, ""dropped_ambiguous"": 8, ""landmarks_bad"": 0, ""landmarks_confirmed"": 39, ""matched"": 4590, ""registrations"": 4449, ""spurious"": 121, ""tracks"": 61, ""unreleased"": 49, ""wrong_track"": 11}","{""ambiguous_registrations"": 0, ""clusters"": 7269, ""dropped_ambiguous"": 54, ""landmarks_bad"": 1, ""landmarks_confirmed"": 32, ""matched"": 7011, ""registrations"": 6911, ""spurious"": 258, ""tracks"": 68, ""unreleased"": 27, ""wrong_track"": 0}","{""ambiguous_registrations"": 0, ""clusters"": 2747, ""dropped_ambiguous"": 83, ""landmarks_bad"": 16, ""landmarks_confirmed"": 23, ""matched"": 2567, ""registrations"": 2558, ""spurious"": 180, ""tracks"": 25, ""unreleased"": 48, ""wrong_track"": 0}","{""ambiguous_registrations"": 0, ""clusters"": 1433, ""dropped_ambiguous"": 93, ""landmarks_bad"": 30, ""landmarks_confirmed"": 25, ""matched"": 1270, ""registrations"": 1193, ""spurious"": 163, ""tracks"": 34, ""unreleased"": 79, ""wrong_track"": 0}"
T1,18,600.0,0.05873234070747562,0.04014204170308298,0.0401711108238711,280.0,4,4,10,0,0.10817443490661223,True,32929,404.2078015769948,0.02090609016953926,0.020902632169809324,0.031497509894830196,0.02545637741453735,0.025455324844129615,0.049857284367117526,0.03913728092987042,0.03912193185946368,0.04756006626125889,0.06465849392708875,0.06138875174195318,0.0897671963642739,4285992,,,,
T2,18,600.0,0.20069325303615201,0.1508189281009574,0.15389983165333074,280.0,4,4,9,0,0.36931715368795204,True,15809,321.58647434500745,0.14083676978358833,0.1411981817052459,0.25899206310377126,0.0907959922597019,0.09090543264188267,0.13459007250651542,0.12493225196524997,0.12326766692283196,0.13333234098574842,0.133729853330319,0.131961247602478,0.24112701577412463,4285992,"{""ambiguous_registrations"": 0, ""clusters"": 4224, ""dropped_ambiguous"": 0, ""matched"": 4022, ""registrations"": 0, ""spurious"": 202, ""tracks"": 0, ""wrong_track"": 0}","{""ambiguous_registrations"": 0, ""clusters"": 7299, ""dropped_ambiguous"": 0, ""matched"": 6976, ""registrations"": 0, ""spurious"": 323, ""tracks"": 0, ""wrong_track"": 0}","{""ambiguous_registrations"": 0, ""clusters"": 2814, ""dropped_ambiguous"": 0, ""matched"": 2651, ""registrations"": 0, ""spurious"": 163, ""tracks"": 0, ""wrong_track"": 0}","{""ambiguous_registrations"": 0, ""clusters"": 1472, ""dropped_ambiguous"": 0, ""matched"": 1302, ""registrations"": 0, ""spurious"": 170, ""tracks"": 0, ""wrong_track"": 0}"
T2nn,18,600.0,2.042187986292816,0.16348218829811928,0.1496389586673497,240.0,4,4,8,1,0.3403947439403365,True,9243,258.3017600919993,0.12089964476787234,0.1217236378603588,0.9925994603191185,0.11574538966799514,0.11622565770683986,0.5847078398443379,0.14217390378156045,0.13939250450407029,0.5407999142705141,2.5820817913011886,2.6073230487584484,3.881046971058015,4285992,"{""ambiguous_registrations"": 0, ""clusters"": 4212, ""dropped_ambiguous"": 1691, ""matched"": 4010, ""registrations"": 0, ""spurious"": 202, ""tracks"": 137, ""wrong_track"": 53}","{""ambiguous_registrations"": 0, ""clusters"": 7244, ""dropped_ambiguous"": 4635, ""matched"": 6916, ""registrations"": 0, ""spurious"": 328, ""tracks"": 139, ""wrong_track"": 16}","{""ambiguous_registrations"": 0, ""clusters"": 2810, ""dropped_ambiguous"": 127, ""matched"": 2648, ""registrations"": 0, ""spurious"": 162, ""tracks"": 102, ""wrong_track"": 10}","{""ambiguous_registrations"": 0, ""clusters"": 1473, ""dropped_ambiguous"": 43, ""matched"": 1302, ""registrations"": 0, ""spurious"": 171, ""tracks"": 96, ""wrong_track"": 12}"
T2ekf,18,600.0,0.19044690943750656,0.14619730852883825,0.15287849175498947,400.0,4,4,9,0,0.2549721700375173,True,15251,349.3506798159797,0.14022050816947604,0.14040941465131807,0.25843825497971235,0.09115889724839005,0.0911473424761913,0.137145572039281,0.12480189414749156,0.12303406629861716,0.13530826356417142,0.13770764507637054,0.1343105182921521,0.2029101660871126,4285992,"{""ambiguous_registrations"": 0, ""clusters"": 4224, ""dropped_ambiguous"": 59, ""landmarks_bad"": 4, ""landmarks_confirmed"": 45, ""matched"": 4022, ""registrations"": 3833, ""spurious"": 202, ""tracks"": 83, ""unreleased"": 46, ""wrong_track"": 27}","{""ambiguous_registrations"": 0, ""clusters"": 7299, ""dropped_ambiguous"": 127, ""landmarks_bad"": 3, ""landmarks_confirmed"": 32, ""matched"": 6976, ""registrations"": 6900, ""spurious"": 323, ""tracks"": 58, ""unreleased"": 40, ""wrong_track"": 0}","{""ambiguous_registrations"": 0, ""clusters"": 2814, ""dropped_ambiguous"": 74, ""landmarks_bad"": 21, ""landmarks_confirmed"": 24, ""matched"": 2651, ""registrations"": 2626, ""spurious"": 163, ""tracks"": 26, ""unreleased"": 55, ""wrong_track"": 0}","{""ambiguous_registrations"": 0, ""clusters"": 1472, ""dropped_ambiguous"": 62, ""landmarks_bad"": 40, ""landmarks_confirmed"": 26, ""matched"": 1303, ""registrations"": 1244, ""spurious"": 169, ""tracks"": 34, ""unreleased"": 95, ""wrong_track"": 0}"
T1,19,600.0,0.06555097587127733,0.041210992528939366,0.041717032536031075,240.0,4,4,10,0,0.15180011490211476,True,33265,443.10279536800226,0.021750914210676184,0.02173177331837575,0.04700398173361499,0.024332817668859186,0.024332385949031646,0.030521587254509232,0.03389438324675253,0.0339870828738704,0.037727719925138015,0.06708179621001328,0.06336623584678558,0.11235390208002945,4285992,,,,
T2,19,600.0,0.17074087449509107,0.14486204164692454,0.14500553916166045,240.0,4,4,9,0,0.3777213343504168,True,16355,318.75710479999543,0.1570119480213647,0.15714155989573422,0.23473027148454814,0.10677460098563352,0.10678499389121117,0.11740956659979113,0.07940802707171055,0.07895063457944902,0.08524931507833894,0.09665455765389518,0.10630116068333136,0.20114430762939173,4285992,"{""ambiguous_registrations"": 0, ""clusters"": 4511, ""dropped_ambiguous"": 0, ""matched"": 4384, ""registrations"": 0, ""spurious"": 127, ""tracks"": 0, ""wrong_track"": 0}","{""ambiguous_registrations"": 0, ""clusters"": 7706, ""dropped_ambiguous"": 0, ""matched"": 7359, ""registrations"": 0, ""spurious"": 347, ""tracks"": 0, ""wrong_track"": 0}","{""ambiguous_registrations"": 0, ""clusters"": 2737, ""dropped_ambiguous"": 0, ""matched"": 2532, ""registrations"": 0, ""spurious"": 205, ""tracks"": 0, ""wrong_track"": 0}","{""ambiguous_registrations"": 0, ""clusters"": 1401, ""dropped_ambiguous"": 0, ""matched"": 1205, ""registrations"": 0, ""spurious"": 196, ""tracks"": 0, ""wrong_track"": 0}"
T2nn,19,600.0,2.3702058079566455,0.1492945324556741,0.13286078555127398,,3,4,5,2,nan,False,9728,332.2779571050196,0.14957435246550316,0.15022871143575275,0.8855793335150448,3.0911919036128976,3.0855435371856337,3.9964376141206577,0.1149957932530788,0.11614361132609426,0.3128295969164083,0.733006169051384,0.2535972656715368,nan,4285992,"{""ambiguous_registrations"": 0, ""clusters"": 4516, ""dropped_ambiguous"": 1983, ""matched"": 4399, ""registrations"": 0, ""spurious"": 117, ""tracks"": 168, ""wrong_track"": 60}","{""ambiguous_registrations"": 0, ""clusters"": 7782, ""dropped_ambiguous"": 4186, ""matched"": 7437, ""registrations"": 0, ""spurious"": 345, ""tracks"": 210, ""wrong_track"": 654}","{""ambiguous_registrations"": 0, ""clusters"": 2747, ""dropped_ambiguous"": 405, ""matched"": 2532, ""registrations"": 0, ""spurious"": 215, ""tracks"": 84, ""wrong_track"": 2}","{""ambiguous_registrations"": 0, ""clusters"": 1401, ""dropped_ambiguous"": 144, ""matched"": 1204, ""registrations"": 0, ""spurious"": 197, ""tracks"": 107, ""wrong_track"": 38}"
T2ekf,19,600.0,0.16960538473983083,0.14393185199185551,0.14569615226033414,240.0,4,4,9,0,0.3723326240364508,True,15849,404.8439865069813,0.15965335037302214,0.15972922975354434,0.23555228263430383,0.10500301989944844,0.10516148796229162,0.11638163889389061,0.07860986195072245,0.07812453416257058,0.08493879353348947,0.09823027259236151,0.10644010608078024,0.19702736804363116,4285992,"{""ambiguous_registrations"": 0, ""clusters"": 4511, ""dropped_ambiguous"": 9, ""landmarks_bad"": 0, ""landmarks_confirmed"": 42, ""matched"": 4384, ""registrations"": 4240, ""spurious"": 127, ""tracks"": 66, ""unreleased"": 40, ""wrong_track"": 17}","{""ambiguous_registrations"": 0, ""clusters"": 7706, ""dropped_ambiguous"": 92, ""landmarks_bad"": 0, ""landmarks_confirmed"": 31, ""matched"": 7359, ""registrations"": 7249, ""spurious"": 347, ""tracks"": 76, ""unreleased"": 37, ""wrong_track"": 6}","{""ambiguous_registrations"": 0, ""clusters"": 2737, ""dropped_ambiguous"": 103, ""landmarks_bad"": 21, ""landmarks_confirmed"": 21, ""matched"": 2532, ""registrations"": 2513, ""spurious"": 205, ""tracks"": 26, ""unreleased"": 55, ""wrong_track"": 0}","{""ambiguous_registrations"": 0, ""clusters"": 1401, ""dropped_ambiguous"": 76, ""landmarks_bad"": 40, ""landmarks_confirmed"": 26, ""matched"": 1205, ""registrations"": 1154, ""spurious"": 196, ""tracks"": 34, ""unreleased"": 94, ""wrong_track"": 1}"
T1,20,600.0,0.05993555031389988,0.04090496310949758,0.04089390549972757,220.0,4,4,10,0,0.20824898156004262,True,33724,487.6956112739863,0.02195779962514718,0.021900884489511146,0.030190003173920486,0.024141184584780612,0.024139284793825645,0.04331788629524291,0.03741240844547096,0.037337693018701296,0.05229144058824975,0.08103105021543737,0.06776335660101622,0.09405748477498596,4285992,,,,
T2,20,600.0,0.1564964209602643,0.14450013551522364,0.13661158296285408,340.0,4,4,9,0,0.34290363841051225,True,17030,327.7978139439947,0.1410898405251342,0.1407511595685642,0.18677608559381784,0.09824363475129576,0.09823322303595901,0.10328821974577503,0.11414733494770192,0.1124404002501682,0.11580008508557883,0.13724141709384688,0.1366950056887323,0.19748695374545894,4285992,"{""ambiguous_registrations"": 0, ""clusters"": 4655, ""dropped_ambiguous"": 0, ""matched"": 4492, ""registrations"": 0, ""spurious"": 163, ""tracks"": 0, ""wrong_track"": 0}","{""ambiguous_registrations"": 0, ""clusters"": 8086, ""dropped_ambiguous"": 0, ""matched"": 7238, ""registrations"": 0, ""spurious"": 848, ""tracks"": 0, ""wrong_track"": 0}","{""ambiguous_registrations"": 0, ""clusters"": 2801, ""dropped_ambiguous"": 0, ""matched"": 2642, ""registrations"": 0, ""spurious"": 159, ""tracks"": 0, ""wrong_track"": 0}","{""ambiguous_registrations"": 0, ""clusters"": 1488, ""dropped_ambiguous"": 0, ""matched"": 1316, ""registrations"": 0, ""spurious"": 172, ""tracks"": 0, ""wrong_track"": 0}"
T2nn,20,600.0,0.9299194236833818,0.15367209397254175,0.13495013274585216,280.0,4,4,9,0,0.48268314216051683,True,10861,348.88039248099085,0.19141235887868846,0.18818561920145446,0.29245292140595563,0.10855295660995279,0.10765342756276497,0.2179096309255675,1.7029270869305513,1.7069598455671826,1.7905792971629764,0.17302837486469666,0.15855270524236117,0.3461401453990534,4285992,"{""ambiguous_registrations"": 0, ""clusters"": 4666, ""dropped_ambiguous"": 1781, ""matched"": 4501, ""registrations"": 0, ""spurious"": 165, ""tracks"": 141, ""wrong_track"": 167}","{""ambiguous_registrations"": 0, ""clusters"": 8086, ""dropped_ambiguous"": 4104, ""matched"": 7214, ""registrations"": 0, ""spurious"": 872, ""tracks"": 183, ""wrong_track"": 219}","{""ambiguous_registrations"": 0, ""clusters"": 2801, ""dropped_ambiguous"": 263, ""matched"": 2640, ""registrations"": 0, ""spurious"": 161, ""tracks"": 95, ""wrong_track"": 51}","{""ambiguous_registrations"": 0, ""clusters"": 1485, ""dropped_ambiguous"": 29, ""matched"": 1313, ""registrations"": 0, ""spurious"": 172, ""tracks"": 86, ""wrong_track"": 6}"
T2ekf,20,600.0,0.199174363961528,0.1444240929177917,0.13644110924948305,340.0,4,4,8,0,0.5121876570436229,True,16279,324.13757759399596,0.13889961443325172,0.1388846779921889,0.22163524425821932,0.09828322027187938,0.09827143565638256,0.10786952809922075,0.11363242781990276,0.11208497279997688,0.12143250474037733,0.14629248648987292,0.14048064643659144,0.2884056851739335,4285992,"{""ambiguous_registrations"": 0, ""clusters"": 4655, ""dropped_ambiguous"": 8, ""landmarks_bad"": 0, ""landmarks_confirmed"": 41, ""matched"": 4492, ""registrations"": 4344, ""spurious"": 163, ""tracks"": 78, ""unreleased"": 21, ""wrong_track"": 14}","{""ambiguous_registrations"": 0, ""clusters"": 8086, ""dropped_ambiguous"": 446, ""landmarks_bad"": 6, ""landmarks_confirmed"": 45, ""matched"": 7238, ""registrations"": 7398, ""spurious"": 848, ""tracks"": 64, ""unreleased"": 50, ""wrong_track"": 3}","{""ambiguous_registrations"": 0, ""clusters"": 2801, ""dropped_ambiguous"": 52, ""landmarks_bad"": 18, ""landmarks_confirmed"": 25, ""matched"": 2642, ""registrations"": 2632, ""spurious"": 159, ""tracks"": 29, ""unreleased"": 47, ""wrong_track"": 0}","{""ambiguous_registrations"": 0, ""clusters"": 1488, ""dropped_ambiguous"": 51, ""landmarks_bad"": 31, ""landmarks_confirmed"": 27, ""matched"": 1316, ""registrations"": 1273, ""spurious"": 172, ""tracks"": 37, ""unreleased"": 76, ""wrong_track"": 0}"
T1,21,600.0,0.05312467380708354,0.035235072157143506,0.03541966598503404,280.0,4,4,10,0,0.07100534005183465,True,33669,500.1995400659798,0.02156263286288988,0.021549957560875493,0.030912363341352285,0.023966422383205642,0.023966513421067783,0.030513543029612407,0.038359162569106715,0.03862180257369836,0.04758194776499374,0.06856100876247095,0.05314478505331753,0.08448805595915752,4285992,,,,
T2,21,600.0,0.16604964896060684,0.1658207812957691,0.15528320542546448,280.0,4,4,9,0,0.3668481836195451,True,15986,329.422046519001,0.17490788850085823,0.1767397900553744,0.21616931655576208,0.09672346156367222,0.09671664612850964,0.10585055513387137,0.12135094534364026,0.1194240140393665,0.14239033618735705,0.1699573677343706,0.15314482429806842,0.1791128761364756,4285992,"{""ambiguous_registrations"": 0, ""clusters"": 4459, ""dropped_ambiguous"": 0, ""matched"": 4315, ""registrations"": 0, ""spurious"": 144, ""tracks"": 0, ""wrong_track"": 0}","{""ambiguous_registrations"": 0, ""clusters"": 7282, ""dropped_ambiguous"": 0, ""matched"": 6970, ""registrations"": 0, ""spurious"": 312, ""tracks"": 0, ""wrong_track"": 0}","{""ambiguous_registrations"": 0, ""clusters"": 2839, ""dropped_ambiguous"": 0, ""matched"": 2641, ""registrations"": 0, ""spurious"": 198, ""tracks"": 0, ""wrong_track"": 0}","{""ambiguous_registrations"": 0, ""clusters"": 1406, ""dropped_ambiguous"": 0, ""matched"": 1291, ""registrations"": 0, ""spurious"": 115, ""tracks"": 0, ""wrong_track"": 0}"
T2nn,21,600.0,0.847456167237209,0.1705500858306262,0.1547775830551037,280.0,4,4,10,0,0.5059639385430509,True,9488,311.8422921470192,1.619022562929118,1.621100357049417,1.6586606745195942,0.11518407636479466,0.10368049585285133,0.15394234471055587,0.12469501057405172,0.12375505782421269,0.15404392339671788,0.1753057044054684,0.1731059644222771,0.27229545079800477,4285992,"{""ambiguous_registrations"": 0, ""clusters"": 4457, ""dropped_ambiguous"": 1873, ""matched"": 4310, ""registrations"": 0, ""spurious"": 147, ""tracks"": 134, ""wrong_track"": 64}","{""ambiguous_registrations"": 0, ""clusters"": 7326, ""dropped_ambiguous"": 4269, ""matched"": 7020, ""registrations"": 0, ""spurious"": 306, ""tracks"": 156, ""wrong_track"": 381}","{""ambiguous_registrations"": 0, ""clusters"": 2842, ""dropped_ambiguous"": 398, ""matched"": 2641, ""registrations"": 0, ""spurious"": 201, ""tracks"": 97, ""wrong_track"": 9}","{""ambiguous_registrations"": 0, ""clusters"": 1407, ""dropped_ambiguous"": 4, ""matched"": 1290, ""registrations"": 0, ""spurious"": 117, ""tracks"": 79, ""wrong_track"": 4}"
T2ekf,21,600.0,0.17167950242974941,0.1648111570250488,0.15582020344333378,280.0,4,4,9,0,0.39728928263598395,True,15572,331.7044458940218,0.1748364519884237,0.1764173379229254,0.2241117335170041,0.09729460128940373,0.09732775740792517,0.10209175062188611,0.12104646025231099,0.11926386443454183,0.14098600009502224,0.17110051350941632,0.1511361108004078,0.19331207761098038,4285992,"{""ambiguous_registrations"": 0, ""clusters"": 4459, ""dropped_ambiguous"": 26, ""landmarks_bad"": 2, ""landmarks_confirmed"": 43, ""matched"": 4315, ""registrations"": 4128, ""spurious"": 144, ""tracks"": 71, ""unreleased"": 63, ""wrong_track"": 26}","{""ambiguous_registrations"": 0, ""clusters"": 7282, ""dropped_ambiguous"": 65, ""landmarks_bad"": 0, ""landmarks_confirmed"": 34, ""matched"": 6970, ""registrations"": 6891, ""spurious"": 312, ""tracks"": 66, ""unreleased"": 26, ""wrong_track"": 6}","{""ambiguous_registrations"": 0, ""clusters"": 2839, ""dropped_ambiguous"": 78, ""landmarks_bad"": 18, ""landmarks_confirmed"": 25, ""matched"": 2641, ""registrations"": 2633, ""spurious"": 198, ""tracks"": 29, ""unreleased"": 56, ""wrong_track"": 0}","{""ambiguous_registrations"": 0, ""clusters"": 1406, ""dropped_ambiguous"": 33, ""landmarks_bad"": 30, ""landmarks_confirmed"": 28, ""matched"": 1291, ""registrations"": 1239, ""spurious"": 115, ""tracks"": 33, ""unreleased"": 67, ""wrong_track"": 0}"
T1,22,600.0,0.06547191709577331,0.0413415160363686,0.041461793498052985,340.0,4,4,10,0,0.07171482062044066,True,35107,502.46960317800404,0.02044537453053493,0.020472698768119565,0.04150351309560528,0.023997846759677206,0.023999172737585922,0.052457373297484525,0.039083442673404266,0.03938735074510377,0.044880017822291535,0.07761774990593469,0.07302384446692592,0.10323639910663936,4285992,,,,
T2,22,600.0,0.1755610566614119,0.16268166195473416,0.17148292478316007,280.0,4,4,10,0,0.3158228984700306,True,17149,323.05477410400636,0.1782537940772304,0.17802663608029187,0.2486407461061299,0.10120750987515344,0.10119640049136354,0.10968775373932237,0.11810329700473685,0.11557547304715325,0.13627341825688785,0.10652446355426475,0.11502179526602536,0.175677744738137,4285992,"{""ambiguous_registrations"": 0, ""clusters"": 4730, ""dropped_ambiguous"": 0, ""matched"": 4468, ""registrations"": 0, ""spurious"": 262, ""tracks"": 0, ""wrong_track"": 0}","{""ambiguous_registrations"": 0, ""clusters"": 8156, ""dropped_ambiguous"": 0, ""matched"": 7672, ""registrations"": 0, ""spurious"": 484, ""tracks"": 0, ""wrong_track"": 0}","{""ambiguous_registrations"": 0, ""clusters"": 2836, ""dropped_ambiguous"": 0, ""matched"": 2688, ""registrations"": 0, ""spurious"": 148, ""tracks"": 0, ""wrong_track"": 0}","{""ambiguous_registrations"": 0, ""clusters"": 1427, ""dropped_ambiguous"": 0, ""matched"": 1262, ""registrations"": 0, ""spurious"": 165, ""tracks"": 0, ""wrong_track"": 0}"
T2nn,22,600.0,3.187871789575538,0.17319439638124834,0.17512916899390854,300.0,4,4,7,1,0.47292647719890873,True,9943,303.39039776299614,0.17940063051486108,0.1790654716411248,1.5186724823440108,0.40764780809238776,0.4019662331626032,1.0481547595793463,2.1077403467263736,2.10744944330003,4.375864300380828,3.635108284178105,3.5052988366289943,4.254047872683268,4285992,"{""ambiguous_registrations"": 0, ""clusters"": 4756, ""dropped_ambiguous"": 1803, ""matched"": 4506, ""registrations"": 0, ""spurious"": 250, ""tracks"": 142, ""wrong_track"": 55}","{""ambiguous_registrations"": 0, ""clusters"": 8147, ""dropped_ambiguous"": 4878, ""matched"": 7653, ""registrations"": 0, ""spurious"": 494, ""tracks"": 182, ""wrong_track"": 211}","{""ambiguous_registrations"": 0, ""clusters"": 2837, ""dropped_ambiguous"": 519, ""matched"": 2690, ""registrations"": 0, ""spurious"": 147, ""tracks"": 97, ""wrong_track"": 98}","{""ambiguous_registrations"": 0, ""clusters"": 1430, ""dropped_ambiguous"": 27, ""matched"": 1264, ""registrations"": 0, ""spurious"": 166, ""tracks"": 101, ""wrong_track"": 32}"
T2ekf,22,600.0,0.1787108460530655,0.16196281867966317,0.1719545794572472,280.0,4,4,10,0,0.34289301883358086,True,16362,390.1603103239904,0.1696319170625728,0.16959814821962202,0.24689028148370012,0.10083687293995401,0.10078143998353695,0.1111867546666553,0.11895416601421352,0.1163734388189462,0.1397359744716894,0.11402927982683271,0.11577572039741893,0.1868336637815937,4285992,"{""ambiguous_registrations"": 0, ""clusters"": 4730, ""dropped_ambiguous"": 264, ""landmarks_bad"": 3, ""landmarks_confirmed"": 44, ""matched"": 4468, ""registrations"": 4067, ""spurious"": 262, ""tracks"": 80, ""unreleased"": 63, ""wrong_track"": 31}","{""ambiguous_registrations"": 0, ""clusters"": 8156, ""dropped_ambiguous"": 183, ""landmarks_bad"": 2, ""landmarks_confirmed"": 38, ""matched"": 7672, ""registrations"": 7559, ""spurious"": 484, ""tracks"": 74, ""unreleased"": 46, ""wrong_track"": 6}","{""ambiguous_registrations"": 0, ""clusters"": 2836, ""dropped_ambiguous"": 41, ""landmarks_bad"": 13, ""landmarks_confirmed"": 25, ""matched"": 2688, ""registrations"": 2672, ""spurious"": 148, ""tracks"": 32, ""unreleased"": 48, ""wrong_track"": 0}","{""ambiguous_registrations"": 0, ""clusters"": 1427, ""dropped_ambiguous"": 55, ""landmarks_bad"": 37, ""landmarks_confirmed"": 26, ""matched"": 1262, ""registrations"": 1212, ""spurious"": 165, ""tracks"": 33, ""unreleased"": 87, ""wrong_track"": 0}"
T1,23,600.0,0.06715351798745359,0.04262922329312406,0.042651528054140284,240.0,4,4,10,0,0.13116547516893146,True,34793,469.3713243789971,0.021672083796443378,0.021652581295270205,0.03176104691297672,0.023721434677459238,0.023719897010132707,0.03127989441786789,0.04925729736041519,0.0485740114087658,0.06974045325004863,0.0751588986370565,0.07000710785468844,0.10577075775960726,4285992,,,,
T2,23,600.0,0.19625737543813285,0.15523430229304866,0.14804076823692103,280.0,4,4,9,0,0.5318649299433951,True,17335,370.49460901500424,0.1289044353749601,0.12879880653900633,0.2160829349302565,0.09310674295223208,0.09313925197433477,0.09924840351265049,0.13313265168210187,0.13091200185221297,0.14296501082785126,0.18752689221545646,0.1827287724775175,0.2776450161025152,4285992,"{""ambiguous_registrations"": 0, ""clusters"": 5113, ""dropped_ambiguous"": 0, ""matched"": 4956, ""registrations"": 0, ""spurious"": 157, ""tracks"": 0, ""wrong_track"": 0}","{""ambiguous_registrations"": 0, ""clusters"": 7803, ""dropped_ambiguous"": 0, ""matched"": 7508, ""registrations"": 0, ""spurious"": 295, ""tracks"": 0, ""wrong_track"": 0}","{""ambiguous_registrations"": 0, ""clusters"": 2896, ""dropped_ambiguous"": 0, ""matched"": 2625, ""registrations"": 0, ""spurious"": 271, ""tracks"": 0, ""wrong_track"": 0}","{""ambiguous_registrations"": 0, ""clusters"": 1523, ""dropped_ambiguous"": 0, ""matched"": 1270, ""registrations"": 0, ""spurious"": 253, ""tracks"": 0, ""wrong_track"": 0}"
T2nn,23,600.0,0.6834543631984153,0.18200534591731096,0.16328052381303276,340.0,4,4,9,1,1.0889920216614637,False,9330,337.74514349599485,0.1774806427275286,0.17741617390973474,0.25818582801791173,0.10559501609956673,0.10460928038309551,0.19372059392144886,1.21059279654426,1.2085684862839905,1.2683649653782507,0.29655404514454253,0.2648404280267287,0.3943376606440992,4285992,"{""ambiguous_registrations"": 0, ""clusters"": 5113, ""dropped_ambiguous"": 2221, ""matched"": 4954, ""registrations"": 0, ""spurious"": 159, ""tracks"": 134, ""wrong_track"": 52}","{""ambiguous_registrations"": 0, ""clusters"": 7868, ""dropped_ambiguous"": 5449, ""matched"": 7570, ""registrations"": 0, ""spurious"": 298, ""tracks"": 124, ""wrong_track"": 14}","{""ambiguous_registrations"": 0, ""clusters"": 2921, ""dropped_ambiguous"": 387, ""matched"": 2631, ""registrations"": 0, ""spurious"": 290, ""tracks"": 123, ""wrong_track"": 191}","{""ambiguous_registrations"": 0, ""clusters"": 1525, ""dropped_ambiguous"": 40, ""matched"": 1271, ""registrations"": 0, ""spurious"": 254, ""tracks"": 103, ""wrong_track"": 2}"
T2ekf,23,600.0,0.19912692010089633,0.1549931797374987,0.14857258347949165,280.0,4,4,9,0,0.5754637873214411,True,16785,437.5626758450235,0.12820449181824484,0.12797884951577324,0.22122997362484215,0.09254763422976828,0.09258688192261404,0.09994730772956088,0.1335407446692308,0.1324881053544959,0.15167612557533644,0.19328585039417928,0.17887098598100948,0.2768904270889369,4285992,"{""ambiguous_registrations"": 0, ""clusters"": 5113, ""dropped_ambiguous"": 33, ""landmarks_bad"": 1, ""landmarks_confirmed"": 44, ""matched"": 4956, ""registrations"": 4767, ""spurious"": 157, ""tracks"": 73, ""unreleased"": 51, ""wrong_track"": 29}","{""ambiguous_registrations"": 0, ""clusters"": 7803, ""dropped_ambiguous"": 55, ""landmarks_bad"": 1, ""landmarks_confirmed"": 34, ""matched"": 7508, ""registrations"": 7357, ""spurious"": 295, ""tracks"": 77, ""unreleased"": 27, ""wrong_track"": 10}","{""ambiguous_registrations"": 0, ""clusters"": 2896, ""dropped_ambiguous"": 116, ""landmarks_bad"": 21, ""landmarks_confirmed"": 26, ""matched"": 2625, ""registrations"": 2608, ""spurious"": 271, ""tracks"": 36, ""unreleased"": 60, ""wrong_track"": 0}","{""ambiguous_registrations"": 0, ""clusters"": 1523, ""dropped_ambiguous"": 120, ""landmarks_bad"": 39, ""landmarks_confirmed"": 30, ""matched"": 1270, ""registrations"": 1225, ""spurious"": 253, ""tracks"": 41, ""unreleased"": 88, ""wrong_track"": 2}"
T1,24,600.0,0.05175256071547951,0.03892205807673982,0.038884017918713064,260.0,4,4,10,0,0.06214581314653837,True,33520,410.655313397001,0.021527623791132818,0.021504391046837643,0.030620930880859362,0.023970241254394002,0.023970940603324296,0.02793665694011678,0.03422962056487813,0.034262803196992896,0.040378962941475485,0.09126271451155858,0.0685002938357108,0.08581812923391177,4285992,,,,
T2,24,600.0,0.19259761726875452,0.1718331513297726,0.17392954091069973,240.0,4,4,9,0,0.34378705240802376,True,15871,294.92697578301886,0.18536502494829846,0.18501607176485427,0.2681396811965527,0.0929995988196604,0.09295415860016587,0.10847634724151778,0.11104979330040239,0.11008238905929159,0.12891553631916294,0.13619349858931865,0.13960907426463723,0.21929465716906546,4285992,"{""ambiguous_registrations"": 0, ""clusters"": 4206, ""dropped_ambiguous"": 0, ""matched"": 4078, ""registrations"": 0, ""spurious"": 128, ""tracks"": 0, ""wrong_track"": 0}","{""ambiguous_registrations"": 0, ""clusters"": 7428, ""dropped_ambiguous"": 0, ""matched"": 7182, ""registrations"": 0, ""spurious"": 246, ""tracks"": 0, ""wrong_track"": 0}","{""ambiguous_registrations"": 0, ""clusters"": 2720, ""dropped_ambiguous"": 0, ""matched"": 2606, ""registrations"": 0, ""spurious"": 114, ""tracks"": 0, ""wrong_track"": 0}","{""ambiguous_registrations"": 0, ""clusters"": 1517, ""dropped_ambiguous"": 0, ""matched"": 1282, ""registrations"": 0, ""spurious"": 235, ""tracks"": 0, ""wrong_track"": 0}"
T2nn,24,600.0,2.9767400205220302,0.1786896769216276,0.15742330932258117,240.0,4,4,8,0,0.899853180230709,True,9416,317.5499803140119,1.2263720018456095,1.1834675635937089,1.916796051043929,3.567628919884793,3.5727170148749234,4.76573184101571,0.15512889887311598,0.12604814779494425,0.7012875299550712,2.3313306488848897,2.3313752452799528,2.926741074586359,4285992,"{""ambiguous_registrations"": 0, ""clusters"": 4202, ""dropped_ambiguous"": 1964, ""matched"": 4080, ""registrations"": 0, ""spurious"": 122, ""tracks"": 167, ""wrong_track"": 120}","{""ambiguous_registrations"": 0, ""clusters"": 7444, ""dropped_ambiguous"": 4283, ""matched"": 7207, ""registrations"": 0, ""spurious"": 237, ""tracks"": 186, ""wrong_track"": 503}","{""ambiguous_registrations"": 0, ""clusters"": 2718, ""dropped_ambiguous"": 172, ""matched"": 2609, ""registrations"": 0, ""spurious"": 109, ""tracks"": 92, ""wrong_track"": 7}","{""ambiguous_registrations"": 0, ""clusters"": 1519, ""dropped_ambiguous"": 48, ""matched"": 1282, ""registrations"": 0, ""spurious"": 237, ""tracks"": 99, ""wrong_track"": 7}"
T2ekf,24,600.0,0.20421283597630882,0.17417708629701983,0.17101801945819078,240.0,4,4,10,0,0.42225476984009114,True,15206,314.4081255730125,0.18614037455138518,0.18678117035360217,0.27245966135356775,0.09314370155018228,0.09311719999726249,0.10841000907233896,0.11009075579934925,0.10933866460180737,0.12422506655612608,0.13955151637217256,0.14103821786097567,0.25571989601340733,4285992,"{""ambiguous_registrations"": 0, ""clusters"": 4206, ""dropped_ambiguous"": 268, ""landmarks_bad"": 1, ""landmarks_confirmed"": 38, ""matched"": 4078, ""registrations"": 3698, ""spurious"": 128, ""tracks"": 59, ""unreleased"": 54, ""wrong_track"": 4}","{""ambiguous_registrations"": 0, ""clusters"": 7428, ""dropped_ambiguous"": 45, ""landmarks_bad"": 1, ""landmarks_confirmed"": 33, ""matched"": 7182, ""registrations"": 7080, ""spurious"": 246, ""tracks"": 66, ""unreleased"": 25, ""wrong_track"": 0}","{""ambiguous_registrations"": 0, ""clusters"": 2720, ""dropped_ambiguous"": 22, ""landmarks_bad"": 9, ""landmarks_confirmed"": 26, ""matched"": 2606, ""registrations"": 2591, ""spurious"": 114, ""tracks"": 29, ""unreleased"": 39, ""wrong_track"": 0}","{""ambiguous_registrations"": 0, ""clusters"": 1517, ""dropped_ambiguous"": 119, ""landmarks_bad"": 45, ""landmarks_confirmed"": 29, ""matched"": 1282, ""registrations"": 1229, ""spurious"": 235, ""tracks"": 36, ""unreleased"": 93, ""wrong_track"": 0}"
T1,25,600.0,0.0772568289924023,0.040224057076803196,0.03996849936272577,240.0,4,4,10,0,0.07208076858816373,True,34798,516.3481787809869,0.02058275808518244,0.020561541842354113,0.04275504454212788,0.024573525357878077,0.024573003005059987,0.05927008796769765,0.03384536145037913,0.033815174294875565,0.05767977880821797,0.0707634686665613,0.06757766968858787,0.12331494823816885,4285992,,,,
T2,25,600.0,0.1752881952146349,0.15084154265499386,0.1307156511802341,300.0,4,4,9,0,0.4114555758928309,True,17174,352.84161082899664,0.1416325076870026,0.14130023494405017,0.21211122457478587,0.10426276451956903,0.10396487918602133,0.11908938721101027,0.08550445845122852,0.08482966138338535,0.10193810707962324,0.10882550784190725,0.11467579257429478,0.23095232000248422,4285992,"{""ambiguous_registrations"": 0, ""clusters"": 4819, ""dropped_ambiguous"": 0, ""matched"": 4652, ""registrations"": 0, ""spurious"": 167, ""tracks"": 0, ""wrong_track"": 0}","{""ambiguous_registrations"": 0, ""clusters"": 8213, ""dropped_ambiguous"": 0, ""matched"": 7442, ""registrations"": 0, ""spurious"": 771, ""tracks"": 0, ""wrong_track"": 0}","{""ambiguous_registrations"": 0, ""clusters"": 2764, ""dropped_ambiguous"": 0, ""matched"": 2587, ""registrations"": 0, ""spurious"": 177, ""tracks"": 0, ""wrong_track"": 0}","{""ambiguous_registrations"": 0, ""clusters"": 1378, ""dropped_ambiguous"": 0, ""matched"": 1261, ""registrations"": 0, ""spurious"": 117, ""tracks"": 0, ""wrong_track"": 0}"
T2nn,25,600.0,3.51944951769974,0.14395337522379015,0.13448962313852705,300.0,4,4,8,3,1.1456790071167402,False,8667,301.6085281330161,0.15498093316556297,0.15370969723035896,1.5540424305996572,0.28975190186264743,0.2898371242860654,0.8880976107867783,4.487139192211466,4.485196094917788,6.692045585340548,1.1811810057184093,1.1578033698003962,1.248543259916347,4285992,"{""ambiguous_registrations"": 0, ""clusters"": 4831, ""dropped_ambiguous"": 1787, ""matched"": 4661, ""registrations"": 0, ""spurious"": 170, ""tracks"": 140, ""wrong_track"": 33}","{""ambiguous_registrations"": 0, ""clusters"": 8205, ""dropped_ambiguous"": 6062, ""matched"": 7444, ""registrations"": 0, ""spurious"": 761, ""tracks"": 134, ""wrong_track"": 7}","{""ambiguous_registrations"": 0, ""clusters"": 2753, ""dropped_ambiguous"": 631, ""matched"": 2585, ""registrations"": 0, ""spurious"": 168, ""tracks"": 98, ""wrong_track"": 96}","{""ambiguous_registrations"": 0, ""clusters"": 1382, ""dropped_ambiguous"": 24, ""matched"": 1263, ""registrations"": 0, ""spurious"": 119, ""tracks"": 84, ""wrong_track"": 35}"
T2ekf,25,600.0,0.1824207741974066,0.1486221824444542,0.1309840992062684,300.0,4,4,8,0,0.5228333312786664,True,16449,398.6816156040004,0.14110928964718134,0.14086707064068227,0.22435641604747147,0.10395945089150345,0.10396144321939457,0.11422556384921478,0.08565233881752769,0.08486557039022333,0.09189793335071751,0.11150578296651048,0.11403694745636775,0.24754968071612363,4285992,"{""ambiguous_registrations"": 0, ""clusters"": 4819, ""dropped_ambiguous"": 51, ""landmarks_bad"": 0, ""landmarks_confirmed"": 42, ""matched"": 4652, ""registrations"": 4431, ""spurious"": 167, ""tracks"": 82, ""unreleased"": 42, ""wrong_track"": 12}","{""ambiguous_registrations"": 0, ""clusters"": 8213, ""dropped_ambiguous"": 370, ""landmarks_bad"": 6, ""landmarks_confirmed"": 40, ""matched"": 7442, ""registrations"": 7498, ""spurious"": 771, ""tracks"": 69, ""unreleased"": 42, ""wrong_track"": 0}","{""ambiguous_registrations"": 0, ""clusters"": 2759, ""dropped_ambiguous"": 65, ""landmarks_bad"": 21, ""landmarks_confirmed"": 23, ""matched"": 2587, ""registrations"": 2581, ""spurious"": 172, ""tracks"": 26, ""unreleased"": 54, ""wrong_track"": 0}","{""ambiguous_registrations"": 0, ""clusters"": 1378, ""dropped_ambiguous"": 30, ""landmarks_bad"": 28, ""landmarks_confirmed"": 27, ""matched"": 1261, ""registrations"": 1205, ""spurious"": 117, ""tracks"": 36, ""unreleased"": 66, ""wrong_track"": 0}"
T1,26,600.0,0.05677331393213345,0.0399401935491051,0.03989836701397963,280.0,4,4,10,0,0.1862098599665981,True,35111,485.26765500498004,0.0205286500841578,0.02052512005272747,0.03200723904826432,0.023979751551658022,0.023978583121347347,0.03233317430786664,0.04188537758036132,0.0427097551395712,0.04752745071275646,0.109689380469435,0.07434144006718083,0.0925423179727912,4285992,,,,
T2,26,600.0,0.16702100726700653,0.15864146573240484,0.14774159635610018,400.0,4,4,8,0,0.1741173924466846,True,17295,388.4076573509956,0.15583288723472477,0.15587847028238114,0.2191041409322952,0.0936743204819182,0.09355013030986235,0.10299325116467732,0.13305882469934965,0.13196409219656585,0.13840883071281088,0.10854813596025792,0.1114422577467049,0.18388264925083309,4285992,"{""ambiguous_registrations"": 0, ""clusters"": 4951, ""dropped_ambiguous"": 0, ""matched"": 4714, ""registrations"": 0, ""spurious"": 237, ""tracks"": 0, ""wrong_track"": 0}","{""ambiguous_registrations"": 0, ""clusters"": 8031, ""dropped_ambiguous"": 0, ""matched"": 7611, ""registrations"": 0, ""spurious"": 420, ""tracks"": 0, ""wrong_track"": 0}","{""ambiguous_registrations"": 0, ""clusters"": 2940, ""dropped_ambiguous"": 0, ""matched"": 2685, ""registrations"": 0, ""spurious"": 255, ""tracks"": 0, ""wrong_track"": 0}","{""ambiguous_registrations"": 0, ""clusters"": 1373, ""dropped_ambiguous"": 0, ""matched"": 1259, ""registrations"": 0, ""spurious"": 114, ""tracks"": 0, ""wrong_track"": 0}"
T2nn,26,600.0,1.694955796771203,0.1662268607899142,0.15473139801289318,280.0,4,4,8,0,0.19881940535768453,True,8951,290.1486978380126,0.15336697125801632,0.150952641372971,0.6230796302517632,2.010838125290293,2.01097993863821,3.2057720637825136,0.16014692463040237,0.15950823008268572,0.5663603219288027,0.12846710923964214,0.12590306784530225,0.7110090345521985,4285992,"{""ambiguous_registrations"": 0, ""clusters"": 4890, ""dropped_ambiguous"": 2759, ""matched"": 4663, ""registrations"": 0, ""spurious"": 227, ""tracks"": 165, ""wrong_track"": 35}","{""ambiguous_registrations"": 0, ""clusters"": 8072, ""dropped_ambiguous"": 5135, ""matched"": 7633, ""registrations"": 0, ""spurious"": 439, ""tracks"": 163, ""wrong_track"": 121}","{""ambiguous_registrations"": 0, ""clusters"": 2942, ""dropped_ambiguous"": 409, ""matched"": 2686, ""registrations"": 0, ""spurious"": 256, ""tracks"": 90, ""wrong_track"": 4}","{""ambiguous_registrations"": 0, ""clusters"": 1372, ""dropped_ambiguous"": 22, ""matched"": 1258, ""registrations"": 0, ""spurious"": 114, ""tracks"": 79, ""wrong_track"": 1}"
T2ekf,26,600.0,0.16153441990476752,0.15505576398794657,0.1503671639755606,340.0,4,4,9,0,0.1912668521425264,True,16427,429.16090317000635,0.16114291950052434,0.16073844482584052,0.20884067136689005,0.09558751925699421,0.0955361049240967,0.10494332541921719,0.132866662818036,0.13169722965565167,0.13584329002739587,0.1101647416541821,0.10875610376605721,0.17689699896661548,4285992,"{""ambiguous_registrations"": 0, ""clusters"": 4951, ""dropped_ambiguous"": 316, ""landmarks_bad"": 1, ""landmarks_confirmed"": 42, ""matched"": 4713, ""registrations"": 4251, ""spurious"": 238, ""tracks"": 88, ""unreleased"": 55, ""wrong_track"": 27}","{""ambiguous_registrations"": 0, ""clusters"": 8037, ""dropped_ambiguous"": 151, ""landmarks_bad"": 3, ""landmarks_confirmed"": 39, ""matched"": 7600, ""registrations"": 7542, ""spurious"": 437, ""tracks"": 66, ""unreleased"": 43, ""wrong_track"": 3}","{""ambiguous_registrations"": 0, ""clusters"": 2946, ""dropped_ambiguous"": 147, ""landmarks_bad"": 22, ""landmarks_confirmed"": 23, ""matched"": 2687, ""registrations"": 2662, ""spurious"": 259, ""tracks"": 29, ""unreleased"": 63, ""wrong_track"": 1}","{""ambiguous_registrations"": 0, ""clusters"": 1377, ""dropped_ambiguous"": 31, ""landmarks_bad"": 31, ""landmarks_confirmed"": 26, ""matched"": 1261, ""registrations"": 1207, ""spurious"": 116, ""tracks"": 30, ""unreleased"": 78, ""wrong_track"": 2}"
T1,27,600.0,0.05111430833485284,0.039444684947219776,0.03960037317388655,220.0,4,4,10,0,0.09962227966339282,True,34059,491.95478712400654,0.021257085776251662,0.021238080728709387,0.03089663164525758,0.024169568686632885,0.024168450353800806,0.030456619285020175,0.039894508740202166,0.03944436654559819,0.04679014403125817,0.07524837836822082,0.07157339271863632,0.07986967498644493,4285992,,,,
T2,27,600.0,0.18846561682019883,0.17294625700730867,0.17172408057711877,280.0,4,4,9,0,0.18682234253964825,True,16545,318.53549849201227,0.16750360452812146,0.16689292658235988,0.22333520327863257,0.08993531089334893,0.08996707976330574,0.09207996251204402,0.15082207307491952,0.14817308254297956,0.16234201373527052,0.1973950212957888,0.20877967370968376,0.23950969281079565,4285992,"{""ambiguous_registrations"": 0, ""clusters"": 4655, ""dropped_ambiguous"": 0, ""matched"": 4489, ""registrations"": 0, ""spurious"": 166, ""tracks"": 0, ""wrong_track"": 0}","{""ambiguous_registrations"": 0, ""clusters"": 7705, ""dropped_ambiguous"": 0, ""matched"": 7348, ""registrations"": 0, ""spurious"": 357, ""tracks"": 0, ""wrong_track"": 0}","{""ambiguous_registrations"": 0, ""clusters"": 2780, ""dropped_ambiguous"": 0, ""matched"": 2609, ""registrations"": 0, ""spurious"": 171, ""tracks"": 0, ""wrong_track"": 0}","{""ambiguous_registrations"": 0, ""clusters"": 1405, ""dropped_ambiguous"": 0, ""matched"": 1236, ""registrations"": 0, ""spurious"": 169, ""tracks"": 0, ""wrong_track"": 0}"
T2nn,27,600.0,0.18449913122561196,0.17532915829960863,0.16924337853249205,,3,4,7,1,nan,False,9451,301.79674722100026,0.21140175077954526,0.20374027731805097,0.2348776286768065,0.09260305417033256,0.09301136638397045,0.102126083518622,0.1716560406308423,0.17021093559485556,0.19110874098618402,5.883186828589761,5.8294930801947915,nan,4285992,"{""ambiguous_registrations"": 0, ""clusters"": 4590, ""dropped_ambiguous"": 2086, ""matched"": 4428, ""registrations"": 0, ""spurious"": 162, ""tracks"": 140, ""wrong_track"": 53}","{""ambiguous_registrations"": 0, ""clusters"": 7685, ""dropped_ambiguous"": 4653, ""matched"": 7333, ""registrations"": 0, ""spurious"": 352, ""tracks"": 118, ""wrong_track"": 9}","{""ambiguous_registrations"": 0, ""clusters"": 2780, ""dropped_ambiguous"": 255, ""matched"": 2609, ""registrations"": 0, ""spurious"": 171, ""tracks"": 84, ""wrong_track"": 52}","{""ambiguous_registrations"": 0, ""clusters"": 1411, ""dropped_ambiguous"": 21, ""matched"": 1236, ""registrations"": 0, ""spurious"": 175, ""tracks"": 108, ""wrong_track"": 99}"
T2ekf,27,600.0,0.1828510936483959,0.17351161546943916,0.1722055651398455,280.0,4,4,9,0,0.26236021332802056,True,16113,451.3768648439727,0.16464406214226665,0.1651871315294398,0.20706798380067437,0.08897072572463254,0.08897915690869307,0.09370537073760662,0.1506145903562204,0.14822571780150032,0.17896201224039546,0.2031628751894344,0.2082989415526901,0.22372492384215423,4285992,"{""ambiguous_registrations"": 0, ""clusters"": 4655, ""dropped_ambiguous"": 10, ""landmarks_bad"": 0, ""landmarks_confirmed"": 42, ""matched"": 4489, ""registrations"": 4314, ""spurious"": 166, ""tracks"": 81, ""unreleased"": 46, ""wrong_track"": 35}","{""ambiguous_registrations"": 0, ""clusters"": 7705, ""dropped_ambiguous"": 79, ""landmarks_bad"": 0, ""landmarks_confirmed"": 34, ""matched"": 7348, ""registrations"": 7248, ""spurious"": 357, ""tracks"": 73, ""unreleased"": 20, ""wrong_track"": 5}","{""ambiguous_registrations"": 0, ""clusters"": 2780, ""dropped_ambiguous"": 68, ""landmarks_bad"": 22, ""landmarks_confirmed"": 25, ""matched"": 2609, ""registrations"": 2601, ""spurious"": 171, ""tracks"": 27, ""unreleased"": 52, ""wrong_track"": 0}","{""ambiguous_registrations"": 0, ""clusters"": 1409, ""dropped_ambiguous"": 66, ""landmarks_bad"": 35, ""landmarks_confirmed"": 27, ""matched"": 1236, ""registrations"": 1173, ""spurious"": 173, ""tracks"": 37, ""unreleased"": 95, ""wrong_track"": 0}"
T1,28,600.0,0.05431816364976172,0.03882229191383462,0.03863201150621537,280.0,4,4,10,0,0.12167938855446403,True,34174,529.7145877750008,0.0207396060144177,0.020747070418523687,0.036052036943151164,0.024706630692653636,0.024708011244940976,0.04546541663164634,0.03148520353694716,0.03137217670154547,0.04230183961963701,0.05739718983364064,0.05728430076474926,0.08152025819809558,4285992,,,,
T2,28,600.0,0.15954322374802182,0.16670432233056393,0.12711017971575445,280.0,4,4,8,0,0.3033299488467553,True,16745,326.4028770980076,0.1612381762031947,0.1616631061105038,0.21960493831494785,0.09183167249328618,0.09181094092228324,0.09996695118694673,0.11774289654917049,0.11552061660141917,0.1286874684949454,0.10324248063530407,0.09474250485471977,0.16442620279652026,4285992,"{""ambiguous_registrations"": 0, ""clusters"": 4866, ""dropped_ambiguous"": 0, ""matched"": 4674, ""registrations"": 0, ""spurious"": 192, ""tracks"": 0, ""wrong_track"": 0}","{""ambiguous_registrations"": 0, ""clusters"": 7842, ""dropped_ambiguous"": 0, ""matched"": 7413, ""registrations"": 0, ""spurious"": 429, ""tracks"": 0, ""wrong_track"": 0}","{""ambiguous_registrations"": 0, ""clusters"": 2692, ""dropped_ambiguous"": 0, ""matched"": 2563, ""registrations"": 0, ""spurious"": 129, ""tracks"": 0, ""wrong_track"": 0}","{""ambiguous_registrations"": 0, ""clusters"": 1345, ""dropped_ambiguous"": 0, ""matched"": 1241, ""registrations"": 0, ""spurious"": 104, ""tracks"": 0, ""wrong_track"": 0}"
T2nn,28,600.0,0.9680209794482448,0.16334013834312122,0.127899032023731,280.0,4,4,7,0,0.37479088708583247,True,10458,317.3777768370055,0.13957718619107332,0.140849166323768,0.21311453387164228,0.09524208748076667,0.09415256894182887,0.22440688093746747,1.7515354581078753,1.7553191254361424,1.8836699832964374,0.25985835098712085,0.1306297030901683,0.3229080486397731,4285992,"{""ambiguous_registrations"": 0, ""clusters"": 4877, ""dropped_ambiguous"": 2243, ""matched"": 4675, ""registrations"": 0, ""spurious"": 202, ""tracks"": 125, ""wrong_track"": 41}","{""ambiguous_registrations"": 0, ""clusters"": 7857, ""dropped_ambiguous"": 3892, ""matched"": 7429, ""registrations"": 0, ""spurious"": 428, ""tracks"": 158, ""wrong_track"": 147}","{""ambiguous_registrations"": 0, ""clusters"": 2694, ""dropped_ambiguous"": 95, ""matched"": 2562, ""registrations"": 0, ""spurious"": 132, ""tracks"": 94, ""wrong_track"": 74}","{""ambiguous_registrations"": 0, ""clusters"": 1343, ""dropped_ambiguous"": 83, ""matched"": 1240, ""registrations"": 0, ""spurious"": 103, ""tracks"": 71, ""wrong_track"": 2}"
T2ekf,28,600.0,0.15427456512158294,0.16412613768591397,0.1289567016093668,280.0,4,4,8,0,0.35125736710813127,True,15841,402.8322984330007,0.15696155936668998,0.1571952993688239,0.21219188996925642,0.09213305547724696,0.09210178708088611,0.10777763834899459,0.1180754395563347,0.11576807056473036,0.12417356827372508,0.10509057165172657,0.09213096431406768,0.15212518929872526,4285992,"{""ambiguous_registrations"": 0, ""clusters"": 4868, ""dropped_ambiguous"": 470, ""landmarks_bad"": 2, ""landmarks_confirmed"": 43, ""matched"": 4677, ""registrations"": 4092, ""spurious"": 191, ""tracks"": 70, ""unreleased"": 44, ""wrong_track"": 36}","{""ambiguous_registrations"": 0, ""clusters"": 7835, ""dropped_ambiguous"": 190, ""landmarks_bad"": 1, ""landmarks_confirmed"": 39, ""matched"": 7373, ""registrations"": 7312, ""spurious"": 462, ""tracks"": 74, ""unreleased"": 30, ""wrong_track"": 0}","{""ambiguous_registrations"": 0, ""clusters"": 2699, ""dropped_ambiguous"": 46, ""landmarks_bad"": 16, ""landmarks_confirmed"": 26, ""matched"": 2565, ""registrations"": 2544, ""spurious"": 134, ""tracks"": 30, ""unreleased"": 42, ""wrong_track"": 1}","{""ambiguous_registrations"": 0, ""clusters"": 1344, ""dropped_ambiguous"": 27, ""landmarks_bad"": 27, ""landmarks_confirmed"": 28, ""matched"": 1240, ""registrations"": 1190, ""spurious"": 104, ""tracks"": 35, ""unreleased"": 56, ""wrong_track"": 0}"
T1,29,600.0,0.05843507161903642,0.035968819972013934,0.036075598159818756,220.0,4,4,10,0,0.18888979555885144,True,35130,505.60814251200645,0.02200149268634489,0.021999901477156792,0.04482989508803999,0.02287343828426897,0.02287282249774063,0.03720783679167345,0.03535441329934182,0.034746115708420365,0.04437339469661173,0.06550137980268478,0.053960697820518266,0.09107957845349247,4285992,,,,
T2,29,600.0,0.1574671207462483,0.15771208587016577,0.16019028052677567,220.0,4,4,10,0,0.31915095781355607,True,16819,326.8192173069983,0.17126278651176596,0.17105771948578838,0.2198099417505537,0.09275788769654729,0.09276532499924939,0.09936765793788736,0.1258809291989658,0.1237041963261194,0.1392003513578688,0.12020637406758936,0.1373608324159589,0.14702549680193988,4285992,"{""ambiguous_registrations"": 0, ""clusters"": 4749, ""dropped_ambiguous"": 0, ""matched"": 4598, ""registrations"": 0, ""spurious"": 151, ""tracks"": 0, ""wrong_track"": 0}","{""ambiguous_registrations"": 0, ""clusters"": 7836, ""dropped_ambiguous"": 0, ""matched"": 7483, ""registrations"": 0, ""spurious"": 353, ""tracks"": 0, ""wrong_track"": 0}","{""ambiguous_registrations"": 0, ""clusters"": 2799, ""dropped_ambiguous"": 0, ""matched"": 2623, ""registrations"": 0, ""spurious"": 176, ""tracks"": 0, ""wrong_track"": 0}","{""ambiguous_registrations"": 0, ""clusters"": 1435, ""dropped_ambiguous"": 0, ""matched"": 1267, ""registrations"": 0, ""spurious"": 168, ""tracks"": 0, ""wrong_track"": 0}"
T2nn,29,600.0,1.0657415330858346,0.15844474981694895,0.15527648748732795,220.0,4,4,8,1,0.3189124553172186,True,9461,333.81496910599526,0.1674625077888568,0.16654590476843426,0.5041067735721235,0.18544423275141328,0.11387510803285622,0.321064440834856,0.13186704169960994,0.13083785826305755,0.3809231204056935,1.3483250831186244,1.3507373795652808,2.0102018862261257,4285992,"{""ambiguous_registrations"": 0, ""clusters"": 4785, ""dropped_ambiguous"": 1910, ""matched"": 4625, ""registrations"": 0, ""spurious"": 160, ""tracks"": 120, ""wrong_track"": 19}","{""ambiguous_registrations"": 0, ""clusters"": 7884, ""dropped_ambiguous"": 5068, ""matched"": 7534, ""registrations"": 0, ""spurious"": 350, ""tracks"": 145, ""wrong_track"": 88}","{""ambiguous_registrations"": 0, ""clusters"": 2800, ""dropped_ambiguous"": 398, ""matched"": 2623, ""registrations"": 0, ""spurious"": 177, ""tracks"": 94, ""wrong_track"": 17}","{""ambiguous_registrations"": 0, ""clusters"": 1440, ""dropped_ambiguous"": 72, ""matched"": 1270, ""registrations"": 0, ""spurious"": 170, ""tracks"": 95, ""wrong_track"": 5}"
T2ekf,29,600.0,0.15431272962826384,0.15844814405938348,0.15989248155455552,220.0,4,4,10,0,0.30599832735820864,True,16347,336.76534229298704,0.1696209229330376,0.16895352270817662,0.21742361295037696,0.09178917860435656,0.09198445485710371,0.09892713407601375,0.1261789022627372,0.12403159642752856,0.13930338178518956,0.12096294656896565,0.13019133043768671,0.137057056000862,4285992,"{""ambiguous_registrations"": 0, ""clusters"": 4749, ""dropped_ambiguous"": 42, ""landmarks_bad"": 1, ""landmarks_confirmed"": 44, ""matched"": 4598, ""registrations"": 4448, ""spurious"": 151, ""tracks"": 67, ""unreleased"": 46, ""wrong_track"": 13}","{""ambiguous_registrations"": 0, ""clusters"": 7836, ""dropped_ambiguous"": 91, ""landmarks_bad"": 0, ""landmarks_confirmed"": 37, ""matched"": 7483, ""registrations"": 7398, ""spurious"": 353, ""tracks"": 67, ""unreleased"": 34, ""wrong_track"": 0}","{""ambiguous_registrations"": 0, ""clusters"": 2799, ""dropped_ambiguous"": 55, ""landmarks_bad"": 16, ""landmarks_confirmed"": 25, ""matched"": 2623, ""registrations"": 2612, ""spurious"": 176, ""tracks"": 34, ""unreleased"": 44, ""wrong_track"": 0}","{""ambiguous_registrations"": 0, ""clusters"": 1439, ""dropped_ambiguous"": 70, ""landmarks_bad"": 41, ""landmarks_confirmed"": 28, ""matched"": 1269, ""registrations"": 1209, ""spurious"": 170, ""tracks"": 31, ""unreleased"": 94, ""wrong_track"": 0}"
T1,30,600.0,0.063669214777783,0.036930622482361945,0.03717475377999125,280.0,4,4,10,0,0.12006800548437016,True,34956,469.86017844401067,0.021610804932287005,0.021570445473680387,0.03670727214517792,0.024511686958859046,0.024510807110819283,0.03855879283608403,0.039295403236600725,0.03956441089018227,0.050143981663620066,0.07833904496956623,0.06389550866414466,0.104242277465912,4285992,,,,
T2,30,600.0,0.1433990241138931,0.15392517179060225,0.13910289124040157,240.0,4,4,9,0,0.2906976865410546,True,16988,356.3224806119979,0.16368876662065024,0.16364363338420282,0.1954684100640677,0.09018201591811002,0.09019905748172119,0.09528606729031028,0.11472081600059239,0.11304065713843305,0.13841243390857913,0.11967854276891139,0.12001602928955389,0.12572901277804868,4285992,"{""ambiguous_registrations"": 0, ""clusters"": 4735, ""dropped_ambiguous"": 0, ""matched"": 4614, ""registrations"": 0, ""spurious"": 121, ""tracks"": 0, ""wrong_track"": 0}","{""ambiguous_registrations"": 0, ""clusters"": 7975, ""dropped_ambiguous"": 0, ""matched"": 7784, ""registrations"": 0, ""spurious"": 191, ""tracks"": 0, ""wrong_track"": 0}","{""ambiguous_registrations"": 0, ""clusters"": 2842, ""dropped_ambiguous"": 0, ""matched"": 2619, ""registrations"": 0, ""spurious"": 223, ""tracks"": 0, ""wrong_track"": 0}","{""ambiguous_registrations"": 0, ""clusters"": 1436, ""dropped_ambiguous"": 0, ""matched"": 1289, ""registrations"": 0, ""spurious"": 147, ""tracks"": 0, ""wrong_track"": 0}"
T2nn,30,600.0,0.24163970337556942,0.1734536172567053,0.15127804629248465,280.0,4,4,7,0,0.3492242990268711,True,8989,299.6944156179961,0.18891287036866314,0.1887712868962419,0.2595374401890185,0.27071078513502383,0.27132294583175576,0.286499971972125,0.1335867159220135,0.13582879992679212,0.17538591154662775,0.15958942138605783,0.14154167204717946,0.23099101761928836,4285992,"{""ambiguous_registrations"": 0, ""clusters"": 4731, ""dropped_ambiguous"": 1786, ""matched"": 4616, ""registrations"": 0, ""spurious"": 115, ""tracks"": 131, ""wrong_track"": 70}","{""ambiguous_registrations"": 0, ""clusters"": 7932, ""dropped_ambiguous"": 5391, ""matched"": 7754, ""registrations"": 0, ""spurious"": 178, ""tracks"": 156, ""wrong_track"": 56}","{""ambiguous_registrations"": 0, ""clusters"": 2849, ""dropped_ambiguous"": 690, ""matched"": 2619, ""registrations"": 0, ""spurious"": 230, ""tracks"": 100, ""wrong_track"": 14}","{""ambiguous_registrations"": 0, ""clusters"": 1432, ""dropped_ambiguous"": 88, ""matched"": 1289, ""registrations"": 0, ""spurious"": 143, ""tracks"": 87, ""wrong_track"": 10}"
T2ekf,30,600.0,0.14614963324781108,0.1553225382622187,0.14074202677528896,280.0,4,4,9,0,0.24697000011752301,True,16361,352.5946207240049,0.1658714600594272,0.1657981522687738,0.20163791387070093,0.08977040530680411,0.08978066865029267,0.09352926445861345,0.11415173635320466,0.11255754299035518,0.13851408994403053,0.12765173576634026,0.11681384383400999,0.12979651944701098,4285992,"{""ambiguous_registrations"": 0, ""clusters"": 4735, ""dropped_ambiguous"": 249, ""landmarks_bad"": 3, ""landmarks_confirmed"": 39, ""matched"": 4614, ""registrations"": 4215, ""spurious"": 121, ""tracks"": 66, ""unreleased"": 49, ""wrong_track"": 26}","{""ambiguous_registrations"": 0, ""clusters"": 7975, ""dropped_ambiguous"": 40, ""landmarks_bad"": 0, ""landmarks_confirmed"": 36, ""matched"": 7784, ""registrations"": 7649, ""spurious"": 191, ""tracks"": 68, ""unreleased"": 24, ""wrong_track"": 0}","{""ambiguous_registrations"": 0, ""clusters"": 2853, ""dropped_ambiguous"": 88, ""landmarks_bad"": 21, ""landmarks_confirmed"": 24, ""matched"": 2621, ""registrations"": 2596, ""spurious"": 232, ""tracks"": 37, ""unreleased"": 58, ""wrong_track"": 1}","{""ambiguous_registrations"": 0, ""clusters"": 1428, ""dropped_ambiguous"": 44, ""landmarks_bad"": 32, ""landmarks_confirmed"": 27, ""matched"": 1286, ""registrations"": 1227, ""spurious"": 142, ""tracks"": 35, ""unreleased"": 78, ""wrong_track"": 1}"
T1,31,600.0,0.056165381906739247,0.04337427603259716,0.04339731456478603,220.0,4,4,10,0,0.13127039813347238,True,33124,526.9203039960121,0.021404520063706127,0.02137167548140488,0.03282077476851346,0.02472940184554124,0.024730084886814815,0.03365916601893421,0.0391142029076066,0.03912258684323121,0.042497649426564185,0.07669968203916723,0.07300079422081132,0.09274700846194811,4285992,,,,
T2,31,600.0,0.18059350521602166,0.16483076538416042,0.15312630375822706,340.0,4,4,10,0,0.6747368523225631,True,16438,300.2369396169961,0.15323842537370042,0.1538332323166718,0.20892650281824685,0.09285004753016408,0.09278919561586306,0.09753206256575256,0.1353515303922071,0.13321048646232198,0.1428490300665447,0.17403170864190684,0.16544173408189145,0.2385108473543532,4285992,"{""ambiguous_registrations"": 0, ""clusters"": 4438, ""dropped_ambiguous"": 0, ""matched"": 4339, ""registrations"": 0, ""spurious"": 99, ""tracks"": 0, ""wrong_track"": 0}","{""ambiguous_registrations"": 0, ""clusters"": 7780, ""dropped_ambiguous"": 0, ""matched"": 7263, ""registrations"": 0, ""spurious"": 517, ""tracks"": 0, ""wrong_track"": 0}","{""ambiguous_registrations"": 0, ""clusters"": 2861, ""dropped_ambiguous"": 0, ""matched"": 2669, ""registrations"": 0, ""spurious"": 192, ""tracks"": 0, ""wrong_track"": 0}","{""ambiguous_registrations"": 0, ""clusters"": 1359, ""dropped_ambiguous"": 0, ""matched"": 1218, ""registrations"": 0, ""spurious"": 141, ""tracks"": 0, ""wrong_track"": 0}"
T2nn,31,600.0,1.5522040290738204,0.18087946962365747,0.16118537878011846,360.0,4,4,9,1,6.7725841531985616,False,9054,311.3161146809871,0.19475166058375473,0.19297991451014243,0.35828181464627934,2.573505412853509,2.509213278097058,2.707884636254433,0.14514620993244393,0.1407291158076182,0.7428436423637015,0.9984391322492172,0.9823366996885439,1.274569595009547,4285992,"{""ambiguous_registrations"": 0, ""clusters"": 4415, ""dropped_ambiguous"": 2342, ""matched"": 4318, ""registrations"": 0, ""spurious"": 97, ""tracks"": 125, ""wrong_track"": 55}","{""ambiguous_registrations"": 0, ""clusters"": 7763, ""dropped_ambiguous"": 4594, ""matched"": 7249, ""registrations"": 0, ""spurious"": 514, ""tracks"": 188, ""wrong_track"": 266}","{""ambiguous_registrations"": 0, ""clusters"": 2868, ""dropped_ambiguous"": 371, ""matched"": 2672, ""registrations"": 0, ""spurious"": 196, ""tracks"": 85, ""wrong_track"": 2}","{""ambiguous_registrations"": 0, ""clusters"": 1358, ""dropped_ambiguous"": 43, ""matched"": 1216, ""registrations"": 0, ""spurious"": 142, ""tracks"": 82, ""wrong_track"": 0}"
T2ekf,31,600.0,0.20149008958286557,0.1661193336244375,0.15507435082120435,340.0,4,4,10,0,0.5273593608980343,True,15931,372.68917336899904,0.1539620594572057,0.15429094745647945,0.22829488136424292,0.09528646990826002,0.09523288717271738,0.10439180644010797,0.1351206382692642,0.1332626815109697,0.14997921096082906,0.18277496203367388,0.170450436140877,0.277277945338372,4285992,"{""ambiguous_registrations"": 0, ""clusters"": 4438, ""dropped_ambiguous"": 19, ""landmarks_bad"": 1, ""landmarks_confirmed"": 40, ""matched"": 4339, ""registrations"": 4198, ""spurious"": 99, ""tracks"": 61, ""unreleased"": 41, ""wrong_track"": 4}","{""ambiguous_registrations"": 0, ""clusters"": 7780, ""dropped_ambiguous"": 187, ""landmarks_bad"": 2, ""landmarks_confirmed"": 35, ""matched"": 7263, ""registrations"": 7321, ""spurious"": 517, ""tracks"": 62, ""unreleased"": 33, ""wrong_track"": 0}","{""ambiguous_registrations"": 0, ""clusters"": 2861, ""dropped_ambiguous"": 67, ""landmarks_bad"": 19, ""landmarks_confirmed"": 24, ""matched"": 2669, ""registrations"": 2672, ""spurious"": 192, ""tracks"": 32, ""unreleased"": 48, ""wrong_track"": 0}","{""ambiguous_registrations"": 0, ""clusters"": 1359, ""dropped_ambiguous"": 44, ""landmarks_bad"": 30, ""landmarks_confirmed"": 27, ""matched"": 1218, ""registrations"": 1164, ""spurious"": 141, ""tracks"": 37, ""unreleased"": 68, ""wrong_track"": 0}"
T1,32,600.0,0.09230368623658014,0.040058634655771835,0.040345821518758915,220.0,4,4,10,0,0.22431369242815913,True,34140,449.68149222800275,0.02147736681287348,0.021476370850342083,0.0626609926868308,0.02371366567450967,0.023712439464630045,0.061567193297623765,0.03802793053910792,0.03785906295169166,0.06005301142630113,0.07211142178345059,0.06225601634266732,0.15085290350215555,4285992,,,,
T2,32,600.0,0.21187453430251801,0.1536895434612832,0.1484632245488238,300.0,4,4,9,0,0.506876808874099,True,16730,327.64703798899427,0.1409119101401319,0.14002697805232892,0.22554117342954236,0.09304974274120567,0.09302119721876033,0.1243932418631734,0.12564451901012574,0.12237449556792913,0.14782141578647431,0.14898875508189335,0.16413705541046095,0.30227405221969184,4285992,"{""ambiguous_registrations"": 0, ""clusters"": 4695, ""dropped_ambiguous"": 0, ""matched"": 4509, ""registrations"": 0, ""spurious"": 186, ""tracks"": 0, ""wrong_track"": 0}","{""ambiguous_registrations"": 0, ""clusters"": 7807, ""dropped_ambiguous"": 0, ""matched"": 7524, ""registrations"": 0, ""spurious"": 283, ""tracks"": 0, ""wrong_track"": 0}","{""ambiguous_registrations"": 0, ""clusters"": 2797, ""dropped_ambiguous"": 0, ""matched"": 2642, ""registrations"": 0, ""spurious"": 155, ""tracks"": 0, ""wrong_track"": 0}","{""ambiguous_registrations"": 0, ""clusters"": 1431, ""dropped_ambiguous"": 0, ""matched"": 1289, ""registrations"": 0, ""spurious"": 142, ""tracks"": 0, ""wrong_track"": 0}"
T2nn,32,600.0,0.25103851370822344,0.1574880502394037,0.14415855086057044,400.0,4,4,9,0,0.4251819692526613,True,10831,307.61856440801057,0.11676329142923457,0.11723769395606808,0.23888742338394173,0.10589574856203768,0.1007245252658975,0.12804291889178052,0.24937199313926564,0.2173027255620473,0.23089278152161719,0.1639388557564842,0.15993293513569798,0.3539882410069586,4285992,"{""ambiguous_registrations"": 0, ""clusters"": 4687, ""dropped_ambiguous"": 1569, ""matched"": 4513, ""registrations"": 0, ""spurious"": 174, ""tracks"": 118, ""wrong_track"": 36}","{""ambiguous_registrations"": 0, ""clusters"": 7805, ""dropped_ambiguous"": 3922, ""matched"": 7520, ""registrations"": 0, ""spurious"": 285, ""tracks"": 159, ""wrong_track"": 59}","{""ambiguous_registrations"": 0, ""clusters"": 2793, ""dropped_ambiguous"": 393, ""matched"": 2641, ""registrations"": 0, ""spurious"": 152, ""tracks"": 108, ""wrong_track"": 79}","{""ambiguous_registrations"": 0, ""clusters"": 1434, ""dropped_ambiguous"": 4, ""matched"": 1291, ""registrations"": 0, ""spurious"": 143, ""tracks"": 82, ""wrong_track"": 1}"
T2ekf,32,600.0,0.21056459758737325,0.15279349872896927,0.14939285621110612,300.0,4,4,9,0,0.5434203753413933,True,16278,336.96169856301276,0.14067353087439818,0.13981350578255713,0.2275621834443465,0.09330212349576676,0.0932504822882259,0.12199509909378593,0.12597880522858643,0.12294775250774143,0.1442446118102357,0.15515774570080318,0.166401448782639,0.29979316112176924,4285992,"{""ambiguous_registrations"": 0, ""clusters"": 4695, ""dropped_ambiguous"": 53, ""landmarks_bad"": 1, ""landmarks_confirmed"": 43, ""matched"": 4509, ""registrations"": 4373, ""spurious"": 186, ""tracks"": 70, ""unreleased"": 41, ""wrong_track"": 30}","{""ambiguous_registrations"": 0, ""clusters"": 7807, ""dropped_ambiguous"": 75, ""landmarks_bad"": 0, ""landmarks_confirmed"": 39, ""matched"": 7524, ""registrations"": 7441, ""spurious"": 283, ""tracks"": 68, ""unreleased"": 25, ""wrong_track"": 0}","{""ambiguous_registrations"": 0, ""clusters"": 2791, ""dropped_ambiguous"": 64, ""landmarks_bad"": 19, ""landmarks_confirmed"": 23, ""matched"": 2644, ""registrations"": 2606, ""spurious"": 147, ""tracks"": 28, ""unreleased"": 54, ""wrong_track"": 1}","{""ambiguous_registrations"": 0, ""clusters"": 1429, ""dropped_ambiguous"": 62, ""landmarks_bad"": 31, ""landmarks_confirmed"": 25, ""matched"": 1287, ""registrations"": 1218, ""spurious"": 142, ""tracks"": 37, ""unreleased"": 70, ""wrong_track"": 0}"
T1,33,600.0,0.05466482041875294,0.04022484963625699,0.04031746656270309,220.0,4,4,10,0,0.1293822832029462,True,33842,446.08744056898286,0.02248643459603352,0.022476478979093432,0.03677330171140363,0.023835594876824868,0.023835884226114906,0.03774674579345964,0.0353031756881649,0.035383978370566886,0.03703850676986835,0.06671858557516097,0.06044145931436284,0.08834040324315066,4285992,,,,
T2,33,600.0,0.18048595043813065,0.16015872862199032,0.17232349598243138,280.0,4,4,9,0,0.3352653332337022,True,17155,319.9828465640021,0.2064952846517528,0.20654310048060442,0.2621091631569953,0.0948901878860777,0.09482347444029623,0.11512809714104727,0.11840025900960345,0.11619872616124591,0.15270324696272541,0.11153871310623731,0.11682449791865859,0.1581984179032254,4285992,"{""ambiguous_registrations"": 0, ""clusters"": 4991, ""dropped_ambiguous"": 0, ""matched"": 4863, ""registrations"": 0, ""spurious"": 128, ""tracks"": 0, ""wrong_track"": 0}","{""ambiguous_registrations"": 0, ""clusters"": 8029, ""dropped_ambiguous"": 0, ""matched"": 7758, ""registrations"": 0, ""spurious"": 271, ""tracks"": 0, ""wrong_track"": 0}","{""ambiguous_registrations"": 0, ""clusters"": 2771, ""dropped_ambiguous"": 0, ""matched"": 2652, ""registrations"": 0, ""spurious"": 119, ""tracks"": 0, ""wrong_track"": 0}","{""ambiguous_registrations"": 0, ""clusters"": 1364, ""dropped_ambiguous"": 0, ""matched"": 1242, ""registrations"": 0, ""spurious"": 122, ""tracks"": 0, ""wrong_track"": 0}"
T2nn,33,600.0,2.084361040377892,0.1649809900553536,0.16948289665712707,280.0,4,4,9,0,0.49791567165195644,True,10057,299.6626872729976,0.22445133942132606,0.22504131586175413,0.741791225497595,0.11165629577786158,0.11111295170882586,0.32670764206431613,3.34774606814632,3.342150469467237,4.08289959579085,0.12508990193599948,0.12532793138069295,0.2262356551547447,4285992,"{""ambiguous_registrations"": 0, ""clusters"": 4973, ""dropped_ambiguous"": 2185, ""matched"": 4848, ""registrations"": 0, ""spurious"": 125, ""tracks"": 139, ""wrong_track"": 50}","{""ambiguous_registrations"": 0, ""clusters"": 8071, ""dropped_ambiguous"": 4667, ""matched"": 7797, ""registrations"": 0, ""spurious"": 274, ""tracks"": 149, ""wrong_track"": 129}","{""ambiguous_registrations"": 0, ""clusters"": 2756, ""dropped_ambiguous"": 174, ""matched"": 2649, ""registrations"": 0, ""spurious"": 107, ""tracks"": 93, ""wrong_track"": 166}","{""ambiguous_registrations"": 0, ""clusters"": 1360, ""dropped_ambiguous"": 77, ""matched"": 1239, ""registrations"": 0, ""spurious"": 121, ""tracks"": 79, ""wrong_track"": 2}"
T2ekf,33,600.0,2.261041943500845,0.1610161972620969,0.1734522332453815,280.0,4,4,7,0,0.33018132365616026,True,16515,378.6723881919752,0.20822958832413485,0.20885823750550073,0.9248472301322676,0.09511929041187335,0.09508083727330865,0.8356773431371267,0.11905565232430308,0.11786437593380777,0.7996202435718908,3.3195353636420526,3.3214475250497957,4.272721746876842,4285992,"{""ambiguous_registrations"": 0, ""clusters"": 4991, ""dropped_ambiguous"": 250, ""landmarks_bad"": 1, ""landmarks_confirmed"": 41, ""matched"": 4863, ""registrations"": 4462, ""spurious"": 128, ""tracks"": 66, ""unreleased"": 39, ""wrong_track"": 31}","{""ambiguous_registrations"": 0, ""clusters"": 8029, ""dropped_ambiguous"": 50, ""landmarks_bad"": 0, ""landmarks_confirmed"": 34, ""matched"": 7758, ""registrations"": 7646, ""spurious"": 271, ""tracks"": 74, ""unreleased"": 28, ""wrong_track"": 2}","{""ambiguous_registrations"": 0, ""clusters"": 2771, ""dropped_ambiguous"": 17, ""landmarks_bad"": 11, ""landmarks_confirmed"": 26, ""matched"": 2652, ""registrations"": 2632, ""spurious"": 119, ""tracks"": 30, ""unreleased"": 37, ""wrong_track"": 0}","{""ambiguous_registrations"": 0, ""clusters"": 1364, ""dropped_ambiguous"": 137, ""landmarks_bad"": 30, ""landmarks_confirmed"": 38, ""matched"": 1242, ""registrations"": 1061, ""spurious"": 122, ""tracks"": 43, ""unreleased"": 82, ""wrong_track"": 15}"
T1,34,600.0,0.10852308753599062,0.03864885094289473,0.038621024713121115,240.0,4,4,10,0,0.2905003698687162,True,33202,408.79401231298107,0.021462680606364234,0.02146101942533715,0.07245604928254391,0.02456984029494564,0.024569322490700145,0.049507913584244015,0.037798590332157295,0.03672262576124353,0.07718440132223943,0.07184713031712862,0.05505752939027475,0.18289531902376616,4285992,,,,
T2,34,600.0,0.14422644099665055,0.15396667922457927,0.1322641056188303,400.0,4,4,9,0,0.4822102943935501,True,17188,317.9222600670182,0.14307636821573613,0.14223602208148725,0.18173397301498012,0.10218866493586203,0.10213016027146975,0.10888785464089935,0.10813652761716794,0.10627693836972157,0.11779358150398203,0.12533687080820674,0.1255650765496908,0.15635196017510902,4285992,"{""ambiguous_registrations"": 0, ""clusters"": 4781, ""dropped_ambiguous"": 0, ""matched"": 4584, ""registrations"": 0, ""spurious"": 197, ""tracks"": 0, ""wrong_track"": 0}","{""ambiguous_registrations"": 0, ""clusters"": 8088, ""dropped_ambiguous"": 0, ""matched"": 7254, ""registrations"": 0, ""spurious"": 834, ""tracks"": 0, ""wrong_track"": 0}","{""ambiguous_registrations"": 0, ""clusters"": 2855, ""dropped_ambiguous"": 0, ""matched"": 2586, ""registrations"": 0, ""spurious"": 269, ""tracks"": 0, ""wrong_track"": 0}","{""ambiguous_registrations"": 0, ""clusters"": 1464, ""dropped_ambiguous"": 0, ""matched"": 1244, ""registrations"": 0, ""spurious"": 220, ""tracks"": 0, ""wrong_track"": 0}"
T2nn,34,600.0,1.6185369194200743,0.1599173845706153,0.1340710413132595,240.0,4,4,9,0,1.050556452721829,False,9290,276.1235645939887,2.6375213126808563,2.6405205729508463,3.138138166966173,0.1472631483750494,0.14714945188338757,0.4007467960355145,0.13383930515806558,0.19109843814739205,0.46773516325062603,0.4064495981031103,0.34605462007691024,0.501359856450098,4285992,"{""ambiguous_registrations"": 0, ""clusters"": 4769, ""dropped_ambiguous"": 2167, ""matched"": 4570, ""registrations"": 0, ""spurious"": 199, ""tracks"": 197, ""wrong_track"": 120}","{""ambiguous_registrations"": 0, ""clusters"": 8085, ""dropped_ambiguous"": 5442, ""matched"": 7262, ""registrations"": 0, ""spurious"": 823, ""tracks"": 140, ""wrong_track"": 2}","{""ambiguous_registrations"": 0, ""clusters"": 2856, ""dropped_ambiguous"": 212, ""matched"": 2588, ""registrations"": 0, ""spurious"": 268, ""tracks"": 95, ""wrong_track"": 11}","{""ambiguous_registrations"": 0, ""clusters"": 1465, ""dropped_ambiguous"": 64, ""matched"": 1242, ""registrations"": 0, ""spurious"": 223, ""tracks"": 98, ""wrong_track"": 4}"
T2ekf,34,600.0,0.21811784850123367,0.1509596231469203,0.13194409114647765,340.0,4,4,10,0,0.6710072851590587,True,16255,387.29733355299686,0.14221802081686713,0.141558755296368,0.2246590796182927,0.10072152672978237,0.10069401384855653,0.13015046696581092,0.1081917670709792,0.10666361208657348,0.1298969868068675,0.12922252138490814,0.13112358332268506,0.32560330165919377,4285992,"{""ambiguous_registrations"": 0, ""clusters"": 4781, ""dropped_ambiguous"": 24, ""landmarks_bad"": 0, ""landmarks_confirmed"": 48, ""matched"": 4584, ""registrations"": 4426, ""spurious"": 197, ""tracks"": 79, ""unreleased"": 45, ""wrong_track"": 21}","{""ambiguous_registrations"": 0, ""clusters"": 8088, ""dropped_ambiguous"": 381, ""landmarks_bad"": 6, ""landmarks_confirmed"": 42, ""matched"": 7254, ""registrations"": 7362, ""spurious"": 834, ""tracks"": 68, ""unreleased"": 47, ""wrong_track"": 0}","{""ambiguous_registrations"": 0, ""clusters"": 2855, ""dropped_ambiguous"": 144, ""landmarks_bad"": 29, ""landmarks_confirmed"": 24, ""matched"": 2586, ""registrations"": 2551, ""spurious"": 269, ""tracks"": 32, ""unreleased"": 68, ""wrong_track"": 0}","{""ambiguous_registrations"": 0, ""clusters"": 1465, ""dropped_ambiguous"": 127, ""landmarks_bad"": 42, ""landmarks_confirmed"": 25, ""matched"": 1242, ""registrations"": 1153, ""spurious"": 223, ""tracks"": 37, ""unreleased"": 98, ""wrong_track"": 3}"
T1,35,600.0,0.047839036695334146,0.037417512466963496,0.037438468172457016,260.0,4,4,10,0,0.04843912365843653,True,34089,524.4448970810045,0.02167803719573364,0.02167664247127894,0.031469617080780936,0.024423596117320655,0.024422990584212514,0.03293131831963758,0.0329203641902637,0.032455473654435914,0.036901491550558926,0.07293831597469498,0.05988090609288676,0.0756159052290843,4285992,,,,
T2,35,600.0,0.19620676307099644,0.16046322142881614,0.1681643204874212,220.0,4,4,9,0,0.46838941742319384,True,16785,328.0081387209939,0.22171192933045392,0.22177535732904616,0.2612107530267097,0.09394691531062484,0.0938313147863953,0.10581302184211219,0.12166256211074843,0.11907901009675546,0.13820885948447553,0.1303448001571137,0.14895403036843557,0.23549784196687018,4285992,"{""ambiguous_registrations"": 0, ""clusters"": 4678, ""dropped_ambiguous"": 0, ""matched"": 4505, ""registrations"": 0, ""spurious"": 173, ""tracks"": 0, ""wrong_track"": 0}","{""ambiguous_registrations"": 0, ""clusters"": 7824, ""dropped_ambiguous"": 0, ""matched"": 7354, ""registrations"": 0, ""spurious"": 470, ""tracks"": 0, ""wrong_track"": 0}","{""ambiguous_registrations"": 0, ""clusters"": 2796, ""dropped_ambiguous"": 0, ""matched"": 2654, ""registrations"": 0, ""spurious"": 142, ""tracks"": 0, ""wrong_track"": 0}","{""ambiguous_registrations"": 0, ""clusters"": 1487, ""dropped_ambiguous"": 0, ""matched"": 1325, ""registrations"": 0, ""spurious"": 162, ""tracks"": 0, ""wrong_track"": 0}"
T2nn,35,600.0,2.854324231738738,0.17453005616512113,0.17060022875181252,240.0,4,4,7,0,0.5208756855791041,True,9565,310.1200206739886,0.21801462564288288,0.21688570546321584,1.45761005163769,2.895524814781359,2.9083105699804603,3.327159950740427,1.2947855623248221,1.2844700238034572,1.7461860535401386,3.7161317884450313,3.724941823782542,4.042880303142723,4285992,"{""ambiguous_registrations"": 0, ""clusters"": 4665, ""dropped_ambiguous"": 2419, ""matched"": 4492, ""registrations"": 0, ""spurious"": 173, ""tracks"": 125, ""wrong_track"": 56}","{""ambiguous_registrations"": 0, ""clusters"": 7783, ""dropped_ambiguous"": 4396, ""matched"": 7333, ""registrations"": 0, ""spurious"": 450, ""tracks"": 175, ""wrong_track"": 278}","{""ambiguous_registrations"": 0, ""clusters"": 2794, ""dropped_ambiguous"": 280, ""matched"": 2656, ""registrations"": 0, ""spurious"": 138, ""tracks"": 102, ""wrong_track"": 224}","{""ambiguous_registrations"": 0, ""clusters"": 1477, ""dropped_ambiguous"": 59, ""matched"": 1322, ""registrations"": 0, ""spurious"": 155, ""tracks"": 96, ""wrong_track"": 91}"
T2ekf,35,600.0,0.1907565777797562,0.15887888652900373,0.16837987397069623,220.0,4,4,9,0,0.4886432361107037,True,16318,335.5372331260005,0.22182129100010586,0.22231883189057514,0.25797600017816913,0.09384348888577143,0.09390945157383006,0.11047115239553332,0.12151470853771627,0.11923550703357376,0.14055968660032878,0.135166368846354,0.14822116254425874,0.21688653759113358,4285992,"{""ambiguous_registrations"": 0, ""clusters"": 4678, ""dropped_ambiguous"": 41, ""landmarks_bad"": 1, ""landmarks_confirmed"": 42, ""matched"": 4505, ""registrations"": 4316, ""spurious"": 173, ""tracks"": 78, ""unreleased"": 54, ""wrong_track"": 13}","{""ambiguous_registrations"": 0, ""clusters"": 7824, ""dropped_ambiguous"": 122, ""landmarks_bad"": 1, ""landmarks_confirmed"": 44, ""matched"": 7354, ""registrations"": 7408, ""spurious"": 470, ""tracks"": 65, ""unreleased"": 29, ""wrong_track"": 0}","{""ambiguous_registrations"": 0, ""clusters"": 2794, ""dropped_ambiguous"": 33, ""landmarks_bad"": 16, ""landmarks_confirmed"": 24, ""matched"": 2656, ""registrations"": 2642, ""spurious"": 138, ""tracks"": 28, ""unreleased"": 49, ""wrong_track"": 1}","{""ambiguous_registrations"": 0, ""clusters"": 1477, ""dropped_ambiguous"": 51, ""landmarks_bad"": 34, ""landmarks_confirmed"": 28, ""matched"": 1321, ""registrations"": 1278, ""spurious"": 156, ""tracks"": 35, ""unreleased"": 76, ""wrong_track"": 0}"
T1,36,600.0,0.04804665606830872,0.03605716789050467,0.03596026855643668,280.0,4,4,10,0,0.05572643911814163,True,33647,424.24768065600074,0.021348487300652176,0.021331463490974527,0.03034218976959703,0.024199995310873485,0.02419844289465572,0.03265540602817209,0.03907181664995592,0.039230928631587086,0.042353231885179025,0.05427160661944791,0.05793455958875775,0.07384513770984942,4285992,,,,
T2,36,600.0,0.16672967572362657,0.17790355816893155,0.15996972694366213,340.0,4,4,10,0,0.44845758486063036,True,16703,333.85422668399406,0.195787361409192,0.1961109968709122,0.23915829777082592,0.11393994644515176,0.11372790336428652,0.11832311971641545,0.10530164739299734,0.1043934609425538,0.12001649490411269,0.11792182512164574,0.11877263955585178,0.15998164884288937,4285992,"{""ambiguous_registrations"": 0, ""clusters"": 4783, ""dropped_ambiguous"": 0, ""matched"": 4607, ""registrations"": 0, ""spurious"": 176, ""tracks"": 0, ""wrong_track"": 0}","{""ambiguous_registrations"": 0, ""clusters"": 7746, ""dropped_ambiguous"": 0, ""matched"": 7487, ""registrations"": 0, ""spurious"": 259, ""tracks"": 0, ""wrong_track"": 0}","{""ambiguous_registrations"": 0, ""clusters"": 2775, ""dropped_ambiguous"": 0, ""matched"": 2610, ""registrations"": 0, ""spurious"": 165, ""tracks"": 0, ""wrong_track"": 0}","{""ambiguous_registrations"": 0, ""clusters"": 1399, ""dropped_ambiguous"": 0, ""matched"": 1280, ""registrations"": 0, ""spurious"": 119, ""tracks"": 0, ""wrong_track"": 0}"
T2nn,36,600.0,1.563961803553892,0.18911073960534927,0.15888801505290798,280.0,4,4,10,0,0.45612391543819053,True,9341,254.2431476189813,0.20170519049786675,0.20497935186293645,0.37987401985136804,0.28906713906615006,0.17609094770756523,0.4793292558462198,2.7940885133316105,2.8322831584870696,3.0354849337112557,0.12971149187494693,0.12688712772517055,0.4423533685256791,4285992,"{""ambiguous_registrations"": 0, ""clusters"": 4806, ""dropped_ambiguous"": 2088, ""matched"": 4642, ""registrations"": 0, ""spurious"": 164, ""tracks"": 134, ""wrong_track"": 35}","{""ambiguous_registrations"": 0, ""clusters"": 7729, ""dropped_ambiguous"": 5052, ""matched"": 7468, ""registrations"": 0, ""spurious"": 261, ""tracks"": 144, ""wrong_track"": 401}","{""ambiguous_registrations"": 0, ""clusters"": 2777, ""dropped_ambiguous"": 230, ""matched"": 2612, ""registrations"": 0, ""spurious"": 165, ""tracks"": 98, ""wrong_track"": 66}","{""ambiguous_registrations"": 0, ""clusters"": 1400, ""dropped_ambiguous"": 1, ""matched"": 1280, ""registrations"": 0, ""spurious"": 120, ""tracks"": 70, ""wrong_track"": 0}"
T2ekf,36,600.0,0.16537827263243066,0.17807750011730314,0.16087281660891178,340.0,4,4,10,0,0.4543133162568773,True,16346,381.0047905220126,0.19920525334360772,0.1991210794979464,0.23899633942336476,0.11335418649281255,0.11328741826793011,0.1173613219865613,0.1069232696878629,0.10584064565431957,0.12294319446764355,0.12008594844721324,0.11710851154528375,0.15294421536441302,4285992,"{""ambiguous_registrations"": 0, ""clusters"": 4783, ""dropped_ambiguous"": 32, ""landmarks_bad"": 2, ""landmarks_confirmed"": 43, ""matched"": 4607, ""registrations"": 4488, ""spurious"": 176, ""tracks"": 67, ""unreleased"": 46, ""wrong_track"": 6}","{""ambiguous_registrations"": 0, ""clusters"": 7746, ""dropped_ambiguous"": 57, ""landmarks_bad"": 1, ""landmarks_confirmed"": 33, ""matched"": 7487, ""registrations"": 7399, ""spurious"": 259, ""tracks"": 64, ""unreleased"": 42, ""wrong_track"": 0}","{""ambiguous_registrations"": 0, ""clusters"": 2775, ""dropped_ambiguous"": 37, ""landmarks_bad"": 15, ""landmarks_confirmed"": 27, ""matched"": 2610, ""registrations"": 2609, ""spurious"": 165, ""tracks"": 33, ""unreleased"": 46, ""wrong_track"": 0}","{""ambiguous_registrations"": 0, ""clusters"": 1399, ""dropped_ambiguous"": 30, ""landmarks_bad"": 30, ""landmarks_confirmed"": 27, ""matched"": 1280, ""registrations"": 1235, ""spurious"": 119, ""tracks"": 32, ""unreleased"": 67, ""wrong_track"": 0}"
T1,37,600.0,0.09880696120541332,0.04331434530317139,0.04326369265634065,220.0,4,4,10,0,0.21533870019245763,True,33095,453.068327179004,0.022450695959579953,0.022463014865260814,0.06856781632227661,0.025158764791208214,0.025157028068363178,0.04037131432317092,0.03443857570787166,0.03405942113791633,0.06356558989397411,0.10277096657554763,0.07277037263533022,0.1693496077841268,4285992,,,,
T2,37,600.0,0.16249378387911229,0.15205667709437518,0.13710344559385035,240.0,4,4,8,0,0.31320048364595154,True,16708,292.8499641480157,0.13615244240448054,0.13575822452269504,0.20849665976696485,0.09495119302886228,0.09496133971476291,0.10227714563802832,0.10649405770521253,0.10513537621100295,0.11086428971327598,0.14089821208682635,0.1263131995771776,0.19848062074150583,4285992,"{""ambiguous_registrations"": 0, ""clusters"": 4755, ""dropped_ambiguous"": 0, ""matched"": 4600, ""registrations"": 0, ""spurious"": 155, ""tracks"": 0, ""wrong_track"": 0}","{""ambiguous_registrations"": 0, ""clusters"": 7629, ""dropped_ambiguous"": 0, ""matched"": 7130, ""registrations"": 0, ""spurious"": 499, ""tracks"": 0, ""wrong_track"": 0}","{""ambiguous_registrations"": 0, ""clusters"": 2883, ""dropped_ambiguous"": 0, ""matched"": 2685, ""registrations"": 0, ""spurious"": 198, ""tracks"": 0, ""wrong_track"": 0}","{""ambiguous_registrations"": 0, ""clusters"": 1441, ""dropped_ambiguous"": 0, ""matched"": 1296, ""registrations"": 0, ""spurious"": 145, ""tracks"": 0, ""wrong_track"": 0}"
T2nn,37,600.0,2.4937348088232545,0.14571341400192733,0.13698288637724154,280.0,4,4,6,0,0.400728028235156,True,9673,291.96724266701494,0.171053415144508,0.15516900058973274,0.9936368354967701,3.419733927124948,3.419718122284277,4.673581091744479,0.11691468562560609,0.11656909860404342,0.44650404608332384,1.7021084292068076,1.187444320682974,1.358606985780171,4285992,"{""ambiguous_registrations"": 0, ""clusters"": 4765, ""dropped_ambiguous"": 2136, ""matched"": 4606, ""registrations"": 0, ""spurious"": 159, ""tracks"": 180, ""wrong_track"": 193}","{""ambiguous_registrations"": 0, ""clusters"": 7582, ""dropped_ambiguous"": 4512, ""matched"": 7086, ""registrations"": 0, ""spurious"": 496, ""tracks"": 202, ""wrong_track"": 183}","{""ambiguous_registrations"": 0, ""clusters"": 2879, ""dropped_ambiguous"": 270, ""matched"": 2684, ""registrations"": 0, ""spurious"": 195, ""tracks"": 79, ""wrong_track"": 2}","{""ambiguous_registrations"": 0, ""clusters"": 1447, ""dropped_ambiguous"": 82, ""matched"": 1299, ""registrations"": 0, ""spurious"": 148, ""tracks"": 89, ""wrong_track"": 26}"
T2ekf,37,600.0,0.16962788773030446,0.15329757023055213,0.1382631046853824,240.0,4,4,8,0,0.3576719340637006,True,15954,335.4530734810105,0.13723434134355345,0.13699938771123585,0.21957622699566495,0.09542135771615921,0.0954406077745047,0.10038897950626563,0.10664060317326518,0.10518935114750101,0.1109954429447673,0.14352881429364747,0.12736865112557524,0.21090952126661516,4285992,"{""ambiguous_registrations"": 0, ""clusters"": 4755, ""dropped_ambiguous"": 229, ""landmarks_bad"": 1, ""landmarks_confirmed"": 41, ""matched"": 4600, ""registrations"": 4224, ""spurious"": 155, ""tracks"": 75, ""unreleased"": 37, ""wrong_track"": 12}","{""ambiguous_registrations"": 0, ""clusters"": 7629, ""dropped_ambiguous"": 212, ""landmarks_bad"": 2, ""landmarks_confirmed"": 33, ""matched"": 7130, ""registrations"": 7077, ""spurious"": 499, ""tracks"": 63, ""unreleased"": 41, ""wrong_track"": 2}","{""ambiguous_registrations"": 0, ""clusters"": 2883, ""dropped_ambiguous"": 64, ""landmarks_bad"": 22, ""landmarks_confirmed"": 23, ""matched"": 2685, ""registrations"": 2690, ""spurious"": 198, ""tracks"": 30, ""unreleased"": 57, ""wrong_track"": 0}","{""ambiguous_registrations"": 0, ""clusters"": 1441, ""dropped_ambiguous"": 46, ""landmarks_bad"": 31, ""landmarks_confirmed"": 28, ""matched"": 1296, ""registrations"": 1243, ""spurious"": 145, ""tracks"": 38, ""unreleased"": 68, ""wrong_track"": 2}"
T1,38,600.0,0.05141621719983662,0.03968088832573194,0.039710986299722105,280.0,4,4,10,0,0.15683363661573224,True,33909,461.18999513197923,0.021054024945537028,0.021054374218507876,0.033247259387844307,0.024156207669960867,0.024154656702687828,0.03717853978546633,0.036404891895377135,0.036259210516114006,0.05103898695246619,0.05577800482596834,0.05667025372091765,0.07403990341732614,4285992,,,,
T2,38,600.0,0.17189017858813094,0.15614490523986288,0.16242234182043433,280.0,4,4,9,0,0.41117499003250885,True,17390,325.28979611900286,0.18682952176383585,0.1866588604028084,0.24948938795242456,0.09837006646940515,0.09837505933957666,0.11482788066050986,0.10058220021573884,0.09943174670267746,0.10309848122493172,0.11187800725354381,0.10737456622591773,0.17923515355948147,4285992,"{""ambiguous_registrations"": 0, ""clusters"": 4917, ""dropped_ambiguous"": 0, ""matched"": 4730, ""registrations"": 0, ""spurious"": 187, ""tracks"": 0, ""wrong_track"": 0}","{""ambiguous_registrations"": 0, ""clusters"": 8165, ""dropped_ambiguous"": 0, ""matched"": 7544, ""registrations"": 0, ""spurious"": 621, ""tracks"": 0, ""wrong_track"": 0}","{""ambiguous_registrations"": 0, ""clusters"": 2846, ""dropped_ambiguous"": 0, ""matched"": 2662, ""registrations"": 0, ""spurious"": 184, ""tracks"": 0, ""wrong_track"": 0}","{""ambiguous_registrations"": 0, ""clusters"": 1462, ""dropped_ambiguous"": 0, ""matched"": 1295, ""registrations"": 0, ""spurious"": 167, ""tracks"": 0, ""wrong_track"": 0}"
T2nn,38,600.0,3.7029368512771064,0.15227177875099643,0.1532602829313203,340.0,4,4,8,1,0.308558082289503,True,10396,306.23989610298304,0.17439774194005492,0.17655745377399154,1.6484025892670406,2.2688069725053346,1.93834541011574,3.331534341966045,0.13396532575823958,0.12374039009820674,1.3561060985878928,5.2696608432398895,4.992163505536422,6.26031863243041,4285992,"{""ambiguous_registrations"": 0, ""clusters"": 4955, ""dropped_ambiguous"": 2082, ""matched"": 4778, ""registrations"": 0, ""spurious"": 177, ""tracks"": 150, ""wrong_track"": 225}","{""ambiguous_registrations"": 0, ""clusters"": 8179, ""dropped_ambiguous"": 4768, ""matched"": 7554, ""registrations"": 0, ""spurious"": 625, ""tracks"": 179, ""wrong_track"": 294}","{""ambiguous_registrations"": 0, ""clusters"": 2852, ""dropped_ambiguous"": 169, ""matched"": 2662, ""registrations"": 0, ""spurious"": 190, ""tracks"": 108, ""wrong_track"": 71}","{""ambiguous_registrations"": 0, ""clusters"": 1461, ""dropped_ambiguous"": 32, ""matched"": 1296, ""registrations"": 0, ""spurious"": 165, ""tracks"": 91, ""wrong_track"": 44}"
T2ekf,38,600.0,0.17349825781336353,0.15461751616510191,0.16418222284663153,280.0,4,4,9,0,0.4371949400488867,True,16447,365.04528219701024,0.18747588271080745,0.18751801224575543,0.24851723202293166,0.09861931659950023,0.0985356068428807,0.11624060741676889,0.09985945097881854,0.0988188277644292,0.10590594350631963,0.11373920080444247,0.1097952736156064,0.18416791132595994,4285992,"{""ambiguous_registrations"": 0, ""clusters"": 4917, ""dropped_ambiguous"": 275, ""landmarks_bad"": 2, ""landmarks_confirmed"": 45, ""matched"": 4730, ""registrations"": 4351, ""spurious"": 187, ""tracks"": 68, ""unreleased"": 48, ""wrong_track"": 32}","{""ambiguous_registrations"": 0, ""clusters"": 8165, ""dropped_ambiguous"": 308, ""landmarks_bad"": 2, ""landmarks_confirmed"": 36, ""matched"": 7544, ""registrations"": 7523, ""spurious"": 621, ""tracks"": 71, ""unreleased"": 36, ""wrong_track"": 0}","{""ambiguous_registrations"": 0, ""clusters"": 2846, ""dropped_ambiguous"": 93, ""landmarks_bad"": 17, ""landmarks_confirmed"": 23, ""matched"": 2662, ""registrations"": 2645, ""spurious"": 184, ""tracks"": 28, ""unreleased"": 44, ""wrong_track"": 0}","{""ambiguous_registrations"": 0, ""clusters"": 1462, ""dropped_ambiguous"": 63, ""landmarks_bad"": 34, ""landmarks_confirmed"": 28, ""matched"": 1295, ""registrations"": 1242, ""spurious"": 167, ""tracks"": 36, ""unreleased"": 76, ""wrong_track"": 1}"
T1,39,600.0,0.06951937050382881,0.04208182581580747,0.04209746752686392,280.0,4,4,10,0,0.3486542601033512,True,34082,522.544854303007,0.020705048540103806,0.020714102250984582,0.03684493992031757,0.023570861125880926,0.02356858204751582,0.03271009101628294,0.043463720582919536,0.04360403435955615,0.0549259265043228,0.08768824469152667,0.07490647242873266,0.11784487450292823,4285992,,,,
T2,39,600.0,0.19229810794148638,0.16439122560026725,0.16159022090004987,280.0,4,4,9,0,0.3086820502830253,True,16918,312.8652074490092,0.1731110634341004,0.1731190525936867,0.24572638898254578,0.09046657137439758,0.09048100735307216,0.10631537429085337,0.13908879937199695,0.13828070030001255,0.1485561015593854,0.1600948486119511,0.1700648270525403,0.23272498127183106,4285992,"{""ambiguous_registrations"": 0, ""clusters"": 4924, ""dropped_ambiguous"": 0, ""matched"": 4733, ""registrations"": 0, ""spurious"": 191, ""tracks"": 0, ""wrong_track"": 0}","{""ambiguous_registrations"": 0, ""clusters"": 7715, ""dropped_ambiguous"": 0, ""matched"": 7472, ""registrations"": 0, ""spurious"": 243, ""tracks"": 0, ""wrong_track"": 0}","{""ambiguous_registrations"": 0, ""clusters"": 2833, ""dropped_ambiguous"": 0, ""matched"": 2682, ""registrations"": 0, ""spurious"": 151, ""tracks"": 0, ""wrong_track"": 0}","{""ambiguous_registrations"": 0, ""clusters"": 1446, ""dropped_ambiguous"": 0, ""matched"": 1264, ""registrations"": 0, ""spurious"": 182, ""tracks"": 0, ""wrong_track"": 0}"
T2nn,39,600.0,2.24814717587189,0.16304074947043587,0.1548871728814856,220.0,4,4,7,0,0.6317595901540928,True,10345,335.28627841200796,3.320103369237085,3.4165430520401903,4.132355439202142,0.1272887433584928,0.1276856525793092,0.5047741261383785,1.3020495737455773,1.2967174649903466,1.6068150463580433,0.38791287676646674,0.20134614100235493,0.5510443811510307,4285992,"{""ambiguous_registrations"": 0, ""clusters"": 4906, ""dropped_ambiguous"": 2237, ""matched"": 4716, ""registrations"": 0, ""spurious"": 190, ""tracks"": 172, ""wrong_track"": 155}","{""ambiguous_registrations"": 0, ""clusters"": 7673, ""dropped_ambiguous"": 3799, ""matched"": 7430, ""registrations"": 0, ""spurious"": 243, ""tracks"": 204, ""wrong_track"": 388}","{""ambiguous_registrations"": 0, ""clusters"": 2823, ""dropped_ambiguous"": 381, ""matched"": 2679, ""registrations"": 0, ""spurious"": 144, ""tracks"": 85, ""wrong_track"": 113}","{""ambiguous_registrations"": 0, ""clusters"": 1447, ""dropped_ambiguous"": 87, ""matched"": 1263, ""registrations"": 0, ""spurious"": 184, ""tracks"": 97, ""wrong_track"": 5}"
T2ekf,39,600.0,0.185708122527033,0.16822149935386144,0.16200140057964607,280.0,4,4,9,0,0.24289235409705703,True,16252,330.44057540400536,0.17569764015801176,0.17615428012441614,0.23877514206222678,0.09092122821290553,0.090977938112902,0.10798083971965464,0.13887107831063106,0.1381723861477679,0.1457251935144135,0.16711333717856033,0.17253608633552925,0.21918203587851454,4285992,"{""ambiguous_registrations"": 0, ""clusters"": 4924, ""dropped_ambiguous"": 295, ""landmarks_bad"": 2, ""landmarks_confirmed"": 43, ""matched"": 4733, ""registrations"": 4296, ""spurious"": 191, ""tracks"": 78, ""unreleased"": 44, ""wrong_track"": 33}","{""ambiguous_registrations"": 0, ""clusters"": 7715, ""dropped_ambiguous"": 36, ""landmarks_bad"": 0, ""landmarks_confirmed"": 34, ""matched"": 7472, ""registrations"": 7371, ""spurious"": 243, ""tracks"": 71, ""unreleased"": 37, ""wrong_track"": 2}","{""ambiguous_registrations"": 0, ""clusters"": 2833, ""dropped_ambiguous"": 68, ""landmarks_bad"": 17, ""landmarks_confirmed"": 23, ""matched"": 2682, ""registrations"": 2662, ""spurious"": 151, ""tracks"": 27, ""unreleased"": 43, ""wrong_track"": 0}","{""ambiguous_registrations"": 0, ""clusters"": 1446, ""dropped_ambiguous"": 67, ""landmarks_bad"": 35, ""landmarks_confirmed"": 28, ""matched"": 1264, ""registrations"": 1221, ""spurious"": 182, ""tracks"": 38, ""unreleased"": 76, ""wrong_track"": 0}"
T1,40,600.0,0.07872235870487623,0.03933817423293254,0.039341148715198435,260.0,4,4,10,0,0.10841130013947121,True,32879,475.4029253110057,0.021811954914435452,0.021797442370456208,0.04830435898417582,0.02423399901440693,0.02423458893037796,0.06381703711900966,0.03615793317614893,0.036270154881973854,0.04881855615760049,0.09517006954237356,0.07644362888593113,0.12648977148925059,4285992,,,,
T2,40,600.0,0.15577561327754713,0.14546030356060635,0.14475344162808296,280.0,4,4,9,0,0.10431034091259465,True,16572,296.23521074900054,0.15853316652183605,0.15935488888131544,0.21189465715100503,0.09549916514852815,0.09543822387581713,0.12018462576278499,0.11876042749862908,0.11713916420626756,0.12768798856085356,0.15803478477649383,0.1104897350199549,0.14634293405007406,4285992,"{""ambiguous_registrations"": 0, ""clusters"": 4451, ""dropped_ambiguous"": 0, ""matched"": 4332, ""registrations"": 0, ""spurious"": 119, ""tracks"": 0, ""wrong_track"": 0}","{""ambiguous_registrations"": 0, ""clusters"": 7830, ""dropped_ambiguous"": 0, ""matched"": 7415, ""registrations"": 0, ""spurious"": 415, ""tracks"": 0, ""wrong_track"": 0}","{""ambiguous_registrations"": 0, ""clusters"": 2878, ""dropped_ambiguous"": 0, ""matched"": 2706, ""registrations"": 0, ""spurious"": 172, ""tracks"": 0, ""wrong_track"": 0}","{""ambiguous_registrations"": 0, ""clusters"": 1413, ""dropped_ambiguous"": 0, ""matched"": 1280, ""registrations"": 0, ""spurious"": 133, ""tracks"": 0, ""wrong_track"": 0}"
T2nn,40,600.0,0.2605214770266702,0.17347034983627288,0.14307744214031612,280.0,4,4,9,0,0.24955116364381738,True,9679,276.33495431099436,0.30436792658220463,0.3048105619920959,0.3755269667195638,0.11151434078532214,0.10456865063029969,0.14957992826472188,0.1359158382727347,0.13990366828693007,0.16395167030837934,0.43911375542448233,0.2580806376723684,0.28497535349297864,4285992,"{""ambiguous_registrations"": 0, ""clusters"": 4442, ""dropped_ambiguous"": 2148, ""matched"": 4316, ""registrations"": 0, ""spurious"": 126, ""tracks"": 123, ""wrong_track"": 16}","{""ambiguous_registrations"": 0, ""clusters"": 7774, ""dropped_ambiguous"": 4354, ""matched"": 7368, ""registrations"": 0, ""spurious"": 406, ""tracks"": 178, ""wrong_track"": 350}","{""ambiguous_registrations"": 0, ""clusters"": 2868, ""dropped_ambiguous"": 292, ""matched"": 2702, ""registrations"": 0, ""spurious"": 166, ""tracks"": 86, ""wrong_track"": 110}","{""ambiguous_registrations"": 0, ""clusters"": 1419, ""dropped_ambiguous"": 30, ""matched"": 1282, ""registrations"": 0, ""spurious"": 137, ""tracks"": 89, ""wrong_track"": 12}"
T2ekf,40,600.0,0.15698921122535206,0.14446055871269983,0.14479626159065198,280.0,4,4,9,0,0.17160164038220677,True,16162,352.1013252789853,0.15685832674362513,0.1575691071934058,0.2186503080147256,0.091880549607564,0.09183125336927103,0.1164378793722612,0.11869303395012824,0.11731902378432506,0.125880338728124,0.16009136483476138,0.11202869783703388,0.1461877325177524,4285992,"{""ambiguous_registrations"": 0, ""clusters"": 4451, ""dropped_ambiguous"": 37, ""landmarks_bad"": 1, ""landmarks_confirmed"": 39, ""matched"": 4332, ""registrations"": 4161, ""spurious"": 119, ""tracks"": 63, ""unreleased"": 37, ""wrong_track"": 13}","{""ambiguous_registrations"": 0, ""clusters"": 7830, ""dropped_ambiguous"": 88, ""landmarks_bad"": 0, ""landmarks_confirmed"": 36, ""matched"": 7415, ""registrations"": 7304, ""spurious"": 415, ""tracks"": 78, ""unreleased"": 20, ""wrong_track"": 0}","{""ambiguous_registrations"": 0, ""clusters"": 2876, ""dropped_ambiguous"": 56, ""landmarks_bad"": 17, ""landmarks_confirmed"": 26, ""matched"": 2706, ""registrations"": 2709, ""spurious"": 170, ""tracks"": 27, ""unreleased"": 52, ""wrong_track"": 0}","{""ambiguous_registrations"": 0, ""clusters"": 1415, ""dropped_ambiguous"": 38, ""landmarks_bad"": 31, ""landmarks_confirmed"": 27, ""matched"": 1283, ""registrations"": 1226, ""spurious"": 132, ""tracks"": 34, ""unreleased"": 82, ""wrong_track"": 0}"
T1,41,600.0,0.08093911177141415,0.04261254861905163,0.042627603390310444,280.0,4,4,10,0,0.05457398663779772,True,31868,434.53460024797823,0.021806154432662633,0.02176906882605589,0.05305160606300221,0.024705718425157855,0.024705582357986363,0.047771101104308766,0.04072045739945133,0.04044857821976252,0.051261443785099045,0.07372042472885819,0.07356025163079799,0.1359421664968856,4285992,,,,
T2,41,600.0,0.19323137626410922,0.17133547861605888,0.1694107617717632,280.0,4,4,10,0,0.3667749486605989,True,16072,312.63729591699666,0.17506129822896505,0.17562985156834815,0.2515088431104497,0.09029869210881353,0.09029334095140203,0.09581120696533224,0.12492063091196623,0.123129421447697,0.13680615348032743,0.15897521403725096,0.160794495971507,0.2412489376529844,4285992,"{""ambiguous_registrations"": 0, ""clusters"": 4410, ""dropped_ambiguous"": 0, ""matched"": 4333, ""registrations"": 0, ""spurious"": 77, ""tracks"": 0, ""wrong_track"": 0}","{""ambiguous_registrations"": 0, ""clusters"": 7509, ""dropped_ambiguous"": 0, ""matched"": 7085, ""registrations"": 0, ""spurious"": 424, ""tracks"": 0, ""wrong_track"": 0}","{""ambiguous_registrations"": 0, ""clusters"": 2713, ""dropped_ambiguous"": 0, ""matched"": 2535, ""registrations"": 0, ""spurious"": 178, ""tracks"": 0, ""wrong_track"": 0}","{""ambiguous_registrations"": 0, ""clusters"": 1440, ""dropped_ambiguous"": 0, ""matched"": 1296, ""registrations"": 0, ""spurious"": 144, ""tracks"": 0, ""wrong_track"": 0}"
T2nn,41,600.0,2.1399223046127815,0.1620892322659446,0.15714492842612682,480.0,4,4,7,1,0.49413749514378535,True,8657,240.0849708239839,0.16913115721038177,0.16687249706517843,1.1662620045730037,2.1909165215570643,2.187924733033485,2.348634169750969,0.13496082880182506,0.1326000468447185,0.6192338109707585,3.0778118420641123,2.4641091641865365,3.325262371578411,4285992,"{""ambiguous_registrations"": 0, ""clusters"": 4401, ""dropped_ambiguous"": 2029, ""matched"": 4328, ""registrations"": 0, ""spurious"": 73, ""tracks"": 107, ""wrong_track"": 50}","{""ambiguous_registrations"": 0, ""clusters"": 7524, ""dropped_ambiguous"": 5091, ""matched"": 7095, ""registrations"": 0, ""spurious"": 429, ""tracks"": 155, ""wrong_track"": 97}","{""ambiguous_registrations"": 0, ""clusters"": 2714, ""dropped_ambiguous"": 299, ""matched"": 2538, ""registrations"": 0, ""spurious"": 176, ""tracks"": 67, ""wrong_track"": 0}","{""ambiguous_registrations"": 0, ""clusters"": 1440, ""dropped_ambiguous"": 3, ""matched"": 1293, ""registrations"": 0, ""spurious"": 147, ""tracks"": 103, ""wrong_track"": 4}"
T2ekf,41,600.0,0.20555058281134286,0.17178392308568433,0.16931835980712664,280.0,4,4,9,1,0.8036821956521171,True,15269,315.25854900400736,0.176819216218483,0.17719151728179772,0.24482692971892667,0.09046860238439577,0.09060732895144588,0.10008955640206123,0.12485890871143501,0.12363704648247058,0.13903313477489243,0.15071541977539976,0.15791093213999768,0.28233988558940765,4285992,"{""ambiguous_registrations"": 0, ""clusters"": 4410, ""dropped_ambiguous"": 233, ""landmarks_bad"": 1, ""landmarks_confirmed"": 38, ""matched"": 4333, ""registrations"": 3961, ""spurious"": 77, ""tracks"": 56, ""unreleased"": 33, ""wrong_track"": 12}","{""ambiguous_registrations"": 0, ""clusters"": 7509, ""dropped_ambiguous"": 183, ""landmarks_bad"": 4, ""landmarks_confirmed"": 30, ""matched"": 7085, ""registrations"": 6996, ""spurious"": 424, ""tracks"": 65, ""unreleased"": 47, ""wrong_track"": 0}","{""ambiguous_registrations"": 0, ""clusters"": 2713, ""dropped_ambiguous"": 71, ""landmarks_bad"": 23, ""landmarks_confirmed"": 22, ""matched"": 2535, ""registrations"": 2516, ""spurious"": 178, ""tracks"": 27, ""unreleased"": 62, ""wrong_track"": 0}","{""ambiguous_registrations"": 0, ""clusters"": 1434, ""dropped_ambiguous"": 92, ""landmarks_bad"": 30, ""landmarks_confirmed"": 32, ""matched"": 1294, ""registrations"": 1175, ""spurious"": 140, ""tracks"": 44, ""unreleased"": 76, ""wrong_track"": 0}"
T1,42,600.0,0.05712402216033393,0.03683036219891734,0.03674405278976692,220.0,4,4,10,0,0.09623617209227403,True,33159,484.0933390560094,0.021722402680516784,0.021706133981222165,0.02347035792528249,0.023815546311943492,0.02381511532471206,0.02836408637670356,0.0348465553738181,0.03500642555691959,0.05808484237028884,0.09290913479573805,0.0808537215228727,0.09123260174296256,4285992,,,,
T2,42,600.0,0.16825980909965577,0.15120953956495256,0.15503462798015377,360.0,4,4,9,0,0.23612970501869474,True,17342,326.96165915799793,0.16036163043881277,0.1600770872664329,0.2183843025646492,0.09340821910821881,0.09341434422628944,0.11033261125822176,0.12094486641087145,0.11850919829394645,0.12748809852293538,0.14258239839834894,0.15440095715589738,0.19268432591757592,4285992,"{""ambiguous_registrations"": 0, ""clusters"": 4958, ""dropped_ambiguous"": 0, ""matched"": 4824, ""registrations"": 0, ""spurious"": 134, ""tracks"": 0, ""wrong_track"": 0}","{""ambiguous_registrations"": 0, ""clusters"": 8167, ""dropped_ambiguous"": 0, ""matched"": 7531, ""registrations"": 0, ""spurious"": 636, ""tracks"": 0, ""wrong_track"": 0}","{""ambiguous_registrations"": 0, ""clusters"": 2804, ""dropped_ambiguous"": 0, ""matched"": 2637, ""registrations"": 0, ""spurious"": 167, ""tracks"": 0, ""wrong_track"": 0}","{""ambiguous_registrations"": 0, ""clusters"": 1413, ""dropped_ambiguous"": 0, ""matched"": 1258, ""registrations"": 0, ""spurious"": 155, ""tracks"": 0, ""wrong_track"": 0}"
T2nn,42,600.0,1.8283900902468482,0.16513511835180295,0.16262931373102235,280.0,4,4,7,1,0.25293644057867376,True,9748,315.89575765500194,0.17959700780828686,0.18396343473904248,0.7623733232558657,0.12090567922177445,0.10964204508800682,0.6169771371739574,0.1349708149586486,0.13323822413014177,0.6634135252789013,2.6417968048053218,2.591172956244767,3.4597759914654826,4285992,"{""ambiguous_registrations"": 0, ""clusters"": 4936, ""dropped_ambiguous"": 2673, ""matched"": 4801, ""registrations"": 0, ""spurious"": 135, ""tracks"": 122, ""wrong_track"": 25}","{""ambiguous_registrations"": 0, ""clusters"": 8190, ""dropped_ambiguous"": 4465, ""matched"": 7562, ""registrations"": 0, ""spurious"": 628, ""tracks"": 188, ""wrong_track"": 557}","{""ambiguous_registrations"": 0, ""clusters"": 2801, ""dropped_ambiguous"": 407, ""matched"": 2638, ""registrations"": 0, ""spurious"": 163, ""tracks"": 82, ""wrong_track"": 5}","{""ambiguous_registrations"": 0, ""clusters"": 1411, ""dropped_ambiguous"": 45, ""matched"": 1257, ""registrations"": 0, ""spurious"": 154, ""tracks"": 83, ""wrong_track"": 10}"
T2ekf,42,600.0,0.1697345532224142,0.15259448832568945,0.15555656235300228,340.0,4,4,9,0,0.20591552317195697,True,16567,412.5590782740037,0.1503086575044238,0.15010742256815807,0.21102055749129459,0.09146245497150265,0.09144569086591266,0.11635096934901128,0.12043869838490559,0.11814822046388987,0.13496169799207153,0.1700174862918136,0.16505449296774033,0.19737626643838363,4285992,"{""ambiguous_registrations"": 0, ""clusters"": 4921, ""dropped_ambiguous"": 242, ""landmarks_bad"": 0, ""landmarks_confirmed"": 43, ""matched"": 4794, ""registrations"": 4427, ""spurious"": 127, ""tracks"": 66, ""unreleased"": 34, ""wrong_track"": 23}","{""ambiguous_registrations"": 0, ""clusters"": 8209, ""dropped_ambiguous"": 254, ""landmarks_bad"": 2, ""landmarks_confirmed"": 37, ""matched"": 7558, ""registrations"": 7572, ""spurious"": 651, ""tracks"": 74, ""unreleased"": 30, ""wrong_track"": 4}","{""ambiguous_registrations"": 0, ""clusters"": 2799, ""dropped_ambiguous"": 42, ""landmarks_bad"": 15, ""landmarks_confirmed"": 25, ""matched"": 2636, ""registrations"": 2628, ""spurious"": 163, ""tracks"": 31, ""unreleased"": 48, ""wrong_track"": 0}","{""ambiguous_registrations"": 0, ""clusters"": 1411, ""dropped_ambiguous"": 53, ""landmarks_bad"": 31, ""landmarks_confirmed"": 27, ""matched"": 1257, ""registrations"": 1203, ""spurious"": 154, ""tracks"": 37, ""unreleased"": 70, ""wrong_track"": 0}"
T1,43,600.0,0.07282779856318378,0.04596949381635977,0.04633190818191264,240.0,4,4,10,0,0.4258385988252195,True,33130,517.5229584589833,0.020928493008573065,0.02089226140805088,0.04607176643178863,0.024551846169879758,0.02455225363928029,0.034080486695341354,0.03837872140293865,0.038301674777130354,0.050162320535860484,0.08157678284360999,0.06927625513563314,0.1241579934485076,4285992,,,,
T2,43,600.0,0.18543106351055716,0.17393730284966674,0.18137225253382236,240.0,4,4,8,0,0.35552389835414133,True,16606,315.14952513598837,0.17821601031396975,0.17794536498800173,0.2518306931293106,0.09450983538132605,0.09464502334131913,0.0996775019499501,0.11384277542002658,0.11252022861359785,0.12606007869357122,0.1803637284314773,0.18003977774676647,0.21975730117887882,4285992,"{""ambiguous_registrations"": 0, ""clusters"": 4605, ""dropped_ambiguous"": 0, ""matched"": 4514, ""registrations"": 0, ""spurious"": 91, ""tracks"": 0, ""wrong_track"": 0}","{""ambiguous_registrations"": 0, ""clusters"": 7706, ""dropped_ambiguous"": 0, ""matched"": 7232, ""registrations"": 0, ""spurious"": 474, ""tracks"": 0, ""wrong_track"": 0}","{""ambiguous_registrations"": 0, ""clusters"": 2852, ""dropped_ambiguous"": 0, ""matched"": 2669, ""registrations"": 0, ""spurious"": 183, ""tracks"": 0, ""wrong_track"": 0}","{""ambiguous_registrations"": 0, ""clusters"": 1443, ""dropped_ambiguous"": 0, ""matched"": 1308, ""registrations"": 0, ""spurious"": 135, ""tracks"": 0, ""wrong_track"": 0}"
T2nn,43,600.0,1.2338921697473868,0.19590951001762966,0.18907831549572054,240.0,4,4,8,0,0.6270866666555845,True,8342,276.2390225340205,1.681596675697787,1.681716170603626,1.7500701877241476,0.5722278133966597,0.5231591127102441,0.6885888978923421,0.13334126597050489,0.12523465946579707,0.5361570469066991,1.3749310788945843,1.4190435453738985,1.5051893020635383,4285992,"{""ambiguous_registrations"": 0, ""clusters"": 4622, ""dropped_ambiguous"": 2632, ""matched"": 4528, ""registrations"": 0, ""spurious"": 94, ""tracks"": 118, ""wrong_track"": 103}","{""ambiguous_registrations"": 0, ""clusters"": 7718, ""dropped_ambiguous"": 5496, ""matched"": 7237, ""registrations"": 0, ""spurious"": 481, ""tracks"": 125, ""wrong_track"": 67}","{""ambiguous_registrations"": 0, ""clusters"": 2854, ""dropped_ambiguous"": 145, ""matched"": 2668, ""registrations"": 0, ""spurious"": 186, ""tracks"": 81, ""wrong_track"": 81}","{""ambiguous_registrations"": 0, ""clusters"": 1443, ""dropped_ambiguous"": 22, ""matched"": 1310, ""registrations"": 0, ""spurious"": 133, ""tracks"": 87, ""wrong_track"": 5}"
T2ekf,43,600.0,0.189838024738913,0.1731340065725859,0.1812353117007597,240.0,4,4,9,0,0.42683793607190856,True,16118,341.1034797610191,0.17807968818634365,0.17787066936935733,0.25196947568267425,0.09442671416765851,0.0944824121635344,0.10199862774658414,0.11369459423898488,0.11267692095072067,0.12011035785131231,0.18560239523645997,0.18200724083606573,0.23629445136509292,4285992,"{""ambiguous_registrations"": 0, ""clusters"": 4605, ""dropped_ambiguous"": 25, ""landmarks_bad"": 2, ""landmarks_confirmed"": 42, ""matched"": 4514, ""registrations"": 4390, ""spurious"": 91, ""tracks"": 55, ""unreleased"": 45, ""wrong_track"": 6}","{""ambiguous_registrations"": 0, ""clusters"": 7706, ""dropped_ambiguous"": 161, ""landmarks_bad"": 1, ""landmarks_confirmed"": 40, ""matched"": 7232, ""registrations"": 7230, ""spurious"": 474, ""tracks"": 65, ""unreleased"": 31, ""wrong_track"": 0}","{""ambiguous_registrations"": 0, ""clusters"": 2852, ""dropped_ambiguous"": 65, ""landmarks_bad"": 20, ""landmarks_confirmed"": 25, ""matched"": 2669, ""registrations"": 2661, ""spurious"": 183, ""tracks"": 29, ""unreleased"": 59, ""wrong_track"": 0}","{""ambiguous_registrations"": 0, ""clusters"": 1443, ""dropped_ambiguous"": 37, ""landmarks_bad"": 28, ""landmarks_confirmed"": 29, ""matched"": 1308, ""registrations"": 1260, ""spurious"": 135, ""tracks"": 40, ""unreleased"": 65, ""wrong_track"": 0}"
T1,44,600.0,0.052933793051878404,0.04171825375191906,0.041829981514858436,260.0,4,4,10,0,0.1554574638519158,True,32838,533.3289360620256,0.021672736204107822,0.021667008456005124,0.02605265916624712,0.025079268071811062,0.025076525254260375,0.031211746940209645,0.03766306088395014,0.03786834571701217,0.04176057760139766,0.07776097351528818,0.07596997467884962,0.08838034707525018,4285992,,,,
T2,44,600.0,0.2500090669252017,0.17579882523905982,0.17564346451003973,280.0,4,4,10,0,0.7245109851877929,True,16547,332.6518028790015,0.1810419646019165,0.18090880703637333,0.2990171986430158,0.09644251768583435,0.09645639316277645,0.13165213971775397,0.12578934580751597,0.12405215968005236,0.13140830034466428,0.14373894508559926,0.15284481123472987,0.35497383256119985,4285992,"{""ambiguous_registrations"": 0, ""clusters"": 4657, ""dropped_ambiguous"": 0, ""matched"": 4534, ""registrations"": 0, ""spurious"": 123, ""tracks"": 0, ""wrong_track"": 0}","{""ambiguous_registrations"": 0, ""clusters"": 7785, ""dropped_ambiguous"": 0, ""matched"": 7473, ""registrations"": 0, ""spurious"": 312, ""tracks"": 0, ""wrong_track"": 0}","{""ambiguous_registrations"": 0, ""clusters"": 2712, ""dropped_ambiguous"": 0, ""matched"": 2549, ""registrations"": 0, ""spurious"": 163, ""tracks"": 0, ""wrong_track"": 0}","{""ambiguous_registrations"": 0, ""clusters"": 1393, ""dropped_ambiguous"": 0, ""matched"": 1259, ""registrations"": 0, ""spurious"": 134, ""tracks"": 0, ""wrong_track"": 0}"
T2nn,44,600.0,2.771601147647229,0.16491725653666728,0.1629298409084454,280.0,4,4,7,1,10.311533880478798,False,10241,388.68090310899424,3.0174100320555572,2.9950553758142178,3.4286474293898226,3.7405919811650397,3.890704855861665,4.092934114758682,0.14283649188771821,0.1486667338276136,0.8314946435694978,2.937472346872702,0.33934629100428115,1.2361130536711045,4285992,"{""ambiguous_registrations"": 0, ""clusters"": 4675, ""dropped_ambiguous"": 1864, ""matched"": 4545, ""registrations"": 0, ""spurious"": 130, ""tracks"": 189, ""wrong_track"": 126}","{""ambiguous_registrations"": 0, ""clusters"": 7773, ""dropped_ambiguous"": 4133, ""matched"": 7459, ""registrations"": 0, ""spurious"": 314, ""tracks"": 224, ""wrong_track"": 296}","{""ambiguous_registrations"": 0, ""clusters"": 2719, ""dropped_ambiguous"": 231, ""matched"": 2550, ""registrations"": 0, ""spurious"": 169, ""tracks"": 93, ""wrong_track"": 55}","{""ambiguous_registrations"": 0, ""clusters"": 1394, ""dropped_ambiguous"": 92, ""matched"": 1256, ""registrations"": 0, ""spurious"": 138, ""tracks"": 91, ""wrong_track"": 9}"
T2ekf,44,600.0,0.22608815647816344,0.1756198356968302,0.17828595015457735,280.0,4,4,10,0,0.7277139624185152,True,15947,321.44039189399336,0.18262372736816393,0.18247115987622067,0.285488846240793,0.09683215374447932,0.09682658711057278,0.1287957841960411,0.12545483047453002,0.1237874818194908,0.12974996290563362,0.1459855510541309,0.15152189343442954,0.29922588419151247,4285992,"{""ambiguous_registrations"": 0, ""clusters"": 4657, ""dropped_ambiguous"": 229, ""landmarks_bad"": 0, ""landmarks_confirmed"": 40, ""matched"": 4534, ""registrations"": 4139, ""spurious"": 123, ""tracks"": 70, ""unreleased"": 39, ""wrong_track"": 21}","{""ambiguous_registrations"": 0, ""clusters"": 7785, ""dropped_ambiguous"": 76, ""landmarks_bad"": 0, ""landmarks_confirmed"": 36, ""matched"": 7473, ""registrations"": 7409, ""spurious"": 312, ""tracks"": 62, ""unreleased"": 38, ""wrong_track"": 1}","{""ambiguous_registrations"": 0, ""clusters"": 2712, ""dropped_ambiguous"": 49, ""landmarks_bad"": 18, ""landmarks_confirmed"": 25, ""matched"": 2549, ""registrations"": 2535, ""spurious"": 163, ""tracks"": 29, ""unreleased"": 56, ""wrong_track"": 0}","{""ambiguous_registrations"": 0, ""clusters"": 1393, ""dropped_ambiguous"": 32, ""landmarks_bad"": 31, ""landmarks_confirmed"": 28, ""matched"": 1259, ""registrations"": 1206, ""spurious"": 134, ""tracks"": 34, ""unreleased"": 81, ""wrong_track"": 1}"
T1,45,600.0,0.07652676299619389,0.04788182108046237,0.04784885763736673,280.0,4,4,10,0,0.42049024600330814,True,33389,549.585366321,0.020892925006125645,0.02089186731584076,0.04107949238645695,0.024413229066068066,0.024414322361742156,0.034694185621979144,0.0360946683696275,0.036066319046562746,0.04774489691627732,0.1108816348209494,0.09686214397277042,0.13510956822688486,4285992,,,,
T2,45,600.0,0.21411495049623894,0.1671317105155046,0.1706215898223871,320.0,4,4,10,0,1.0330766744502393,False,16920,318.272315033013,0.18698513590510465,0.18702175181088537,0.26331674461093657,0.09555522832047092,0.09550068262162967,0.12693807621006742,0.1095719771177284,0.10822352904713058,0.11781369400874492,0.14532671536374475,0.15513303488123129,0.28991688192243503,4285992,"{""ambiguous_registrations"": 0, ""clusters"": 4844, ""dropped_ambiguous"": 0, ""matched"": 4691, ""registrations"": 0, ""spurious"": 153, ""tracks"": 0, ""wrong_track"": 0}","{""ambiguous_registrations"": 0, ""clusters"": 7869, ""dropped_ambiguous"": 0, ""matched"": 7467, ""registrations"": 0, ""spurious"": 402, ""tracks"": 0, ""wrong_track"": 0}","{""ambiguous_registrations"": 0, ""clusters"": 2815, ""dropped_ambiguous"": 0, ""matched"": 2651, ""registrations"": 0, ""spurious"": 164, ""tracks"": 0, ""wrong_track"": 0}","{""ambiguous_registrations"": 0, ""clusters"": 1392, ""dropped_ambiguous"": 0, ""matched"": 1206, ""registrations"": 0, ""spurious"": 186, ""tracks"": 0, ""wrong_track"": 0}"
T2nn,45,600.0,2.985863510220367,0.17790875009604012,0.17951268629000802,280.0,4,4,8,1,1.248975040869965,False,9342,317.4288976190146,0.9053815660902346,0.9086116019373295,1.5633803741255496,0.119769153038605,0.11512342476584293,0.972026516958219,0.11534350637685523,0.11335357848509481,0.9813117018806765,5.22884097909111,4.320569245878763,5.595494366590242,4285992,"{""ambiguous_registrations"": 0, ""clusters"": 4823, ""dropped_ambiguous"": 2888, ""matched"": 4675, ""registrations"": 0, ""spurious"": 148, ""tracks"": 141, ""wrong_track"": 92}","{""ambiguous_registrations"": 0, ""clusters"": 7847, ""dropped_ambiguous"": 4230, ""matched"": 7454, ""registrations"": 0, ""spurious"": 393, ""tracks"": 206, ""wrong_track"": 512}","{""ambiguous_registrations"": 0, ""clusters"": 2815, ""dropped_ambiguous"": 308, ""matched"": 2651, ""registrations"": 0, ""spurious"": 164, ""tracks"": 80, ""wrong_track"": 73}","{""ambiguous_registrations"": 0, ""clusters"": 1393, ""dropped_ambiguous"": 110, ""matched"": 1207, ""registrations"": 0, ""spurious"": 186, ""tracks"": 96, ""wrong_track"": 45}"
T2ekf,45,600.0,0.21971867276076545,0.16543750440723184,0.17241862676227337,320.0,4,4,10,0,0.926431777731254,True,15956,388.09770968498196,0.17065446741718507,0.17073457910956352,0.2580143744009677,0.09528973326618213,0.09529761018776804,0.12915268415702083,0.10948480602125112,0.1082097626018544,0.11818334320392888,0.14715101827112193,0.15606378335545587,0.30965471868787303,4285992,"{""ambiguous_registrations"": 0, ""clusters"": 4844, ""dropped_ambiguous"": 457, ""landmarks_bad"": 0, ""landmarks_confirmed"": 41, ""matched"": 4691, ""registrations"": 4020, ""spurious"": 153, ""tracks"": 77, ""unreleased"": 49, ""wrong_track"": 41}","{""ambiguous_registrations"": 0, ""clusters"": 7869, ""dropped_ambiguous"": 114, ""landmarks_bad"": 2, ""landmarks_confirmed"": 33, ""matched"": 7467, ""registrations"": 7345, ""spurious"": 402, ""tracks"": 74, ""unreleased"": 40, ""wrong_track"": 5}","{""ambiguous_registrations"": 0, ""clusters"": 2811, ""dropped_ambiguous"": 75, ""landmarks_bad"": 19, ""landmarks_confirmed"": 23, ""matched"": 2649, ""registrations"": 2632, ""spurious"": 162, ""tracks"": 25, ""unreleased"": 51, ""wrong_track"": 1}","{""ambiguous_registrations"": 0, ""clusters"": 1392, ""dropped_ambiguous"": 81, ""landmarks_bad"": 43, ""landmarks_confirmed"": 27, ""matched"": 1206, ""registrations"": 1153, ""spurious"": 186, ""tracks"": 31, ""unreleased"": 93, ""wrong_track"": 0}"
T1,46,600.0,0.05504771029625148,0.038983311402299235,0.03914117224991019,240.0,4,4,10,0,0.1077383176213762,True,34538,497.26495959601016,0.021197404530636538,0.021202560417005044,0.03966467515354748,0.023800893403965594,0.023801063461496703,0.028475235523067008,0.033854035428668036,0.03391069417900421,0.04236955456151018,0.06935269785434287,0.06162382091139796,0.08911619936110805,4285992,,,,
T2,46,600.0,0.17754852078992553,0.15901596997027612,0.15081667390258277,400.0,4,4,8,0,0.6931418793736961,True,15955,291.1014588990074,0.16340934597664833,0.16388884537707632,0.2138111535582019,0.08856560653260528,0.08861371406459932,0.09448752146279978,0.1210179000209043,0.11983076230131363,0.12885039046234045,0.10950007921107208,0.12921725164535158,0.2341973200495532,4285992,"{""ambiguous_registrations"": 0, ""clusters"": 4239, ""dropped_ambiguous"": 0, ""matched"": 4074, ""registrations"": 0, ""spurious"": 165, ""tracks"": 0, ""wrong_track"": 0}","{""ambiguous_registrations"": 0, ""clusters"": 7669, ""dropped_ambiguous"": 0, ""matched"": 7365, ""registrations"": 0, ""spurious"": 304, ""tracks"": 0, ""wrong_track"": 0}","{""ambiguous_registrations"": 0, ""clusters"": 2699, ""dropped_ambiguous"": 0, ""matched"": 2576, ""registrations"": 0, ""spurious"": 123, ""tracks"": 0, ""wrong_track"": 0}","{""ambiguous_registrations"": 0, ""clusters"": 1348, ""dropped_ambiguous"": 0, ""matched"": 1244, ""registrations"": 0, ""spurious"": 104, ""tracks"": 0, ""wrong_track"": 0}"
T2nn,46,600.0,1.6198245888667753,0.18426150221153056,0.16727526396113807,280.0,4,4,8,0,0.6199076356284869,True,9129,332.2826878920023,0.190147804918113,0.18866056175077658,0.4637300479426357,1.6848706541396754,1.3336564321816775,1.8382693113372677,1.507872757602908,1.5065113882048609,1.5867748238544572,1.9514676173719476,1.5022243805546152,2.0936076124245577,4285992,"{""ambiguous_registrations"": 0, ""clusters"": 4223, ""dropped_ambiguous"": 1835, ""matched"": 4064, ""registrations"": 0, ""spurious"": 159, ""tracks"": 134, ""wrong_track"": 75}","{""ambiguous_registrations"": 0, ""clusters"": 7618, ""dropped_ambiguous"": 4526, ""matched"": 7306, ""registrations"": 0, ""spurious"": 312, ""tracks"": 217, ""wrong_track"": 298}","{""ambiguous_registrations"": 0, ""clusters"": 2705, ""dropped_ambiguous"": 358, ""matched"": 2578, ""registrations"": 0, ""spurious"": 127, ""tracks"": 89, ""wrong_track"": 41}","{""ambiguous_registrations"": 0, ""clusters"": 1347, ""dropped_ambiguous"": 45, ""matched"": 1243, ""registrations"": 0, ""spurious"": 104, ""tracks"": 71, ""wrong_track"": 20}"
T2ekf,46,600.0,0.16025550279380832,0.1589965871056389,0.1507139841036428,400.0,4,4,8,0,0.6236159761218885,True,15572,344.1040322929912,0.1587920633036555,0.15942736316693673,0.20174744411218207,0.0885262603717576,0.08854872850121669,0.09300236224232943,0.12125696111116818,0.12026568785813614,0.13248431708419028,0.10999718562989234,0.12580524273174215,0.18927160336687981,4285992,"{""ambiguous_registrations"": 0, ""clusters"": 4239, ""dropped_ambiguous"": 36, ""landmarks_bad"": 0, ""landmarks_confirmed"": 40, ""matched"": 4074, ""registrations"": 3884, ""spurious"": 165, ""tracks"": 76, ""unreleased"": 52, ""wrong_track"": 25}","{""ambiguous_registrations"": 0, ""clusters"": 7669, ""dropped_ambiguous"": 91, ""landmarks_bad"": 0, ""landmarks_confirmed"": 33, ""matched"": 7365, ""registrations"": 7227, ""spurious"": 304, ""tracks"": 68, ""unreleased"": 28, ""wrong_track"": 35}","{""ambiguous_registrations"": 0, ""clusters"": 2699, ""dropped_ambiguous"": 36, ""landmarks_bad"": 14, ""landmarks_confirmed"": 24, ""matched"": 2576, ""registrations"": 2547, ""spurious"": 123, ""tracks"": 28, ""unreleased"": 49, ""wrong_track"": 0}","{""ambiguous_registrations"": 0, ""clusters"": 1348, ""dropped_ambiguous"": 29, ""landmarks_bad"": 29, ""landmarks_confirmed"": 29, ""matched"": 1244, ""registrations"": 1192, ""spurious"": 104, ""tracks"": 32, ""unreleased"": 62, ""wrong_track"": 0}"
T1,47,600.0,0.05150785757980176,0.0422788066628092,0.042197634286968135,220.0,4,4,10,0,0.09487610964977729,True,34065,532.9087778239918,0.021062316294927805,0.021039549259404877,0.026877744501584123,0.02437435682893123,0.02437520090326445,0.032806770997421346,0.039657421155118895,0.03977031826310196,0.05656652872853323,0.09465864277559752,0.06856115239640735,0.07492508274722764,4285992,,,,
T2,47,600.0,0.2656601971425172,0.16862089056553672,0.16445239487265942,240.0,4,4,8,0,0.5466236049001924,True,16979,350.0098998360045,0.16360465017763215,0.1640857470247319,0.30244517038414004,0.08988761188947067,0.08993301774936595,0.11553120023486062,0.1278010913178505,0.12636756534371138,0.13871976406516526,0.20173471268064894,0.19940534048156072,0.39779096159227956,4285992,"{""ambiguous_registrations"": 0, ""clusters"": 4882, ""dropped_ambiguous"": 0, ""matched"": 4678, ""registrations"": 0, ""spurious"": 204, ""tracks"": 0, ""wrong_track"": 0}","{""ambiguous_registrations"": 0, ""clusters"": 7808, ""dropped_ambiguous"": 0, ""matched"": 7392, ""registrations"": 0, ""spurious"": 416, ""tracks"": 0, ""wrong_track"": 0}","{""ambiguous_registrations"": 0, ""clusters"": 2804, ""dropped_ambiguous"": 0, ""matched"": 2704, ""registrations"": 0, ""spurious"": 100, ""tracks"": 0, ""wrong_track"": 0}","{""ambiguous_registrations"": 0, ""clusters"": 1485, ""dropped_ambiguous"": 0, ""matched"": 1296, ""registrations"": 0, ""spurious"": 189, ""tracks"": 0, ""wrong_track"": 0}"
T2nn,47,600.0,1.2907729331338744,0.17611559717140968,0.1722396563931475,240.0,4,4,8,1,0.7762397361027937,True,9255,320.57588068701443,0.18201839987105892,0.18303152755321933,0.5243783404257518,1.8229236658842893,1.8651919513247406,2.0292690855369657,0.14750722730486843,0.1480661741580994,0.2704362630763379,1.4546396552922494,1.3957479238129362,1.4826792039526655,4285992,"{""ambiguous_registrations"": 0, ""clusters"": 4891, ""dropped_ambiguous"": 2016, ""matched"": 4692, ""registrations"": 0, ""spurious"": 199, ""tracks"": 148, ""wrong_track"": 121}","{""ambiguous_registrations"": 0, ""clusters"": 7805, ""dropped_ambiguous"": 5276, ""matched"": 7396, ""registrations"": 0, ""spurious"": 409, ""tracks"": 158, ""wrong_track"": 78}","{""ambiguous_registrations"": 0, ""clusters"": 2797, ""dropped_ambiguous"": 398, ""matched"": 2701, ""registrations"": 0, ""spurious"": 96, ""tracks"": 86, ""wrong_track"": 3}","{""ambiguous_registrations"": 0, ""clusters"": 1482, ""dropped_ambiguous"": 30, ""matched"": 1295, ""registrations"": 0, ""spurious"": 187, ""tracks"": 85, ""wrong_track"": 44}"
T2ekf,47,600.0,0.2993717030561368,0.16893573969170395,0.16440753573381187,240.0,4,4,8,0,0.6327214005437842,True,16497,424.40937424098956,0.1636743936993651,0.16410479098145225,0.3238007268842357,0.08920066192463837,0.08927879457757175,0.12018204257809798,0.12771950889908287,0.1261397098685286,0.14081602247254674,0.20290059301343022,0.20215148547849804,0.4683736543497456,4285992,"{""ambiguous_registrations"": 0, ""clusters"": 4882, ""dropped_ambiguous"": 36, ""landmarks_bad"": 1, ""landmarks_confirmed"": 42, ""matched"": 4678, ""registrations"": 4518, ""spurious"": 204, ""tracks"": 77, ""unreleased"": 57, ""wrong_track"": 32}","{""ambiguous_registrations"": 0, ""clusters"": 7808, ""dropped_ambiguous"": 155, ""landmarks_bad"": 2, ""landmarks_confirmed"": 38, ""matched"": 7392, ""registrations"": 7304, ""spurious"": 416, ""tracks"": 73, ""unreleased"": 31, ""wrong_track"": 1}","{""ambiguous_registrations"": 0, ""clusters"": 2804, ""dropped_ambiguous"": 10, ""landmarks_bad"": 9, ""landmarks_confirmed"": 24, ""matched"": 2704, ""registrations"": 2693, ""spurious"": 100, ""tracks"": 29, ""unreleased"": 35, ""wrong_track"": 0}","{""ambiguous_registrations"": 0, ""clusters"": 1484, ""dropped_ambiguous"": 78, ""landmarks_bad"": 35, ""landmarks_confirmed"": 26, ""matched"": 1295, ""registrations"": 1241, ""spurious"": 189, ""tracks"": 37, ""unreleased"": 79, ""wrong_track"": 0}"
T1,48,600.0,0.04808071261706016,0.040014672956619285,0.03995413761204396,280.0,4,4,10,0,0.03772547901714175,True,34111,553.129304217,0.02161767219434467,0.02161202526398939,0.03286808768824205,0.023543354353666907,0.023543353540840837,0.036797724122904635,0.03673820843657283,0.03593755524842521,0.04578632455004187,0.07207227125929677,0.06072673324683672,0.06867494811318153,4285992,,,,
T2,48,600.0,0.23561077400493735,0.16450581767365427,0.16960870154804789,280.0,4,4,8,0,0.28125737387625777,True,17651,339.6024439470202,0.17319269743439086,0.1734989839408733,0.32261193721016435,0.09702670498014593,0.097017813090321,0.14341931240728173,0.11951378757214443,0.11820377388106829,0.14027978403321698,0.12785686497693383,0.131547886184753,0.2787898281834259,4285992,"{""ambiguous_registrations"": 0, ""clusters"": 5245, ""dropped_ambiguous"": 0, ""matched"": 5006, ""registrations"": 0, ""spurious"": 239, ""tracks"": 0, ""wrong_track"": 0}","{""ambiguous_registrations"": 0, ""clusters"": 8131, ""dropped_ambiguous"": 0, ""matched"": 7716, ""registrations"": 0, ""spurious"": 415, ""tracks"": 0, ""wrong_track"": 0}","{""ambiguous_registrations"": 0, ""clusters"": 2872, ""dropped_ambiguous"": 0, ""matched"": 2602, ""registrations"": 0, ""spurious"": 270, ""tracks"": 0, ""wrong_track"": 0}","{""ambiguous_registrations"": 0, ""clusters"": 1403, ""dropped_ambiguous"": 0, ""matched"": 1251, ""registrations"": 0, ""spurious"": 152, ""tracks"": 0, ""wrong_track"": 0}"
T2nn,48,600.0,3.9882372652641926,0.1828567155619535,0.19492369182670194,,3,4,6,0,nan,False,9619,384.5501036529895,0.19426914488535504,0.19434309389064222,1.3463676532304893,0.148163390100851,0.11459910774772976,1.653107654098021,5.525916380809154,5.413344346331391,6.570588914125064,3.302519986751028,3.2969474992649115,nan,4285992,"{""ambiguous_registrations"": 0, ""clusters"": 5250, ""dropped_ambiguous"": 2326, ""matched"": 5010, ""registrations"": 0, ""spurious"": 240, ""tracks"": 136, ""wrong_track"": 62}","{""ambiguous_registrations"": 0, ""clusters"": 8086, ""dropped_ambiguous"": 5265, ""matched"": 7667, ""registrations"": 0, ""spurious"": 419, ""tracks"": 143, ""wrong_track"": 64}","{""ambiguous_registrations"": 0, ""clusters"": 2867, ""dropped_ambiguous"": 357, ""matched"": 2602, ""registrations"": 0, ""spurious"": 265, ""tracks"": 113, ""wrong_track"": 287}","{""ambiguous_registrations"": 0, ""clusters"": 1396, ""dropped_ambiguous"": 32, ""matched"": 1250, ""registrations"": 0, ""spurious"": 146, ""tracks"": 90, ""wrong_track"": 40}"
T2ekf,48,600.0,0.33126857353021233,0.16325864695864917,0.16924789489989492,280.0,4,4,8,0,0.7758046910884902,True,17136,406.13058117299806,0.17444472958116264,0.17472024513850537,0.38551713748740923,0.0973889513756584,0.09732401472862871,0.16490152454198176,0.11862944960026507,0.11759100097010898,0.14250775134409643,0.09841031891566282,0.11307105712543797,0.4927788915416935,4285992,"{""ambiguous_registrations"": 0, ""clusters"": 5245, ""dropped_ambiguous"": 62, ""landmarks_bad"": 2, ""landmarks_confirmed"": 46, ""matched"": 5006, ""registrations"": 4861, ""spurious"": 239, ""tracks"": 80, ""unreleased"": 39, ""wrong_track"": 62}","{""ambiguous_registrations"": 0, ""clusters"": 8131, ""dropped_ambiguous"": 97, ""landmarks_bad"": 0, ""landmarks_confirmed"": 37, ""matched"": 7716, ""registrations"": 7657, ""spurious"": 415, ""tracks"": 74, ""unreleased"": 30, ""wrong_track"": 25}","{""ambiguous_registrations"": 0, ""clusters"": 2872, ""dropped_ambiguous"": 127, ""landmarks_bad"": 20, ""landmarks_confirmed"": 27, ""matched"": 2603, ""registrations"": 2610, ""spurious"": 269, ""tracks"": 31, ""unreleased"": 52, ""wrong_track"": 0}","{""ambiguous_registrations"": 0, ""clusters"": 1405, ""dropped_ambiguous"": 37, ""landmarks_bad"": 32, ""landmarks_confirmed"": 29, ""matched"": 1252, ""registrations"": 1203, ""spurious"": 153, ""tracks"": 42, ""unreleased"": 73, ""wrong_track"": 2}"
T1,49,600.0,0.05722603443004165,0.04408552764485457,0.04408049764594952,220.0,4,4,10,0,0.0604323102868958,True,33239,528.9248708839878,0.020950471390768187,0.020919670076955228,0.026642002527811903,0.024652118521055474,0.024651571391768684,0.0405121717406596,0.03898814974675987,0.037855295756586416,0.04600603455357185,0.08069698001194178,0.08178135776557713,0.09290688076333298,4285992,,,,
T2,49,600.0,0.2232320324026138,0.16780317788195145,0.16719917494570283,340.0,4,4,8,0,0.47117309080466874,True,16081,298.58810726201045,0.19395336606357585,0.19320084517205732,0.2798198171773316,0.09656302890198888,0.09656811967551009,0.12803751685918016,0.10695734525428023,0.10550687965417896,0.12136321255932096,0.12346453192312225,0.12444664038990494,0.2998472877834105,4285992,"{""ambiguous_registrations"": 0, ""clusters"": 4403, ""dropped_ambiguous"": 0, ""matched"": 4228, ""registrations"": 0, ""spurious"": 175, ""tracks"": 0, ""wrong_track"": 0}","{""ambiguous_registrations"": 0, ""clusters"": 7688, ""dropped_ambiguous"": 0, ""matched"": 7167, ""registrations"": 0, ""spurious"": 521, ""tracks"": 0, ""wrong_track"": 0}","{""ambiguous_registrations"": 0, ""clusters"": 2619, ""dropped_ambiguous"": 0, ""matched"": 2514, ""registrations"": 0, ""spurious"": 105, ""tracks"": 0, ""wrong_track"": 0}","{""ambiguous_registrations"": 0, ""clusters"": 1371, ""dropped_ambiguous"": 0, ""matched"": 1247, ""registrations"": 0, ""spurious"": 124, ""tracks"": 0, ""wrong_track"": 0}"
T2nn,49,600.0,2.177128615500171,0.17812478463062473,0.16812932103117167,400.0,4,4,10,0,0.43446594015370427,True,9490,302.0662548910186,0.1834695045698155,0.1842234350162621,1.0703739229917046,2.527219555615469,2.5223802181369708,4.179838153762844,0.12877697145496766,0.11711749556274148,0.4905969930691173,0.1288923252676068,0.13452923034712688,0.3195673597820466,4285992,"{""ambiguous_registrations"": 0, ""clusters"": 4407, ""dropped_ambiguous"": 1809, ""matched"": 4220, ""registrations"": 0, ""spurious"": 187, ""tracks"": 140, ""wrong_track"": 73}","{""ambiguous_registrations"": 0, ""clusters"": 7669, ""dropped_ambiguous"": 4486, ""matched"": 7138, ""registrations"": 0, ""spurious"": 531, ""tracks"": 179, ""wrong_track"": 419}","{""ambiguous_registrations"": 0, ""clusters"": 2616, ""dropped_ambiguous"": 245, ""matched"": 2513, ""registrations"": 0, ""spurious"": 103, ""tracks"": 79, ""wrong_track"": 5}","{""ambiguous_registrations"": 0, ""clusters"": 1374, ""dropped_ambiguous"": 36, ""matched"": 1247, ""registrations"": 0, ""spurious"": 127, ""tracks"": 80, ""wrong_track"": 4}"
T2ekf,49,600.0,0.2065126319388882,0.15625154850067574,0.1634583504634313,400.0,4,4,9,0,0.4387941787159559,True,15488,371.4479702159879,0.18753042308967754,0.1879532369341606,0.2639441161227898,0.0984927516004878,0.09849088026678808,0.12773082765724775,0.10633329436475931,0.1047802523087952,0.12284156382227589,0.1263239949378258,0.12446179909375167,0.26366296294542063,4285992,"{""ambiguous_registrations"": 0, ""clusters"": 4424, ""dropped_ambiguous"": 203, ""landmarks_bad"": 0, ""landmarks_confirmed"": 39, ""matched"": 4240, ""registrations"": 3943, ""spurious"": 184, ""tracks"": 72, ""unreleased"": 59, ""wrong_track"": 4}","{""ambiguous_registrations"": 0, ""clusters"": 7697, ""dropped_ambiguous"": 158, ""landmarks_bad"": 1, ""landmarks_confirmed"": 34, ""matched"": 7162, ""registrations"": 7181, ""spurious"": 535, ""tracks"": 73, ""unreleased"": 35, ""wrong_track"": 2}","{""ambiguous_registrations"": 0, ""clusters"": 2617, ""dropped_ambiguous"": 30, ""landmarks_bad"": 14, ""landmarks_confirmed"": 22, ""matched"": 2514, ""registrations"": 2490, ""spurious"": 103, ""tracks"": 25, ""unreleased"": 41, ""wrong_track"": 0}","{""ambiguous_registrations"": 0, ""clusters"": 1375, ""dropped_ambiguous"": 34, ""landmarks_bad"": 29, ""landmarks_confirmed"": 28, ""matched"": 1248, ""registrations"": 1195, ""spurious"": 127, ""tracks"": 37, ""unreleased"": 65, ""wrong_track"": 2}"
T1,50,600.0,0.08047208128215053,0.03844772045340693,0.03848612557198024,280.0,4,4,10,0,0.08394880667739196,True,34181,475.46064789401134,0.02238541646791823,0.022382105219326577,0.06027721331664143,0.023902869536803515,0.023901296293825935,0.03868745047316068,0.037497357993921614,0.03737338653403894,0.046185371269702354,0.07900109728320773,0.06471021862599652,0.13652792269301822,4285992,,,,
T2,50,600.0,0.19594573410716506,0.15495889227398843,0.14543369948213228,280.0,4,4,9,0,0.4833621553653254,True,15598,317.2437283050094,0.13104187477745247,0.13232580749824582,0.2172648762093524,0.09257864165362553,0.09258674832142051,0.09847199525552437,0.12305028998604828,0.12181411849886838,0.13079626316273907,0.1694456746690787,0.17790513613718495,0.28208243496888924,4285992,"{""ambiguous_registrations"": 0, ""clusters"": 4196, ""dropped_ambiguous"": 0, ""matched"": 4093, ""registrations"": 0, ""spurious"": 103, ""tracks"": 0, ""wrong_track"": 0}","{""ambiguous_registrations"": 0, ""clusters"": 7226, ""dropped_ambiguous"": 0, ""matched"": 7089, ""registrations"": 0, ""spurious"": 137, ""tracks"": 0, ""wrong_track"": 0}","{""ambiguous_registrations"": 0, ""clusters"": 2786, ""dropped_ambiguous"": 0, ""matched"": 2606, ""registrations"": 0, ""spurious"": 180, ""tracks"": 0, ""wrong_track"": 0}","{""ambiguous_registrations"": 0, ""clusters"": 1390, ""dropped_ambiguous"": 0, ""matched"": 1283, ""registrations"": 0, ""spurious"": 107, ""tracks"": 0, ""wrong_track"": 0}"
T2nn,50,600.0,1.6729975546986011,0.15801611864020096,0.16145506534969573,260.0,4,4,7,1,0.6325905382828263,True,7839,232.3912510430091,0.1396628228139618,0.13484461957229144,0.8734345481028382,1.6603808406113658,1.6642526311859147,1.8013303136979641,0.13998971574581845,0.1396603463349894,0.4284973061752856,1.7126703842800688,1.735391130164105,2.6465816673293316,4285992,"{""ambiguous_registrations"": 0, ""clusters"": 4185, ""dropped_ambiguous"": 1959, ""matched"": 4080, ""registrations"": 0, ""spurious"": 105, ""tracks"": 128, ""wrong_track"": 25}","{""ambiguous_registrations"": 0, ""clusters"": 7260, ""dropped_ambiguous"": 5270, ""matched"": 7120, ""registrations"": 0, ""spurious"": 140, ""tracks"": 138, ""wrong_track"": 48}","{""ambiguous_registrations"": 0, ""clusters"": 2787, ""dropped_ambiguous"": 552, ""matched"": 2607, ""registrations"": 0, ""spurious"": 180, ""tracks"": 76, ""wrong_track"": 1}","{""ambiguous_registrations"": 0, ""clusters"": 1394, ""dropped_ambiguous"": 6, ""matched"": 1284, ""registrations"": 0, ""spurious"": 110, ""tracks"": 81, ""wrong_track"": 7}"
T2ekf,50,600.0,0.17023960615857295,0.15522998559747533,0.14532619670696864,280.0,4,4,9,0,0.493155130295569,True,15279,339.8688579729933,0.12890016900679538,0.13003449125728683,0.20080266880607772,0.09204173630866498,0.09206677534385306,0.09964621925078875,0.1229544536116046,0.12193076922579518,0.13720437815013034,0.16953346006809264,0.1751833009964157,0.21644854313651674,4285992,"{""ambiguous_registrations"": 0, ""clusters"": 4196, ""dropped_ambiguous"": 4, ""landmarks_bad"": 0, ""landmarks_confirmed"": 40, ""matched"": 4093, ""registrations"": 3954, ""spurious"": 103, ""tracks"": 62, ""unreleased"": 36, ""wrong_track"": 24}","{""ambiguous_registrations"": 0, ""clusters"": 7226, ""dropped_ambiguous"": 25, ""landmarks_bad"": 0, ""landmarks_confirmed"": 33, ""matched"": 7089, ""registrations"": 6982, ""spurious"": 137, ""tracks"": 53, ""unreleased"": 30, ""wrong_track"": 0}","{""ambiguous_registrations"": 0, ""clusters"": 2786, ""dropped_ambiguous"": 68, ""landmarks_bad"": 21, ""landmarks_confirmed"": 24, ""matched"": 2606, ""registrations"": 2587, ""spurious"": 180, ""tracks"": 29, ""unreleased"": 55, ""wrong_track"": 0}","{""ambiguous_registrations"": 0, ""clusters"": 1390, ""dropped_ambiguous"": 29, ""landmarks_bad"": 29, ""landmarks_confirmed"": 26, ""matched"": 1283, ""registrations"": 1230, ""spurious"": 107, ""tracks"": 29, ""unreleased"": 72, ""wrong_track"": 0}"
T1,51,600.0,0.05987221669495494,0.0393871174664773,0.03976514072820677,280.0,4,4,10,0,0.18427301982622873,True,34423,586.4638940249861,0.021566473890355715,0.021548465981088418,0.03568206254821033,0.024493562234813575,0.024495953456082385,0.03521576418783203,0.03522659446804942,0.034758132291881634,0.04336378284325051,0.06604724055389986,0.061095270012974434,0.0997243803207951,4285992,,,,
T2,51,600.0,0.18900372375537125,0.1630533056670797,0.15121423150267227,340.0,4,4,9,0,0.5468138566740832,True,16721,357.39882681699237,0.16668505918555418,0.16694141903375118,0.24260742472781788,0.08920727366196661,0.08920015195311089,0.10901019110142564,0.12439055011024416,0.12259988470598998,0.15178953182875432,0.14745915848974975,0.1495840534540467,0.22160321320721227,4285992,"{""ambiguous_registrations"": 0, ""clusters"": 4569, ""dropped_ambiguous"": 0, ""matched"": 4383, ""registrations"": 0, ""spurious"": 186, ""tracks"": 0, ""wrong_track"": 0}","{""ambiguous_registrations"": 0, ""clusters"": 7831, ""dropped_ambiguous"": 0, ""matched"": 7602, ""registrations"": 0, ""spurious"": 229, ""tracks"": 0, ""wrong_track"": 0}","{""ambiguous_registrations"": 0, ""clusters"": 2937, ""dropped_ambiguous"": 0, ""matched"": 2659, ""registrations"": 0, ""spurious"": 278, ""tracks"": 0, ""wrong_track"": 0}","{""ambiguous_registrations"": 0, ""clusters"": 1384, ""dropped_ambiguous"": 0, ""matched"": 1280, ""registrations"": 0, ""spurious"": 104, ""tracks"": 0, ""wrong_track"": 0}"
T2nn,51,600.0,1.9109023565914822,0.16219805345547147,0.15788109307119305,520.0,4,4,8,3,12.089753185657752,False,9320,349.0250637489953,0.18740189512694186,0.1851475747806019,0.5029169421745251,0.092673783115794,0.0933301180268607,0.28206780736202886,2.916395155674346,2.917478729669331,3.2765423431148366,1.684198157198874,1.5862619950067398,1.8809502494236414,4285992,"{""ambiguous_registrations"": 0, ""clusters"": 4515, ""dropped_ambiguous"": 2084, ""matched"": 4336, ""registrations"": 0, ""spurious"": 179, ""tracks"": 150, ""wrong_track"": 37}","{""ambiguous_registrations"": 0, ""clusters"": 7739, ""dropped_ambiguous"": 4477, ""matched"": 7504, ""registrations"": 0, ""spurious"": 235, ""tracks"": 143, ""wrong_track"": 63}","{""ambiguous_registrations"": 0, ""clusters"": 2943, ""dropped_ambiguous"": 620, ""matched"": 2663, ""registrations"": 0, ""spurious"": 280, ""tracks"": 98, ""wrong_track"": 132}","{""ambiguous_registrations"": 0, ""clusters"": 1381, ""dropped_ambiguous"": 77, ""matched"": 1279, ""registrations"": 0, ""spurious"": 102, ""tracks"": 76, ""wrong_track"": 17}"
T2ekf,51,600.0,0.19041208145831012,0.16317872343919573,0.15315643162004022,340.0,4,4,8,0,0.3602999753589984,True,15866,366.661141361983,0.1551475876383551,0.15580720234871698,0.2586556202009109,0.08923276552787383,0.0892322998312184,0.10397656273434491,0.123463008573968,0.12166746603204488,0.14079179384198806,0.14984480210462317,0.14977092533068098,0.21792397387238652,4285992,"{""ambiguous_registrations"": 0, ""clusters"": 4569, ""dropped_ambiguous"": 436, ""landmarks_bad"": 2, ""landmarks_confirmed"": 42, ""matched"": 4383, ""registrations"": 3815, ""spurious"": 186, ""tracks"": 70, ""unreleased"": 50, ""wrong_track"": 15}","{""ambiguous_registrations"": 0, ""clusters"": 7831, ""dropped_ambiguous"": 33, ""landmarks_bad"": 0, ""landmarks_confirmed"": 35, ""matched"": 7602, ""registrations"": 7503, ""spurious"": 229, ""tracks"": 68, ""unreleased"": 30, ""wrong_track"": 0}","{""ambiguous_registrations"": 0, ""clusters"": 2937, ""dropped_ambiguous"": 152, ""landmarks_bad"": 24, ""landmarks_confirmed"": 24, ""matched"": 2659, ""registrations"": 2646, ""spurious"": 278, ""tracks"": 31, ""unreleased"": 62, ""wrong_track"": 0}","{""ambiguous_registrations"": 0, ""clusters"": 1384, ""dropped_ambiguous"": 28, ""landmarks_bad"": 28, ""landmarks_confirmed"": 28, ""matched"": 1280, ""registrations"": 1224, ""spurious"": 104, ""tracks"": 32, ""unreleased"": 64, ""wrong_track"": 0}"
T1,52,600.0,0.07592276934817772,0.04005380249680114,0.04007799968027664,240.0,4,4,10,0,0.408858946939637,True,34498,585.8115772720193,0.021792121218957315,0.02180585175043796,0.05007166370949508,0.024678207849400526,0.02467925698893916,0.030315195684625196,0.03542380223770789,0.034170173741785125,0.05363822195165398,0.0772896489516992,0.06747777378224522,0.12943657200272882,4285992,,,,
T2,52,600.0,0.19745036130218954,0.15193728990640004,0.1385369906335687,400.0,4,4,8,0,0.5341601011725556,True,16235,276.47197976498865,0.13490479248411458,0.13486265463791725,0.2240884065153261,0.09742609860784811,0.09737976739918285,0.10255613069655967,0.09878289587199861,0.09679606259966561,0.10586277472114626,0.15936492658815757,0.1664659754962107,0.28983836834306925,4285992,"{""ambiguous_registrations"": 0, ""clusters"": 4187, ""dropped_ambiguous"": 0, ""matched"": 3988, ""registrations"": 0, ""spurious"": 199, ""tracks"": 0, ""wrong_track"": 0}","{""ambiguous_registrations"": 0, ""clusters"": 7875, ""dropped_ambiguous"": 0, ""matched"": 7460, ""registrations"": 0, ""spurious"": 415, ""tracks"": 0, ""wrong_track"": 0}","{""ambiguous_registrations"": 0, ""clusters"": 2770, ""dropped_ambiguous"": 0, ""matched"": 2640, ""registrations"": 0, ""spurious"": 130, ""tracks"": 0, ""wrong_track"": 0}","{""ambiguous_registrations"": 0, ""clusters"": 1403, ""dropped_ambiguous"": 0, ""matched"": 1264, ""registrations"": 0, ""spurious"": 139, ""tracks"": 0, ""wrong_track"": 0}"
T2nn,52,600.0,3.594145515569074,0.16069405779642856,0.13174789932768144,360.0,4,4,7,1,0.822836059373568,True,9730,324.734350956016,0.21984736855997536,0.1662639504350521,0.9902507829363382,0.10785493207559475,0.10830889586124297,0.5232565388781826,2.482345087227225,2.463845803139896,3.968591349644507,3.9066243747229805,3.8298746559062082,5.887904264615986,4285992,"{""ambiguous_registrations"": 0, ""clusters"": 4178, ""dropped_ambiguous"": 2002, ""matched"": 3978, ""registrations"": 0, ""spurious"": 200, ""tracks"": 161, ""wrong_track"": 45}","{""ambiguous_registrations"": 0, ""clusters"": 7898, ""dropped_ambiguous"": 4225, ""matched"": 7468, ""registrations"": 0, ""spurious"": 430, ""tracks"": 172, ""wrong_track"": 216}","{""ambiguous_registrations"": 0, ""clusters"": 2767, ""dropped_ambiguous"": 197, ""matched"": 2641, ""registrations"": 0, ""spurious"": 126, ""tracks"": 90, ""wrong_track"": 35}","{""ambiguous_registrations"": 0, ""clusters"": 1404, ""dropped_ambiguous"": 93, ""matched"": 1265, ""registrations"": 0, ""spurious"": 139, ""tracks"": 82, ""wrong_track"": 41}"
T2ekf,52,600.0,0.1939140803982726,0.15162796590713856,0.13849040557906064,400.0,4,4,8,0,0.5282067817895919,True,15758,356.2650455950061,0.13351778691762234,0.13327114447646457,0.2208924680199096,0.09679094677569988,0.09674963359331114,0.10359910597662797,0.09783716684545565,0.09590532090304572,0.10536959663596353,0.1608823658730425,0.16696064366521188,0.2824564979329062,4285992,"{""ambiguous_registrations"": 0, ""clusters"": 4187, ""dropped_ambiguous"": 68, ""landmarks_bad"": 4, ""landmarks_confirmed"": 39, ""matched"": 3988, ""registrations"": 3807, ""spurious"": 199, ""tracks"": 71, ""unreleased"": 66, ""wrong_track"": 17}","{""ambiguous_registrations"": 0, ""clusters"": 7875, ""dropped_ambiguous"": 124, ""landmarks_bad"": 0, ""landmarks_confirmed"": 36, ""matched"": 7460, ""registrations"": 7353, ""spurious"": 415, ""tracks"": 73, ""unreleased"": 25, ""wrong_track"": 0}","{""ambiguous_registrations"": 0, ""clusters"": 2770, ""dropped_ambiguous"": 34, ""landmarks_bad"": 15, ""landmarks_confirmed"": 25, ""matched"": 2640, ""registrations"": 2622, ""spurious"": 130, ""tracks"": 30, ""unreleased"": 43, ""wrong_track"": 0}","{""ambiguous_registrations"": 0, ""clusters"": 1403, ""dropped_ambiguous"": 48, ""landmarks_bad"": 31, ""landmarks_confirmed"": 28, ""matched"": 1264, ""registrations"": 1209, ""spurious"": 139, ""tracks"": 34, ""unreleased"": 69, ""wrong_track"": 0}"
T1,53,600.0,0.06774246485186496,0.03865405935959515,0.03888340522832769,240.0,4,4,10,0,0.14247986990704042,True,34081,548.0641134130128,0.021966323868199154,0.021950134530097098,0.045362280613852994,0.023658040604011246,0.02365855161065976,0.03126893385262985,0.03598794394727874,0.03709231718166617,0.04512655265916015,0.08756316362058979,0.06648545232566093,0.11525744095352197,4285992,,,,
T2,53,600.0,0.19776772089155778,0.15219080920561573,0.14873763216313135,400.0,4,4,10,0,0.5843718734803685,True,17173,345.16652270400664,0.1687235785333434,0.16894873567220176,0.24495563960713354,0.09756470915662405,0.09755295093103628,0.11267127273491756,0.12349007458305213,0.12199032825539646,0.12759284445226823,0.13721615968577947,0.1270809288092966,0.25975040072365163,4285992,"{""ambiguous_registrations"": 0, ""clusters"": 5003, ""dropped_ambiguous"": 0, ""matched"": 4820, ""registrations"": 0, ""spurious"": 183, ""tracks"": 0, ""wrong_track"": 0}","{""ambiguous_registrations"": 0, ""clusters"": 7963, ""dropped_ambiguous"": 0, ""matched"": 7567, ""registrations"": 0, ""spurious"": 396, ""tracks"": 0, ""wrong_track"": 0}","{""ambiguous_registrations"": 0, ""clusters"": 2784, ""dropped_ambiguous"": 0, ""matched"": 2625, ""registrations"": 0, ""spurious"": 159, ""tracks"": 0, ""wrong_track"": 0}","{""ambiguous_registrations"": 0, ""clusters"": 1423, ""dropped_ambiguous"": 0, ""matched"": 1240, ""registrations"": 0, ""spurious"": 183, ""tracks"": 0, ""wrong_track"": 0}"
T2nn,53,600.0,4.484419314938195,0.1602539792482902,0.1586471494226486,300.0,4,4,7,1,0.7014574289872008,True,10065,356.81755252499715,0.15839984152243208,0.15792858265564896,2.029333936171462,0.10822524442008623,0.10828574203653879,1.3147843898712468,0.14524438800130998,0.1368852919660962,1.326019457050804,7.347176625632319,6.0254975686559,8.534335624519311,4285992,"{""ambiguous_registrations"": 0, ""clusters"": 5053, ""dropped_ambiguous"": 2440, ""matched"": 4874, ""registrations"": 0, ""spurious"": 179, ""tracks"": 119, ""wrong_track"": 63}","{""ambiguous_registrations"": 0, ""clusters"": 7936, ""dropped_ambiguous"": 4242, ""matched"": 7549, ""registrations"": 0, ""spurious"": 387, ""tracks"": 160, ""wrong_track"": 89}","{""ambiguous_registrations"": 0, ""clusters"": 2780, ""dropped_ambiguous"": 291, ""matched"": 2623, ""registrations"": 0, ""spurious"": 157, ""tracks"": 98, ""wrong_track"": 56}","{""ambiguous_registrations"": 0, ""clusters"": 1433, ""dropped_ambiguous"": 164, ""matched"": 1242, ""registrations"": 0, ""spurious"": 191, ""tracks"": 103, ""wrong_track"": 52}"
T2ekf,53,600.0,0.20299421046235408,0.15147997626709406,0.1489562586768337,400.0,4,4,9,0,0.5742230392180968,True,16715,496.31715941798757,0.15908694319810962,0.15916432729042387,0.24656496382624254,0.09738339100147403,0.09740804542762772,0.112341852662249,0.12342313954795608,0.12219659798964576,0.12478728065192263,0.1422321312607046,0.12996360925759573,0.27539019457165415,4285992,"{""ambiguous_registrations"": 0, ""clusters"": 5003, ""dropped_ambiguous"": 27, ""landmarks_bad"": 0, ""landmarks_confirmed"": 43, ""matched"": 4820, ""registrations"": 4706, ""spurious"": 183, ""tracks"": 70, ""unreleased"": 27, ""wrong_track"": 24}","{""ambiguous_registrations"": 0, ""clusters"": 7963, ""dropped_ambiguous"": 143, ""landmarks_bad"": 2, ""landmarks_confirmed"": 36, ""matched"": 7567, ""registrations"": 7503, ""spurious"": 396, ""tracks"": 72, ""unreleased"": 24, ""wrong_track"": 12}","{""ambiguous_registrations"": 0, ""clusters"": 2784, ""dropped_ambiguous"": 37, ""landmarks_bad"": 14, ""landmarks_confirmed"": 23, ""matched"": 2625, ""registrations"": 2614, ""spurious"": 159, ""tracks"": 31, ""unreleased"": 56, ""wrong_track"": 0}","{""ambiguous_registrations"": 0, ""clusters"": 1423, ""dropped_ambiguous"": 62, ""landmarks_bad"": 35, ""landmarks_confirmed"": 27, ""matched"": 1240, ""registrations"": 1193, ""spurious"": 183, ""tracks"": 39, ""unreleased"": 82, ""wrong_track"": 0}"
T1,54,600.0,0.06016991725083881,0.03683444022679593,0.036848687184470055,280.0,4,4,10,0,0.06428673932457857,True,34303,557.270875459013,0.022194088183028312,0.022179976808724956,0.031528658739298256,0.02364683891188106,0.023649629919123,0.030822643601694042,0.036538170548790896,0.03575232263963281,0.05639794761151411,0.09431271825042076,0.06786822705172577,0.09673084095883738,4285992,,,,
T2,54,600.0,0.15870865212871746,0.1500589821320131,0.1388338716323565,280.0,4,4,10,0,0.31291996482155887,True,16864,350.40287759600324,0.15422078375089535,0.15451434748432935,0.1932803573694368,0.08890681946471216,0.0888651787068495,0.11309045025749613,0.12461615616162128,0.12183793054914646,0.14740071137207597,0.1481925390593136,0.15115928479769034,0.16994125115687056,4285992,"{""ambiguous_registrations"": 0, ""clusters"": 4856, ""dropped_ambiguous"": 0, ""matched"": 4707, ""registrations"": 0, ""spurious"": 149, ""tracks"": 0, ""wrong_track"": 0}","{""ambiguous_registrations"": 0, ""clusters"": 7813, ""dropped_ambiguous"": 0, ""matched"": 7586, ""registrations"": 0, ""spurious"": 227, ""tracks"": 0, ""wrong_track"": 0}","{""ambiguous_registrations"": 0, ""clusters"": 2763, ""dropped_ambiguous"": 0, ""matched"": 2604, ""registrations"": 0, ""spurious"": 159, ""tracks"": 0, ""wrong_track"": 0}","{""ambiguous_registrations"": 0, ""clusters"": 1432, ""dropped_ambiguous"": 0, ""matched"": 1268, ""registrations"": 0, ""spurious"": 164, ""tracks"": 0, ""wrong_track"": 0}"
T2nn,54,600.0,2.7110209048002236,0.15912118781395587,0.14352323483938265,240.0,4,4,7,1,0.34692527471820434,True,10167,333.14787132901256,0.1646940894054676,0.16509397174363055,0.787583876334124,2.7106428255761665,2.7104253189755836,3.4533756988914845,0.14663857637238326,0.14359585783779152,1.146699815154034,2.332113524562174,3.1755767539297532,3.9417667154494644,4285992,"{""ambiguous_registrations"": 0, ""clusters"": 4845, ""dropped_ambiguous"": 1669, ""matched"": 4699, ""registrations"": 0, ""spurious"": 146, ""tracks"": 117, ""wrong_track"": 36}","{""ambiguous_registrations"": 0, ""clusters"": 7834, ""dropped_ambiguous"": 4734, ""matched"": 7612, ""registrations"": 0, ""spurious"": 222, ""tracks"": 219, ""wrong_track"": 241}","{""ambiguous_registrations"": 0, ""clusters"": 2765, ""dropped_ambiguous"": 301, ""matched"": 2606, ""registrations"": 0, ""spurious"": 159, ""tracks"": 94, ""wrong_track"": 23}","{""ambiguous_registrations"": 0, ""clusters"": 1439, ""dropped_ambiguous"": 12, ""matched"": 1272, ""registrations"": 0, ""spurious"": 167, ""tracks"": 92, ""wrong_track"": 20}"
T2ekf,54,600.0,0.1629918927445846,0.14963084009710373,0.14103737063105828,280.0,4,4,10,0,0.30977372559019983,True,16449,390.74726736501907,0.1545308271580714,0.15447870439449266,0.1914101471226781,0.08921373374459703,0.08919074559718573,0.11371244503685009,0.12494772088907018,0.12223896248216437,0.15464943591999428,0.14707165034266392,0.14960674613696748,0.18105417916660282,4285992,"{""ambiguous_registrations"": 0, ""clusters"": 4856, ""dropped_ambiguous"": 36, ""landmarks_bad"": 0, ""landmarks_confirmed"": 44, ""matched"": 4707, ""registrations"": 4540, ""spurious"": 149, ""tracks"": 71, ""unreleased"": 38, ""wrong_track"": 27}","{""ambiguous_registrations"": 0, ""clusters"": 7813, ""dropped_ambiguous"": 42, ""landmarks_bad"": 0, ""landmarks_confirmed"": 35, ""matched"": 7586, ""registrations"": 7478, ""spurious"": 227, ""tracks"": 68, ""unreleased"": 30, ""wrong_track"": 1}","{""ambiguous_registrations"": 0, ""clusters"": 2759, ""dropped_ambiguous"": 73, ""landmarks_bad"": 14, ""landmarks_confirmed"": 24, ""matched"": 2602, ""registrations"": 2583, ""spurious"": 157, ""tracks"": 27, ""unreleased"": 44, ""wrong_track"": 0}","{""ambiguous_registrations"": 0, ""clusters"": 1433, ""dropped_ambiguous"": 56, ""landmarks_bad"": 39, ""landmarks_confirmed"": 27, ""matched"": 1269, ""registrations"": 1212, ""spurious"": 164, ""tracks"": 35, ""unreleased"": 93, ""wrong_track"": 0}"
T1,55,600.0,0.07579434832182236,0.049769143940698465,0.04993577546555854,220.0,4,4,10,0,0.07691925724952878,True,33213,454.5558713270002,0.02161207824509556,0.02159758741387565,0.04688552473926934,0.02503794385885558,0.025037868112909888,0.04616371377084767,0.039255557597421255,0.03940479072909446,0.04438992687682545,0.08478139962031762,0.08407617509753634,0.1291484666683877,4285992,,,,
T2,55,600.0,0.19627301620684923,0.15512250927373444,0.14471319800952215,240.0,4,4,9,0,0.2861005715605521,True,16811,355.74684029398486,0.1428660621291345,0.1409718977902734,0.23452355224218963,0.0927231564264099,0.09272057805232571,0.10034933625107179,0.11282982900480057,0.11152028582451023,0.11474992245046602,0.14906928254784502,0.1612770941022953,0.2754152447106419,4285992,"{""ambiguous_registrations"": 0, ""clusters"": 4850, ""dropped_ambiguous"": 0, ""matched"": 4728, ""registrations"": 0, ""spurious"": 122, ""tracks"": 0, ""wrong_track"": 0}","{""ambiguous_registrations"": 0, ""clusters"": 7810, ""dropped_ambiguous"": 0, ""matched"": 7364, ""registrations"": 0, ""spurious"": 446, ""tracks"": 0, ""wrong_track"": 0}","{""ambiguous_registrations"": 0, ""clusters"": 2723, ""dropped_ambiguous"": 0, ""matched"": 2634, ""registrations"": 0, ""spurious"": 89, ""tracks"": 0, ""wrong_track"": 0}","{""ambiguous_registrations"": 0, ""clusters"": 1428, ""dropped_ambiguous"": 0, ""matched"": 1293, ""registrations"": 0, ""spurious"": 135, ""tracks"": 0, ""wrong_track"": 0}"
T2nn,55,600.0,1.144132131224886,0.16389856659345056,0.14548840675757552,400.0,4,4,9,0,0.5573613920934526,True,9682,365.4772926209844,0.22802334097394053,0.2296996589992864,0.5384040576024879,1.9098886888729407,1.9065432773171107,2.1854778378484947,0.1483976640309942,0.13290399971404526,0.23472707468594228,0.27824915798029654,0.2568872059274209,0.3389162525527882,4285992,"{""ambiguous_registrations"": 0, ""clusters"": 4845, ""dropped_ambiguous"": 2438, ""matched"": 4730, ""registrations"": 0, ""spurious"": 115, ""tracks"": 143, ""wrong_track"": 55}","{""ambiguous_registrations"": 0, ""clusters"": 7848, ""dropped_ambiguous"": 4584, ""matched"": 7420, ""registrations"": 0, ""spurious"": 428, ""tracks"": 194, ""wrong_track"": 295}","{""ambiguous_registrations"": 0, ""clusters"": 2717, ""dropped_ambiguous"": 67, ""matched"": 2635, ""registrations"": 0, ""spurious"": 82, ""tracks"": 90, ""wrong_track"": 107}","{""ambiguous_registrations"": 0, ""clusters"": 1429, ""dropped_ambiguous"": 68, ""matched"": 1293, ""registrations"": 0, ""spurious"": 136, ""tracks"": 75, ""wrong_track"": 5}"
T2ekf,55,600.0,0.20657646826830586,0.1523139809647796,0.14225257856659887,240.0,4,4,9,0,0.3452491795245627,True,16403,439.22389701902284,0.14506802409078193,0.142867192507672,0.24003758811035747,0.09346203426820018,0.09334302220752767,0.10174456026021032,0.11221717227217276,0.11094414245696725,0.11630907866474144,0.15302270352026004,0.16529880869369837,0.29865958538209236,4285992,"{""ambiguous_registrations"": 0, ""clusters"": 4850, ""dropped_ambiguous"": 16, ""landmarks_bad"": 1, ""landmarks_confirmed"": 46, ""matched"": 4728, ""registrations"": 4572, ""spurious"": 122, ""tracks"": 71, ""unreleased"": 35, ""wrong_track"": 27}","{""ambiguous_registrations"": 0, ""clusters"": 7810, ""dropped_ambiguous"": 176, ""landmarks_bad"": 3, ""landmarks_confirmed"": 37, ""matched"": 7364, ""registrations"": 7294, ""spurious"": 446, ""tracks"": 68, ""unreleased"": 38, ""wrong_track"": 3}","{""ambiguous_registrations"": 0, ""clusters"": 2723, ""dropped_ambiguous"": 12, ""landmarks_bad"": 10, ""landmarks_confirmed"": 23, ""matched"": 2634, ""registrations"": 2622, ""spurious"": 89, ""tracks"": 24, ""unreleased"": 35, ""wrong_track"": 0}","{""ambiguous_registrations"": 0, ""clusters"": 1428, ""dropped_ambiguous"": 34, ""landmarks_bad"": 27, ""landmarks_confirmed"": 28, ""matched"": 1293, ""registrations"": 1259, ""spurious"": 135, ""tracks"": 35, ""unreleased"": 62, ""wrong_track"": 0}"
T1,56,600.0,0.0660792015635119,0.040412771700902655,0.040617387749586016,240.0,4,4,10,0,0.43117705452515775,True,33400,512.6347626110073,0.02263598492217228,0.022647129616333368,0.03155696762115971,0.02354622033131982,0.023547279253545824,0.03176780215764009,0.03747944458202083,0.038575778668599285,0.05298893550278736,0.10345613364232993,0.08755836474574709,0.11248546915933845,4285992,,,,
T2,56,600.0,0.16906246206642087,0.16360214397781692,0.16951905401619746,340.0,4,4,10,0,0.7289498299763165,True,16731,341.3041307759995,0.17131199503595967,0.17140308048418748,0.22598946318463337,0.08418710856321612,0.08422975564329174,0.09929587829000103,0.14190345703341029,0.1396249029755914,0.15400992834403546,0.12137467230513097,0.14305962825454233,0.1722744826590508,4285992,"{""ambiguous_registrations"": 0, ""clusters"": 4677, ""dropped_ambiguous"": 0, ""matched"": 4554, ""registrations"": 0, ""spurious"": 123, ""tracks"": 0, ""wrong_track"": 0}","{""ambiguous_registrations"": 0, ""clusters"": 7519, ""dropped_ambiguous"": 0, ""matched"": 7319, ""registrations"": 0, ""spurious"": 200, ""tracks"": 0, ""wrong_track"": 0}","{""ambiguous_registrations"": 0, ""clusters"": 2960, ""dropped_ambiguous"": 0, ""matched"": 2707, ""registrations"": 0, ""spurious"": 253, ""tracks"": 0, ""wrong_track"": 0}","{""ambiguous_registrations"": 0, ""clusters"": 1575, ""dropped_ambiguous"": 0, ""matched"": 1334, ""registrations"": 0, ""spurious"": 241, ""tracks"": 0, ""wrong_track"": 0}"
T2nn,56,600.0,1.5742635312573174,0.17701814499298316,0.18154888376420197,420.0,4,4,8,1,0.6646440080530754,True,8801,309.4451431490015,0.16558985588735098,0.17680103379683426,0.52192803933721,0.4223641902546378,0.4155874343866274,0.7930269942752817,2.2939920700739616,2.2577810850433933,2.956442474737655,0.17818070319653853,0.17454836203264087,0.520931727828564,4285992,"{""ambiguous_registrations"": 0, ""clusters"": 4654, ""dropped_ambiguous"": 1926, ""matched"": 4532, ""registrations"": 0, ""spurious"": 122, ""tracks"": 147, ""wrong_track"": 68}","{""ambiguous_registrations"": 0, ""clusters"": 7498, ""dropped_ambiguous"": 5507, ""matched"": 7304, ""registrations"": 0, ""spurious"": 194, ""tracks"": 124, ""wrong_track"": 60}","{""ambiguous_registrations"": 0, ""clusters"": 2970, ""dropped_ambiguous"": 379, ""matched"": 2711, ""registrations"": 0, ""spurious"": 259, ""tracks"": 111, ""wrong_track"": 230}","{""ambiguous_registrations"": 0, ""clusters"": 1577, ""dropped_ambiguous"": 86, ""matched"": 1335, ""registrations"": 0, ""spurious"": 242, ""tracks"": 89, ""wrong_track"": 0}"
T2ekf,56,600.0,0.1729867880803653,0.16258078107427446,0.1657725478000631,300.0,4,4,9,0,0.692456170125103,True,16042,345.3003517500183,0.16037984449539008,0.1604200517713398,0.22663398494732329,0.08264306279219343,0.08266665888568364,0.09311161436781079,0.1406664468219565,0.13858101632652148,0.15226352553627626,0.12066982245905691,0.1423781782999562,0.19099947206582837,4285992,"{""ambiguous_registrations"": 0, ""clusters"": 4677, ""dropped_ambiguous"": 132, ""landmarks_bad"": 1, ""landmarks_confirmed"": 43, ""matched"": 4556, ""registrations"": 4277, ""spurious"": 121, ""tracks"": 67, ""unreleased"": 28, ""wrong_track"": 9}","{""ambiguous_registrations"": 0, ""clusters"": 7477, ""dropped_ambiguous"": 61, ""landmarks_bad"": 2, ""landmarks_confirmed"": 32, ""matched"": 7285, ""registrations"": 7193, ""spurious"": 192, ""tracks"": 53, ""unreleased"": 23, ""wrong_track"": 0}","{""ambiguous_registrations"": 0, ""clusters"": 2968, ""dropped_ambiguous"": 128, ""landmarks_bad"": 24, ""landmarks_confirmed"": 27, ""matched"": 2709, ""registrations"": 2704, ""spurious"": 259, ""tracks"": 31, ""unreleased"": 62, ""wrong_track"": 0}","{""ambiguous_registrations"": 0, ""clusters"": 1578, ""dropped_ambiguous"": 131, ""landmarks_bad"": 42, ""landmarks_confirmed"": 27, ""matched"": 1336, ""registrations"": 1285, ""spurious"": 242, ""tracks"": 34, ""unreleased"": 93, ""wrong_track"": 0}"
T1,57,600.0,0.06550616673628852,0.04190106888374501,0.04186195833028979,220.0,4,4,10,0,0.25959839840762583,True,33602,535.9446154859907,0.022032002535821077,0.02202681725960145,0.03220351337007684,0.024091941661154248,0.02409055636274351,0.027153060573314798,0.03713950397747265,0.03543722989927178,0.053687040163595864,0.10830231911053692,0.09236162850649841,0.1118372847869947,4285992,,,,
T2,57,600.0,0.26226087761180994,0.1460615454510174,0.1514404440745559,280.0,4,4,10,0,0.860496461436157,True,16470,367.25149141199654,0.17288044080017267,0.1732748981036078,0.2792800150514044,0.09402292845971974,0.09399662297194604,0.12014514039424302,0.1172019669005474,0.1157530689734596,0.15068242367793291,0.12141524595515572,0.12160398468614655,0.39998212126287086,4285992,"{""ambiguous_registrations"": 0, ""clusters"": 4554, ""dropped_ambiguous"": 0, ""matched"": 4467, ""registrations"": 0, ""spurious"": 87, ""tracks"": 0, ""wrong_track"": 0}","{""ambiguous_registrations"": 0, ""clusters"": 7769, ""dropped_ambiguous"": 0, ""matched"": 7565, ""registrations"": 0, ""spurious"": 204, ""tracks"": 0, ""wrong_track"": 0}","{""ambiguous_registrations"": 0, ""clusters"": 2785, ""dropped_ambiguous"": 0, ""matched"": 2642, ""registrations"": 0, ""spurious"": 143, ""tracks"": 0, ""wrong_track"": 0}","{""ambiguous_registrations"": 0, ""clusters"": 1362, ""dropped_ambiguous"": 0, ""matched"": 1255, ""registrations"": 0, ""spurious"": 107, ""tracks"": 0, ""wrong_track"": 0}"
T2nn,57,600.0,0.597934613618166,0.1612043649324043,0.1592219713433388,280.0,4,4,7,0,0.6423869915073414,True,8459,263.48362782699405,0.15576732933593274,0.15366179560840443,0.24741711226815613,0.19544954707713533,0.1952792321470976,0.2609683425446547,0.12153187887567644,0.12144115928422015,0.22936046352113593,1.186949300646435,0.9989211779432948,1.1172185476309342,4285992,"{""ambiguous_registrations"": 0, ""clusters"": 4525, ""dropped_ambiguous"": 2104, ""matched"": 4425, ""registrations"": 0, ""spurious"": 100, ""tracks"": 124, ""wrong_track"": 12}","{""ambiguous_registrations"": 0, ""clusters"": 7723, ""dropped_ambiguous"": 5441, ""matched"": 7530, ""registrations"": 0, ""spurious"": 193, ""tracks"": 102, ""wrong_track"": 48}","{""ambiguous_registrations"": 0, ""clusters"": 2786, ""dropped_ambiguous"": 340, ""matched"": 2641, ""registrations"": 0, ""spurious"": 145, ""tracks"": 82, ""wrong_track"": 13}","{""ambiguous_registrations"": 0, ""clusters"": 1362, ""dropped_ambiguous"": 52, ""matched"": 1256, ""registrations"": 0, ""spurious"": 106, ""tracks"": 71, ""wrong_track"": 8}"
T2ekf,57,600.0,0.25658271392775056,0.14518192619987935,0.15078024077403354,280.0,4,4,9,0,0.8655057993513973,True,16190,372.55422942800215,0.17301728612544584,0.1730877505556529,0.2778731147854963,0.09406647838068413,0.09395521832219754,0.12168111071160294,0.11557130123773245,0.1141940433671999,0.13708399372251445,0.12277679051353514,0.12459709554349217,0.39054701943121023,4285992,"{""ambiguous_registrations"": 0, ""clusters"": 4554, ""dropped_ambiguous"": 4, ""landmarks_bad"": 0, ""landmarks_confirmed"": 40, ""matched"": 4467, ""registrations"": 4344, ""spurious"": 87, ""tracks"": 54, ""unreleased"": 40, ""wrong_track"": 7}","{""ambiguous_registrations"": 0, ""clusters"": 7769, ""dropped_ambiguous"": 46, ""landmarks_bad"": 0, ""landmarks_confirmed"": 32, ""matched"": 7565, ""registrations"": 7460, ""spurious"": 204, ""tracks"": 59, ""unreleased"": 16, ""wrong_track"": 0}","{""ambiguous_registrations"": 0, ""clusters"": 2789, ""dropped_ambiguous"": 44, ""landmarks_bad"": 16, ""landmarks_confirmed"": 24, ""matched"": 2644, ""registrations"": 2630, ""spurious"": 145, ""tracks"": 28, ""unreleased"": 47, ""wrong_track"": 0}","{""ambiguous_registrations"": 0, ""clusters"": 1363, ""dropped_ambiguous"": 27, ""landmarks_bad"": 27, ""landmarks_confirmed"": 27, ""matched"": 1256, ""registrations"": 1203, ""spurious"": 107, ""tracks"": 34, ""unreleased"": 61, ""wrong_track"": 0}"
T1,58,600.0,0.07957383798038,0.04656078427616693,0.04670758242203769,220.0,4,4,10,0,0.16457967331022155,True,34214,576.633678868995,0.021904210821729445,0.021859418812866,0.034331928230315306,0.02411553976180219,0.02411657868045823,0.0641894916916936,0.04180230449081583,0.041649687596879606,0.07072447632710603,0.09105470505852815,0.08985564735024762,0.12258490556474787,4285992,,,,
T2,58,600.0,0.17849606891977907,0.16875509663354202,0.1369739251005779,240.0,4,4,10,0,0.3840936154986395,True,16973,369.15323214401724,0.14819314890707178,0.14859204903871792,0.21191816667888783,0.09069567717569327,0.09073003864862747,0.12005879066756184,0.11543343674913616,0.1143146843482468,0.12131781364903492,0.15731727606753354,0.15754345466979477,0.231088623661092,4285992,"{""ambiguous_registrations"": 0, ""clusters"": 5065, ""dropped_ambiguous"": 0, ""matched"": 4872, ""registrations"": 0, ""spurious"": 193, ""tracks"": 0, ""wrong_track"": 0}","{""ambiguous_registrations"": 0, ""clusters"": 7666, ""dropped_ambiguous"": 0, ""matched"": 7465, ""registrations"": 0, ""spurious"": 201, ""tracks"": 0, ""wrong_track"": 0}","{""ambiguous_registrations"": 0, ""clusters"": 2797, ""dropped_ambiguous"": 0, ""matched"": 2584, ""registrations"": 0, ""spurious"": 213, ""tracks"": 0, ""wrong_track"": 0}","{""ambiguous_registrations"": 0, ""clusters"": 1445, ""dropped_ambiguous"": 0, ""matched"": 1287, ""registrations"": 0, ""spurious"": 158, ""tracks"": 0, ""wrong_track"": 0}"
T2nn,58,600.0,0.7289193228100626,0.17936493675047638,0.15772198851756228,220.0,4,4,8,0,0.4002355186433863,True,9847,359.5237319209846,0.15004711222182118,0.15216326238678946,0.3924501177253049,0.11403907495535465,0.11057175368769115,0.23381661573000573,0.14126763895733782,0.13843682412670502,0.2576829749919309,3.0479922559266197,1.172214510436909,1.3602226642608153,4285992,"{""ambiguous_registrations"": 0, ""clusters"": 5063, ""dropped_ambiguous"": 1982, ""matched"": 4867, ""registrations"": 0, ""spurious"": 196, ""tracks"": 131, ""wrong_track"": 67}","{""ambiguous_registrations"": 0, ""clusters"": 7662, ""dropped_ambiguous"": 4763, ""matched"": 7448, ""registrations"": 0, ""spurious"": 214, ""tracks"": 145, ""wrong_track"": 17}","{""ambiguous_registrations"": 0, ""clusters"": 2798, ""dropped_ambiguous"": 259, ""matched"": 2583, ""registrations"": 0, ""spurious"": 215, ""tracks"": 84, ""wrong_track"": 5}","{""ambiguous_registrations"": 0, ""clusters"": 1444, ""dropped_ambiguous"": 116, ""matched"": 1287, ""registrations"": 0, ""spurious"": 157, ""tracks"": 86, ""wrong_track"": 10}"
T2ekf,58,600.0,0.17638087092279772,0.16760785535400322,0.1370113110736696,240.0,4,4,9,0,0.3793398617458071,True,16498,416.4584712990036,0.1479044749608058,0.14824254289195732,0.21367596836541372,0.09079322239075112,0.09073200522413812,0.1084733661819793,0.11584300940651285,0.11477638742064555,0.12864460964176858,0.16282159139369054,0.15666892130504084,0.22464977251782045,4285992,"{""ambiguous_registrations"": 0, ""clusters"": 5065, ""dropped_ambiguous"": 53, ""landmarks_bad"": 2, ""landmarks_confirmed"": 46, ""matched"": 4872, ""registrations"": 4744, ""spurious"": 193, ""tracks"": 68, ""unreleased"": 53, ""wrong_track"": 16}","{""ambiguous_registrations"": 0, ""clusters"": 7666, ""dropped_ambiguous"": 39, ""landmarks_bad"": 0, ""landmarks_confirmed"": 35, ""matched"": 7465, ""registrations"": 7317, ""spurious"": 201, ""tracks"": 66, ""unreleased"": 33, ""wrong_track"": 0}","{""ambiguous_registrations"": 0, ""clusters"": 2797, ""dropped_ambiguous"": 110, ""landmarks_bad"": 26, ""landmarks_confirmed"": 22, ""matched"": 2584, ""registrations"": 2548, ""spurious"": 213, ""tracks"": 28, ""unreleased"": 66, ""wrong_track"": 0}","{""ambiguous_registrations"": 0, ""clusters"": 1445, ""dropped_ambiguous"": 47, ""landmarks_bad"": 34, ""landmarks_confirmed"": 28, ""matched"": 1287, ""registrations"": 1241, ""spurious"": 158, ""tracks"": 37, ""unreleased"": 74, ""wrong_track"": 0}"
T1,59,600.0,0.07523133299853225,0.03556628075897274,0.035579136264524795,280.0,4,4,10,0,0.10532881110075035,True,33796,490.69937766098883,0.02146012383716061,0.02146826486928514,0.04916579779115419,0.02356605866211952,0.023566497726540247,0.03301999013313171,0.03468791656875609,0.03470268334506413,0.05957519212340489,0.055471584922943476,0.05070237437278849,0.12482874236957935,4285992,,,,
T2,59,600.0,0.15811579422321395,0.15969729214008946,0.13886227483292793,400.0,4,4,9,0,0.5050597634663593,True,16951,347.1345669859729,0.15291099709428446,0.15280363537087116,0.17612657388649966,0.09477235041058901,0.094766091952101,0.11301959648849699,0.10808697717700212,0.10685326750270846,0.14657059206218734,0.15118611571943688,0.1414646056351702,0.1863477390645551,4285992,"{""ambiguous_registrations"": 0, ""clusters"": 4710, ""dropped_ambiguous"": 0, ""matched"": 4544, ""registrations"": 0, ""spurious"": 166, ""tracks"": 0, ""wrong_track"": 0}","{""ambiguous_registrations"": 0, ""clusters"": 7989, ""dropped_ambiguous"": 0, ""matched"": 7479, ""registrations"": 0, ""spurious"": 510, ""tracks"": 0, ""wrong_track"": 0}","{""ambiguous_registrations"": 0, ""clusters"": 2808, ""dropped_ambiguous"": 0, ""matched"": 2638, ""registrations"": 0, ""spurious"": 170, ""tracks"": 0, ""wrong_track"": 0}","{""ambiguous_registrations"": 0, ""clusters"": 1444, ""dropped_ambiguous"": 0, ""matched"": 1250, ""registrations"": 0, ""spurious"": 194, ""tracks"": 0, ""wrong_track"": 0}"
T2nn,59,600.0,3.062841651379145,0.18592773595752982,0.14198712129755928,340.0,4,4,8,1,0.3324967521337737,True,9877,356.43052757700207,0.1687887430481925,0.1691327410477665,0.8568547551926567,2.1113641036361344,2.1120134871333076,2.836564661445817,0.14192472685386526,0.14082052377309257,1.0048545997786544,4.1369145828896805,3.9998458057244926,5.26630458755814,4285992,"{""ambiguous_registrations"": 0, ""clusters"": 4707, ""dropped_ambiguous"": 1592, ""matched"": 4541, ""registrations"": 0, ""spurious"": 166, ""tracks"": 128, ""wrong_track"": 62}","{""ambiguous_registrations"": 0, ""clusters"": 8003, ""dropped_ambiguous"": 5334, ""matched"": 7504, ""registrations"": 0, ""spurious"": 499, ""tracks"": 157, ""wrong_track"": 124}","{""ambiguous_registrations"": 0, ""clusters"": 2805, ""dropped_ambiguous"": 60, ""matched"": 2644, ""registrations"": 0, ""spurious"": 161, ""tracks"": 81, ""wrong_track"": 2}","{""ambiguous_registrations"": 0, ""clusters"": 1437, ""dropped_ambiguous"": 89, ""matched"": 1247, ""registrations"": 0, ""spurious"": 190, ""tracks"": 97, ""wrong_track"": 45}"
T2ekf,59,600.0,0.15867498178855266,0.15993902466933987,0.14202461916414788,300.0,4,4,8,0,0.49517789479616053,True,15956,411.27055306799593,0.16049472581275087,0.15988675446145328,0.2021012643359561,0.0951674470047872,0.09515987718791198,0.10389659551711687,0.10781757433643707,0.10669300918171391,0.1331289155332229,0.15508952613614463,0.14131928560917165,0.17705441995358,4285992,"{""ambiguous_registrations"": 0, ""clusters"": 4710, ""dropped_ambiguous"": 469, ""landmarks_bad"": 2, ""landmarks_confirmed"": 40, ""matched"": 4544, ""registrations"": 3894, ""spurious"": 166, ""tracks"": 80, ""unreleased"": 37, ""wrong_track"": 20}","{""ambiguous_registrations"": 0, ""clusters"": 7989, ""dropped_ambiguous"": 205, ""landmarks_bad"": 3, ""landmarks_confirmed"": 37, ""matched"": 7479, ""registrations"": 7441, ""spurious"": 510, ""tracks"": 67, ""unreleased"": 38, ""wrong_track"": 0}","{""ambiguous_registrations"": 0, ""clusters"": 2808, ""dropped_ambiguous"": 56, ""landmarks_bad"": 15, ""landmarks_confirmed"": 25, ""matched"": 2639, ""registrations"": 2622, ""spurious"": 169, ""tracks"": 33, ""unreleased"": 44, ""wrong_track"": 1}","{""ambiguous_registrations"": 0, ""clusters"": 1444, ""dropped_ambiguous"": 67, ""landmarks_bad"": 37, ""landmarks_confirmed"": 31, ""matched"": 1250, ""registrations"": 1206, ""spurious"": 194, ""tracks"": 42, ""unreleased"": 79, ""wrong_track"": 0}"
T1,60,600.0,0.0710204244842949,0.03417722242275309,0.034254522493870745,280.0,4,4,10,0,0.23373792809482455,True,33592,615.5257861510036,0.021612340692913887,0.021598311216177946,0.0482823800727926,0.025068616012534826,0.025065702932655483,0.050283436591633396,0.032995768117134276,0.032721270990674935,0.046735918827714024,0.06639080033865828,0.056325338031183225,0.11459382376938404,4285992,,,,
T2,60,600.0,0.24214360416892894,0.15771235432809216,0.14245629309613347,280.0,4,4,9,0,0.8028834751924709,True,16213,394.09246436000103,0.15217873160797607,0.15301979266732454,0.26238204937700066,0.09309877707944016,0.09322295544981254,0.11504722873263167,0.10730255469500107,0.10485883954813066,0.10989111175140898,0.1330484781371278,0.1461020881027342,0.37467030712798927,4285992,"{""ambiguous_registrations"": 0, ""clusters"": 4662, ""dropped_ambiguous"": 0, ""matched"": 4535, ""registrations"": 0, ""spurious"": 127, ""tracks"": 0, ""wrong_track"": 0}","{""ambiguous_registrations"": 0, ""clusters"": 7354, ""dropped_ambiguous"": 0, ""matched"": 7131, ""registrations"": 0, ""spurious"": 223, ""tracks"": 0, ""wrong_track"": 0}","{""ambiguous_registrations"": 0, ""clusters"": 2748, ""dropped_ambiguous"": 0, ""matched"": 2556, ""registrations"": 0, ""spurious"": 192, ""tracks"": 0, ""wrong_track"": 0}","{""ambiguous_registrations"": 0, ""clusters"": 1449, ""dropped_ambiguous"": 0, ""matched"": 1293, ""registrations"": 0, ""spurious"": 156, ""tracks"": 0, ""wrong_track"": 0}"
T2nn,60,600.0,3.5293073201845484,0.18512492223203758,0.17196988818174958,540.0,4,4,7,3,9.203170971946124,False,9855,372.10117509998963,0.16232396454345788,0.163584990862632,0.8827679075422384,0.14046932149541733,0.1379828787560778,0.8228386159923956,5.884155805246834,5.894563634198461,6.875051587532189,0.4750007888704473,0.26600629589167746,1.049458785969834,4285992,"{""ambiguous_registrations"": 0, ""clusters"": 4641, ""dropped_ambiguous"": 1913, ""matched"": 4515, ""registrations"": 0, ""spurious"": 126, ""tracks"": 123, ""wrong_track"": 39}","{""ambiguous_registrations"": 0, ""clusters"": 7370, ""dropped_ambiguous"": 4227, ""matched"": 7141, ""registrations"": 0, ""spurious"": 229, ""tracks"": 134, ""wrong_track"": 25}","{""ambiguous_registrations"": 0, ""clusters"": 2757, ""dropped_ambiguous"": 173, ""matched"": 2557, ""registrations"": 0, ""spurious"": 200, ""tracks"": 115, ""wrong_track"": 185}","{""ambiguous_registrations"": 0, ""clusters"": 1448, ""dropped_ambiguous"": 48, ""matched"": 1294, ""registrations"": 0, ""spurious"": 154, ""tracks"": 91, ""wrong_track"": 11}"
T2ekf,60,600.0,0.24259366232908186,0.15361301971876296,0.14255180202408813,280.0,4,4,9,0,0.8012676670489499,True,15795,401.55430398799945,0.15204837367112553,0.152884260395516,0.2636079240473816,0.09252587792875307,0.092522561964019,0.11610402726482741,0.10720081434471829,0.10484271516308047,0.11256087225191595,0.13503261146855564,0.14598091670174335,0.3738549281193874,4285992,"{""ambiguous_registrations"": 0, ""clusters"": 4662, ""dropped_ambiguous"": 21, ""landmarks_bad"": 1, ""landmarks_confirmed"": 43, ""matched"": 4535, ""registrations"": 4374, ""spurious"": 127, ""tracks"": 71, ""unreleased"": 52, ""wrong_track"": 16}","{""ambiguous_registrations"": 0, ""clusters"": 7354, ""dropped_ambiguous"": 41, ""landmarks_bad"": 0, ""landmarks_confirmed"": 35, ""matched"": 7131, ""registrations"": 7007, ""spurious"": 223, ""tracks"": 70, ""unreleased"": 23, ""wrong_track"": 2}","{""ambiguous_registrations"": 0, ""clusters"": 2752, ""dropped_ambiguous"": 86, ""landmarks_bad"": 23, ""landmarks_confirmed"": 24, ""matched"": 2555, ""registrations"": 2532, ""spurious"": 197, ""tracks"": 31, ""unreleased"": 57, ""wrong_track"": 1}","{""ambiguous_registrations"": 0, ""clusters"": 1448, ""dropped_ambiguous"": 53, ""landmarks_bad"": 36, ""landmarks_confirmed"": 27, ""matched"": 1292, ""registrations"": 1239, ""spurious"": 156, ""tracks"": 32, ""unreleased"": 88, ""wrong_track"": 1}"
T1,61,600.0,0.06886660568922896,0.03920122990985952,0.039415733294542114,260.0,4,4,10,0,0.2804775595266391,True,33751,553.5125814199855,0.02072980619599667,0.020723362195820327,0.047312787290202524,0.023584090908886905,0.023584178412322507,0.04294201473510747,0.03981510131856652,0.0396566677618415,0.046012242661274995,0.08409051067069857,0.058624935490113245,0.11300794030166546,4285992,,,,
T2,61,600.0,0.1584372643609416,0.15776789748798437,0.14675322861691664,220.0,4,4,10,0,0.35245981706126306,True,16318,355.49252025198075,0.1901336719572831,0.19067607859224295,0.2352433362286939,0.0988217117470786,0.09876713848738014,0.11950479639606569,0.09417514187508187,0.09347554378454331,0.10002662190717079,0.11660342127613933,0.10720018882396622,0.14416420589343273,4285992,"{""ambiguous_registrations"": 0, ""clusters"": 4514, ""dropped_ambiguous"": 0, ""matched"": 4330, ""registrations"": 0, ""spurious"": 184, ""tracks"": 0, ""wrong_track"": 0}","{""ambiguous_registrations"": 0, ""clusters"": 7705, ""dropped_ambiguous"": 0, ""matched"": 7314, ""registrations"": 0, ""spurious"": 391, ""tracks"": 0, ""wrong_track"": 0}","{""ambiguous_registrations"": 0, ""clusters"": 2718, ""dropped_ambiguous"": 0, ""matched"": 2518, ""registrations"": 0, ""spurious"": 200, ""tracks"": 0, ""wrong_track"": 0}","{""ambiguous_registrations"": 0, ""clusters"": 1381, ""dropped_ambiguous"": 0, ""matched"": 1205, ""registrations"": 0, ""spurious"": 176, ""tracks"": 0, ""wrong_track"": 0}"
T2nn,61,600.0,4.936864749205965,0.19212656114894347,0.16234832242193087,220.0,4,4,7,3,12.697623752552971,False,8860,322.09430873798556,0.17873405197574038,0.17853650449329267,1.4513278980785413,2.5078187283581275,2.5089545073451913,4.200370032761595,2.7404071096821405,2.7493051536855515,3.6148146062435487,4.697972031814186,4.8676267918535245,8.042026392050419,4285992,"{""ambiguous_registrations"": 0, ""clusters"": 4488, ""dropped_ambiguous"": 1636, ""matched"": 4307, ""registrations"": 0, ""spurious"": 181, ""tracks"": 124, ""wrong_track"": 17}","{""ambiguous_registrations"": 0, ""clusters"": 7647, ""dropped_ambiguous"": 5236, ""matched"": 7267, ""registrations"": 0, ""spurious"": 380, ""tracks"": 158, ""wrong_track"": 279}","{""ambiguous_registrations"": 0, ""clusters"": 2715, ""dropped_ambiguous"": 467, ""matched"": 2521, ""registrations"": 0, ""spurious"": 194, ""tracks"": 103, ""wrong_track"": 46}","{""ambiguous_registrations"": 0, ""clusters"": 1382, ""dropped_ambiguous"": 33, ""matched"": 1205, ""registrations"": 0, ""spurious"": 177, ""tracks"": 94, ""wrong_track"": 18}"
T2ekf,61,600.0,0.17426033229054788,0.1590140670263704,0.14858503843014365,220.0,4,4,9,0,0.25110397084863917,True,15634,415.68947657599347,0.18725808433471364,0.18804709349897428,0.24708305449291715,0.09964529890310946,0.09959273733426821,0.11929115213247866,0.09303227846231803,0.09221112484370332,0.10802946750583237,0.13539352138594588,0.12342145506515961,0.1857844799648532,4285992,"{""ambiguous_registrations"": 0, ""clusters"": 4514, ""dropped_ambiguous"": 228, ""landmarks_bad"": 0, ""landmarks_confirmed"": 44, ""matched"": 4330, ""registrations"": 3975, ""spurious"": 184, ""tracks"": 71, ""unreleased"": 52, ""wrong_track"": 27}","{""ambiguous_registrations"": 0, ""clusters"": 7705, ""dropped_ambiguous"": 90, ""landmarks_bad"": 2, ""landmarks_confirmed"": 32, ""matched"": 7314, ""registrations"": 7235, ""spurious"": 391, ""tracks"": 67, ""unreleased"": 52, ""wrong_track"": 2}","{""ambiguous_registrations"": 0, ""clusters"": 2718, ""dropped_ambiguous"": 80, ""landmarks_bad"": 13, ""landmarks_confirmed"": 22, ""matched"": 2518, ""registrations"": 2496, ""spurious"": 200, ""tracks"": 33, ""unreleased"": 46, ""wrong_track"": 1}","{""ambiguous_registrations"": 0, ""clusters"": 1383, ""dropped_ambiguous"": 58, ""landmarks_bad"": 35, ""landmarks_confirmed"": 27, ""matched"": 1204, ""registrations"": 1155, ""spurious"": 179, ""tracks"": 40, ""unreleased"": 80, ""wrong_track"": 2}"
T1,62,600.0,0.04759997728605743,0.04016616047766411,0.04022619221256322,260.0,4,4,10,0,0.0578130366200294,True,33306,539.204021898011,0.02138808168214325,0.021373016675510254,0.027414513620107567,0.02437823971795441,0.024375824312872385,0.03642768268310747,0.04116104927064989,0.04221535061165257,0.05265813503698615,0.07684084797646429,0.06010072489577223,0.06489699948588559,4285992,,,,
T2,62,600.0,0.188389981322084,0.16397509579781275,0.16577165982834555,280.0,4,4,10,0,0.30047740210781854,True,16769,343.22882819501683,0.1750653818976351,0.1751245961468796,0.24484281894305468,0.09523651686093688,0.09528363749900345,0.12320640246007525,0.12990015361556814,0.12834259313771887,0.13873109595908464,0.1448550797197861,0.14801190149714405,0.21814903086879944,4285992,"{""ambiguous_registrations"": 0, ""clusters"": 4682, ""dropped_ambiguous"": 0, ""matched"": 4519, ""registrations"": 0, ""spurious"": 163, ""tracks"": 0, ""wrong_track"": 0}","{""ambiguous_registrations"": 0, ""clusters"": 7914, ""dropped_ambiguous"": 0, ""matched"": 7296, ""registrations"": 0, ""spurious"": 618, ""tracks"": 0, ""wrong_track"": 0}","{""ambiguous_registrations"": 0, ""clusters"": 2780, ""dropped_ambiguous"": 0, ""matched"": 2649, ""registrations"": 0, ""spurious"": 131, ""tracks"": 0, ""wrong_track"": 0}","{""ambiguous_registrations"": 0, ""clusters"": 1393, ""dropped_ambiguous"": 0, ""matched"": 1254, ""registrations"": 0, ""spurious"": 139, ""tracks"": 0, ""wrong_track"": 0}"
T2nn,62,600.0,0.8965954048812136,0.16077135313289537,0.15814151024296888,280.0,4,4,9,1,0.35417200414701566,True,10465,336.06612661501276,0.17135510075782023,0.171201531689801,0.6364523077649131,0.7111432110523997,0.7014936431168044,0.733422580437636,0.14419035555123605,0.14666198698145494,0.2695062282708467,0.6185597861570239,0.5950144244851985,1.4832125443052886,4285992,"{""ambiguous_registrations"": 0, ""clusters"": 4681, ""dropped_ambiguous"": 1375, ""matched"": 4519, ""registrations"": 0, ""spurious"": 162, ""tracks"": 110, ""wrong_track"": 30}","{""ambiguous_registrations"": 0, ""clusters"": 7851, ""dropped_ambiguous"": 4656, ""matched"": 7243, ""registrations"": 0, ""spurious"": 608, ""tracks"": 206, ""wrong_track"": 115}","{""ambiguous_registrations"": 0, ""clusters"": 2778, ""dropped_ambiguous"": 208, ""matched"": 2648, ""registrations"": 0, ""spurious"": 130, ""tracks"": 65, ""wrong_track"": 0}","{""ambiguous_registrations"": 0, ""clusters"": 1397, ""dropped_ambiguous"": 3, ""matched"": 1254, ""registrations"": 0, ""spurious"": 143, ""tracks"": 74, ""wrong_track"": 1}"
T2ekf,62,600.0,0.2022725497349584,0.16584659523531686,0.16681483522177482,280.0,4,4,10,0,0.26620066883214827,True,15919,354.92736949399114,0.17486806235184119,0.17503017524236375,0.25462161543962897,0.0945600772156488,0.09461216191748138,0.12703026135156578,0.13001514262035765,0.1284559685800482,0.14048418471080915,0.15510934292138143,0.15398409138936456,0.2509025249038572,4285992,"{""ambiguous_registrations"": 0, ""clusters"": 4682, ""dropped_ambiguous"": 241, ""landmarks_bad"": 1, ""landmarks_confirmed"": 41, ""matched"": 4519, ""registrations"": 4191, ""spurious"": 163, ""tracks"": 63, ""unreleased"": 52, ""wrong_track"": 15}","{""ambiguous_registrations"": 0, ""clusters"": 7914, ""dropped_ambiguous"": 309, ""landmarks_bad"": 4, ""landmarks_confirmed"": 39, ""matched"": 7296, ""registrations"": 7280, ""spurious"": 618, ""tracks"": 72, ""unreleased"": 36, ""wrong_track"": 2}","{""ambiguous_registrations"": 0, ""clusters"": 2780, ""dropped_ambiguous"": 51, ""landmarks_bad"": 17, ""landmarks_confirmed"": 22, ""matched"": 2649, ""registrations"": 2622, ""spurious"": 131, ""tracks"": 26, ""unreleased"": 48, ""wrong_track"": 0}","{""ambiguous_registrations"": 0, ""clusters"": 1393, ""dropped_ambiguous"": 43, ""landmarks_bad"": 32, ""landmarks_confirmed"": 26, ""matched"": 1254, ""registrations"": 1204, ""spurious"": 139, ""tracks"": 34, ""unreleased"": 70, ""wrong_track"": 0}"
T1,63,600.0,0.06543162576930088,0.03806988171586408,0.03850757630962463,220.0,4,4,10,0,0.2599729174570142,True,33423,511.92972676298814,0.021436540974295957,0.021433863204746016,0.03289485022748164,0.023908950188292033,0.023910121480882986,0.04622417554636458,0.03524610587702125,0.03475472698442221,0.05876279815897404,0.08474053598641214,0.06451394932515865,0.10224176533762243,4285992,,,,
T2,63,600.0,0.27467556794965625,0.1606273614630092,0.1614197003762541,280.0,4,4,8,0,0.9299310155335324,True,16090,384.92655061601545,0.1510282927873265,0.15131645165270152,0.2778845902665152,0.09750453035834693,0.0974126680586455,0.1175217687413282,0.12011352903213526,0.11897379191834039,0.14267795158373245,0.15985032987215,0.15342928951523727,0.43634672109465394,4285992,"{""ambiguous_registrations"": 0, ""clusters"": 4135, ""dropped_ambiguous"": 0, ""matched"": 4007, ""registrations"": 0, ""spurious"": 128, ""tracks"": 0, ""wrong_track"": 0}","{""ambiguous_registrations"": 0, ""clusters"": 7631, ""dropped_ambiguous"": 0, ""matched"": 7303, ""registrations"": 0, ""spurious"": 328, ""tracks"": 0, ""wrong_track"": 0}","{""ambiguous_registrations"": 0, ""clusters"": 2878, ""dropped_ambiguous"": 0, ""matched"": 2712, ""registrations"": 0, ""spurious"": 166, ""tracks"": 0, ""wrong_track"": 0}","{""ambiguous_registrations"": 0, ""clusters"": 1446, ""dropped_ambiguous"": 0, ""matched"": 1284, ""registrations"": 0, ""spurious"": 162, ""tracks"": 0, ""wrong_track"": 0}"
T2nn,63,600.0,5.283950754421055,0.1610844793922985,0.16100525901813653,280.0,4,4,8,2,0.9768041788983894,True,9443,331.2761577540077,0.15610580424416765,0.1549287212497973,2.8640621973781397,2.825266348482046,2.8129515582242415,3.731505963357176,0.16531729629521513,0.16267537926718822,1.0219172989187297,5.667111221584519,5.713950784883968,9.407934858922939,4285992,"{""ambiguous_registrations"": 0, ""clusters"": 4116, ""dropped_ambiguous"": 1745, ""matched"": 3998, ""registrations"": 0, ""spurious"": 118, ""tracks"": 125, ""wrong_track"": 15}","{""ambiguous_registrations"": 0, ""clusters"": 7686, ""dropped_ambiguous"": 4402, ""matched"": 7362, ""registrations"": 0, ""spurious"": 324, ""tracks"": 227, ""wrong_track"": 362}","{""ambiguous_registrations"": 0, ""clusters"": 2877, ""dropped_ambiguous"": 505, ""matched"": 2712, ""registrations"": 0, ""spurious"": 165, ""tracks"": 97, ""wrong_track"": 67}","{""ambiguous_registrations"": 0, ""clusters"": 1445, ""dropped_ambiguous"": 29, ""matched"": 1282, ""registrations"": 0, ""spurious"": 163, ""tracks"": 92, ""wrong_track"": 43}"
T2ekf,63,600.0,0.19919365339711662,0.16379460889160719,0.16221170252909223,280.0,4,4,8,0,0.6833634075896796,True,15668,366.5927565260208,0.15427634063566042,0.153839560556609,0.23604781440703837,0.09677670642902296,0.09678609062148136,0.10576112370225123,0.1204070608539146,0.11926439903432755,0.13306934707442772,0.16562538092587512,0.1570864232532657,0.2722150053006731,4285992,"{""ambiguous_registrations"": 0, ""clusters"": 4135, ""dropped_ambiguous"": 25, ""landmarks_bad"": 1, ""landmarks_confirmed"": 40, ""matched"": 4007, ""registrations"": 3845, ""spurious"": 128, ""tracks"": 65, ""unreleased"": 53, ""wrong_track"": 9}","{""ambiguous_registrations"": 0, ""clusters"": 7631, ""dropped_ambiguous"": 72, ""landmarks_bad"": 0, ""landmarks_confirmed"": 31, ""matched"": 7303, ""registrations"": 7174, ""spurious"": 328, ""tracks"": 75, ""unreleased"": 27, ""wrong_track"": 0}","{""ambiguous_registrations"": 0, ""clusters"": 2878, ""dropped_ambiguous"": 54, ""landmarks_bad"": 15, ""landmarks_confirmed"": 25, ""matched"": 2712, ""registrations"": 2697, ""spurious"": 166, ""tracks"": 29, ""unreleased"": 53, ""wrong_track"": 0}","{""ambiguous_registrations"": 0, ""clusters"": 1442, ""dropped_ambiguous"": 55, ""landmarks_bad"": 35, ""landmarks_confirmed"": 29, ""matched"": 1281, ""registrations"": 1227, ""spurious"": 161, ""tracks"": 38, ""unreleased"": 79, ""wrong_track"": 0}"
T1,64,600.0,0.0912400505181367,0.047655229109914266,0.04758732068396178,220.0,4,4,10,0,0.06059810943894786,True,33101,536.2074649059796,0.021977169968345617,0.0219639871163694,0.057055898732662653,0.0234330593504439,0.023430246248696704,0.06065743242925714,0.041646032986763046,0.041731764617293575,0.04974823713404884,0.10363832842740817,0.10466530549980159,0.15456196326121524,4285992,,,,
T2,64,600.0,0.17050792880840074,0.17703633527120094,0.1700927757510653,240.0,4,4,9,0,0.2623405141341714,True,16638,327.54135098299594,0.18707566627044458,0.18754774029730367,0.24827685977048683,0.0915555820283993,0.09161002825945475,0.10327973082768392,0.12659606880689217,0.12531951312840756,0.13170419791448154,0.14197620596477106,0.13473147624106535,0.16321065375916138,4285992,"{""ambiguous_registrations"": 0, ""clusters"": 4399, ""dropped_ambiguous"": 0, ""matched"": 4305, ""registrations"": 0, ""spurious"": 94, ""tracks"": 0, ""wrong_track"": 0}","{""ambiguous_registrations"": 0, ""clusters"": 7881, ""dropped_ambiguous"": 0, ""matched"": 7413, ""registrations"": 0, ""spurious"": 468, ""tracks"": 0, ""wrong_track"": 0}","{""ambiguous_registrations"": 0, ""clusters"": 2840, ""dropped_ambiguous"": 0, ""matched"": 2653, ""registrations"": 0, ""spurious"": 187, ""tracks"": 0, ""wrong_track"": 0}","{""ambiguous_registrations"": 0, ""clusters"": 1518, ""dropped_ambiguous"": 0, ""matched"": 1316, ""registrations"": 0, ""spurious"": 202, ""tracks"": 0, ""wrong_track"": 0}"
T2nn,64,600.0,4.736834419385551,0.19939085605813173,0.15704766775127266,280.0,4,4,9,1,0.3340870338012289,True,9237,316.5893001630029,2.833057141533707,2.8633566689672048,3.947352053409938,2.6017009359278984,2.6293202248254364,2.817668049278775,4.839478366341903,4.805762794802707,8.048591287669684,0.22000027595329227,0.22328854907611195,1.2040506971320273,4285992,"{""ambiguous_registrations"": 0, ""clusters"": 4376, ""dropped_ambiguous"": 2362, ""matched"": 4284, ""registrations"": 0, ""spurious"": 92, ""tracks"": 150, ""wrong_track"": 46}","{""ambiguous_registrations"": 0, ""clusters"": 7831, ""dropped_ambiguous"": 4716, ""matched"": 7348, ""registrations"": 0, ""spurious"": 483, ""tracks"": 183, ""wrong_track"": 124}","{""ambiguous_registrations"": 0, ""clusters"": 2839, ""dropped_ambiguous"": 198, ""matched"": 2653, ""registrations"": 0, ""spurious"": 186, ""tracks"": 112, ""wrong_track"": 218}","{""ambiguous_registrations"": 0, ""clusters"": 1525, ""dropped_ambiguous"": 58, ""matched"": 1320, ""registrations"": 0, ""spurious"": 205, ""tracks"": 91, ""wrong_track"": 4}"
T2ekf,64,600.0,0.1740025118834318,0.1763709990917387,0.17107129817295863,240.0,4,4,9,0,0.2697718892803453,True,15828,353.91020119099994,0.18854713531029577,0.18844074169307898,0.2495077286222078,0.09210877419762321,0.09217349594064332,0.10231207496783708,0.1265155727009782,0.125313407309786,0.13371249048042932,0.15200293026109152,0.13716980174550822,0.1746613841982789,4285992,"{""ambiguous_registrations"": 0, ""clusters"": 4399, ""dropped_ambiguous"": 251, ""landmarks_bad"": 1, ""landmarks_confirmed"": 39, ""matched"": 4305, ""registrations"": 3918, ""spurious"": 94, ""tracks"": 58, ""unreleased"": 53, ""wrong_track"": 2}","{""ambiguous_registrations"": 0, ""clusters"": 7881, ""dropped_ambiguous"": 167, ""landmarks_bad"": 1, ""landmarks_confirmed"": 41, ""matched"": 7413, ""registrations"": 7394, ""spurious"": 468, ""tracks"": 67, ""unreleased"": 28, ""wrong_track"": 0}","{""ambiguous_registrations"": 0, ""clusters"": 2840, ""dropped_ambiguous"": 103, ""landmarks_bad"": 20, ""landmarks_confirmed"": 23, ""matched"": 2654, ""registrations"": 2631, ""spurious"": 186, ""tracks"": 23, ""unreleased"": 55, ""wrong_track"": 1}","{""ambiguous_registrations"": 0, ""clusters"": 1522, ""dropped_ambiguous"": 76, ""landmarks_bad"": 37, ""landmarks_confirmed"": 27, ""matched"": 1319, ""registrations"": 1265, ""spurious"": 203, ""tracks"": 42, ""unreleased"": 81, ""wrong_track"": 2}"
T1,65,600.0,0.04512334817281909,0.03864778633277802,0.038426221363514854,280.0,4,4,10,0,0.09279707034563175,True,34280,474.65723101599724,0.02135965741563625,0.02135627052937106,0.02889987392376345,0.0231442064497971,0.023143746537906587,0.028253673252503473,0.035016991608636215,0.03530533898602044,0.039316606908355624,0.12296378870690909,0.06626183913252391,0.07046416009182976,4285992,,,,
T2,65,600.0,0.1462057270584255,0.1438260441454459,0.13243244719242792,300.0,4,4,10,0,0.4806185414847872,True,16605,386.2286915869918,0.17129431448900298,0.17132895210729898,0.2016343536156835,0.09222778964924441,0.0922303725575672,0.10108122986051116,0.1010679004460001,0.09943952307412848,0.10828381844311233,0.1136116975584512,0.11831109347794644,0.15134479037608903,4285992,"{""ambiguous_registrations"": 0, ""clusters"": 4544, ""dropped_ambiguous"": 0, ""matched"": 4371, ""registrations"": 0, ""spurious"": 173, ""tracks"": 0, ""wrong_track"": 0}","{""ambiguous_registrations"": 0, ""clusters"": 7856, ""dropped_ambiguous"": 0, ""matched"": 7203, ""registrations"": 0, ""spurious"": 653, ""tracks"": 0, ""wrong_track"": 0}","{""ambiguous_registrations"": 0, ""clusters"": 2747, ""dropped_ambiguous"": 0, ""matched"": 2539, ""registrations"": 0, ""spurious"": 208, ""tracks"": 0, ""wrong_track"": 0}","{""ambiguous_registrations"": 0, ""clusters"": 1458, ""dropped_ambiguous"": 0, ""matched"": 1252, ""registrations"": 0, ""spurious"": 206, ""tracks"": 0, ""wrong_track"": 0}"
T2nn,65,600.0,4.263508874521658,0.17735303381028963,0.1634303194781268,300.0,4,4,7,0,0.8037539909745325,True,10408,388.7330349269905,0.1904938423589401,0.19048587029053074,1.6634804915481505,5.8892830199051875,5.978622698291064,6.907815296702094,4.060109055884851,4.064191582068908,4.583601211975835,0.3258596132135443,0.32660695422549074,1.102520794797393,4285992,"{""ambiguous_registrations"": 0, ""clusters"": 4588, ""dropped_ambiguous"": 1974, ""matched"": 4398, ""registrations"": 0, ""spurious"": 190, ""tracks"": 135, ""wrong_track"": 23}","{""ambiguous_registrations"": 0, ""clusters"": 7908, ""dropped_ambiguous"": 3753, ""matched"": 7261, ""registrations"": 0, ""spurious"": 647, ""tracks"": 238, ""wrong_track"": 594}","{""ambiguous_registrations"": 0, ""clusters"": 2752, ""dropped_ambiguous"": 445, ""matched"": 2542, ""registrations"": 0, ""spurious"": 210, ""tracks"": 120, ""wrong_track"": 206}","{""ambiguous_registrations"": 0, ""clusters"": 1458, ""dropped_ambiguous"": 126, ""matched"": 1254, ""registrations"": 0, ""spurious"": 204, ""tracks"": 90, ""wrong_track"": 4}"
T2ekf,65,600.0,0.1366681822486898,0.14306466037014776,0.13155158172870202,300.0,4,4,9,0,0.5127521734839644,True,15678,399.6123169900093,0.17173978049659255,0.1717908859853153,0.19429220766409153,0.09164878943701114,0.09163902101634587,0.09925170313103293,0.1008288439287859,0.09945966447388302,0.10852088157888358,0.11753189926847914,0.11826903063417585,0.12383708606305763,4285992,"{""ambiguous_registrations"": 0, ""clusters"": 4544, ""dropped_ambiguous"": 257, ""landmarks_bad"": 2, ""landmarks_confirmed"": 41, ""matched"": 4371, ""registrations"": 3961, ""spurious"": 173, ""tracks"": 75, ""unreleased"": 75, ""wrong_track"": 14}","{""ambiguous_registrations"": 0, ""clusters"": 7856, ""dropped_ambiguous"": 258, ""landmarks_bad"": 2, ""landmarks_confirmed"": 40, ""matched"": 7203, ""registrations"": 7189, ""spurious"": 653, ""tracks"": 72, ""unreleased"": 35, ""wrong_track"": 0}","{""ambiguous_registrations"": 0, ""clusters"": 2747, ""dropped_ambiguous"": 76, ""landmarks_bad"": 25, ""landmarks_confirmed"": 23, ""matched"": 2539, ""registrations"": 2522, ""spurious"": 208, ""tracks"": 30, ""unreleased"": 76, ""wrong_track"": 2}","{""ambiguous_registrations"": 0, ""clusters"": 1458, ""dropped_ambiguous"": 66, ""landmarks_bad"": 35, ""landmarks_confirmed"": 29, ""matched"": 1252, ""registrations"": 1214, ""spurious"": 206, ""tracks"": 40, ""unreleased"": 84, ""wrong_track"": 0}"
T1,66,600.0,0.07693374235628032,0.04059747619980451,0.040987678259579635,220.0,4,4,10,0,0.2631773520271985,True,33239,478.903862037987,0.021755987882293357,0.021734830133353304,0.052823501292246694,0.02342715338290395,0.023427452937043028,0.034006380781644086,0.03972279898031675,0.03998997347896448,0.05167397129598388,0.09052570107310105,0.06429415937925617,0.13060722537300054,4285992,,,,
T2,66,600.0,0.20368154276407463,0.15971880661347324,0.1523020766387965,280.0,4,4,10,0,0.3778773758492439,True,16589,361.5460383949976,0.156148486560545,0.1557709332872531,0.23840942645058671,0.09175281547201183,0.0917193950118434,0.10504351823251437,0.09267668752782676,0.09182159301274949,0.0958320259531495,0.15527340425431363,0.14595707412043119,0.29814042146204667,4285992,"{""ambiguous_registrations"": 0, ""clusters"": 4277, ""dropped_ambiguous"": 0, ""matched"": 4121, ""registrations"": 0, ""spurious"": 156, ""tracks"": 0, ""wrong_track"": 0}","{""ambiguous_registrations"": 0, ""clusters"": 8100, ""dropped_ambiguous"": 0, ""matched"": 7465, ""registrations"": 0, ""spurious"": 635, ""tracks"": 0, ""wrong_track"": 0}","{""ambiguous_registrations"": 0, ""clusters"": 2827, ""dropped_ambiguous"": 0, ""matched"": 2617, ""registrations"": 0, ""spurious"": 210, ""tracks"": 0, ""wrong_track"": 0}","{""ambiguous_registrations"": 0, ""clusters"": 1385, ""dropped_ambiguous"": 0, ""matched"": 1261, ""registrations"": 0, ""spurious"": 124, ""tracks"": 0, ""wrong_track"": 0}"
T2nn,66,600.0,1.9214326861897764,0.15613877638640328,0.1444080691275865,280.0,4,4,8,1,0.5759566984491628,True,8586,298.439059641998,0.1322549907682346,0.13324811698626263,0.8251537231344599,0.7756089254887419,0.729823833563867,0.8648864782315725,2.775793367771234,2.7736942962736437,3.485035502014839,0.2125936645976901,0.19768023106919827,1.0923527511292048,4285992,"{""ambiguous_registrations"": 0, ""clusters"": 4277, ""dropped_ambiguous"": 1819, ""matched"": 4122, ""registrations"": 0, ""spurious"": 155, ""tracks"": 128, ""wrong_track"": 70}","{""ambiguous_registrations"": 0, ""clusters"": 8101, ""dropped_ambiguous"": 6021, ""matched"": 7479, ""registrations"": 0, ""spurious"": 622, ""tracks"": 134, ""wrong_track"": 149}","{""ambiguous_registrations"": 0, ""clusters"": 2825, ""dropped_ambiguous"": 155, ""matched"": 2618, ""registrations"": 0, ""spurious"": 207, ""tracks"": 110, ""wrong_track"": 134}","{""ambiguous_registrations"": 0, ""clusters"": 1384, ""dropped_ambiguous"": 6, ""matched"": 1261, ""registrations"": 0, ""spurious"": 123, ""tracks"": 84, ""wrong_track"": 3}"
T2ekf,66,600.0,0.2001117913335026,0.15861226147451854,0.15404299004738367,280.0,4,4,9,0,0.3684222515327438,True,15905,352.49401019798825,0.1613208912033442,0.162151941504493,0.24204674914731952,0.09159657725581553,0.09156079611550494,0.1049219882351829,0.09115668904102682,0.09031252865565166,0.09689891361132202,0.15786770555969729,0.14610808453642704,0.2849460725747056,4285992,"{""ambiguous_registrations"": 0, ""clusters"": 4277, ""dropped_ambiguous"": 28, ""landmarks_bad"": 1, ""landmarks_confirmed"": 39, ""matched"": 4121, ""registrations"": 4008, ""spurious"": 156, ""tracks"": 63, ""unreleased"": 44, ""wrong_track"": 14}","{""ambiguous_registrations"": 0, ""clusters"": 8100, ""dropped_ambiguous"": 297, ""landmarks_bad"": 6, ""landmarks_confirmed"": 37, ""matched"": 7465, ""registrations"": 7527, ""spurious"": 635, ""tracks"": 60, ""unreleased"": 54, ""wrong_track"": 2}","{""ambiguous_registrations"": 0, ""clusters"": 2827, ""dropped_ambiguous"": 111, ""landmarks_bad"": 20, ""landmarks_confirmed"": 24, ""matched"": 2617, ""registrations"": 2594, ""spurious"": 210, ""tracks"": 29, ""unreleased"": 49, ""wrong_track"": 1}","{""ambiguous_registrations"": 0, ""clusters"": 1379, ""dropped_ambiguous"": 34, ""landmarks_bad"": 26, ""landmarks_confirmed"": 26, ""matched"": 1261, ""registrations"": 1201, ""spurious"": 118, ""tracks"": 37, ""unreleased"": 61, ""wrong_track"": 1}"
T1,67,600.0,0.0728569899289331,0.03726798773455853,0.03733839700665671,320.0,4,4,10,0,0.1583810843956902,True,34001,490.1189829799987,0.0212850805574367,0.02126464400542266,0.05009943989178607,0.024188296089589455,0.02418654312493518,0.05414804783852581,0.037702211094847386,0.03802520182609093,0.04852839544405332,0.08249213308438641,0.06088854380238332,0.11591200886642526,4285992,,,,
T2,67,600.0,0.1891469371258982,0.15499512714114835,0.16769820173296202,340.0,4,4,9,0,0.33204259812127074,True,16484,313.1826344250003,0.20047331140757588,0.2011845258796718,0.2708132689099212,0.09731493150943747,0.09721222800848225,0.11651723381269515,0.0938278644863718,0.0912636504639369,0.09613399117858497,0.120699022287058,0.1304881435594561,0.21667583770109233,4285992,"{""ambiguous_registrations"": 0, ""clusters"": 4796, ""dropped_ambiguous"": 0, ""matched"": 4641, ""registrations"": 0, ""spurious"": 155, ""tracks"": 0, ""wrong_track"": 0}","{""ambiguous_registrations"": 0, ""clusters"": 7394, ""dropped_ambiguous"": 0, ""matched"": 7171, ""registrations"": 0, ""spurious"": 223, ""tracks"": 0, ""wrong_track"": 0}","{""ambiguous_registrations"": 0, ""clusters"": 2874, ""dropped_ambiguous"": 0, ""matched"": 2620, ""registrations"": 0, ""spurious"": 254, ""tracks"": 0, ""wrong_track"": 0}","{""ambiguous_registrations"": 0, ""clusters"": 1420, ""dropped_ambiguous"": 0, ""matched"": 1261, ""registrations"": 0, ""spurious"": 159, ""tracks"": 0, ""wrong_track"": 0}"
T2nn,67,600.0,1.0836158914263936,0.17305932569012494,0.1667434821325878,360.0,4,4,9,0,0.32741154867643496,True,9692,321.9606707839994,1.7643838256874174,1.7655236983104323,1.891259000791028,0.8793189045310386,0.8762872433348736,0.9683284662882566,0.11065380106025048,0.11228863920043292,0.31181579699747175,0.2802627838208944,0.24141005474259083,0.29179424712090596,4285992,"{""ambiguous_registrations"": 0, ""clusters"": 4756, ""dropped_ambiguous"": 1914, ""matched"": 4603, ""registrations"": 0, ""spurious"": 153, ""tracks"": 147, ""wrong_track"": 67}","{""ambiguous_registrations"": 0, ""clusters"": 7384, ""dropped_ambiguous"": 4611, ""matched"": 7168, ""registrations"": 0, ""spurious"": 216, ""tracks"": 200, ""wrong_track"": 134}","{""ambiguous_registrations"": 0, ""clusters"": 2881, ""dropped_ambiguous"": 205, ""matched"": 2620, ""registrations"": 0, ""spurious"": 261, ""tracks"": 91, ""wrong_track"": 2}","{""ambiguous_registrations"": 0, ""clusters"": 1419, ""dropped_ambiguous"": 18, ""matched"": 1261, ""registrations"": 0, ""spurious"": 158, ""tracks"": 85, ""wrong_track"": 3}"
T2ekf,67,600.0,0.1836269841994494,0.15498655442045736,0.16776973514754148,340.0,4,4,9,0,0.3404905196617997,True,15992,356.6111363719974,0.1992449091575764,0.19996911635180814,0.2658341893403418,0.09693072210254132,0.09686281458659918,0.11633850836244594,0.09309136163058827,0.09056622421652477,0.09810132796915086,0.12476071882364671,0.12736383868066647,0.20260587850601192,4285992,"{""ambiguous_registrations"": 0, ""clusters"": 4796, ""dropped_ambiguous"": 46, ""landmarks_bad"": 2, ""landmarks_confirmed"": 46, ""matched"": 4641, ""registrations"": 4449, ""spurious"": 155, ""tracks"": 72, ""unreleased"": 41, ""wrong_track"": 33}","{""ambiguous_registrations"": 0, ""clusters"": 7394, ""dropped_ambiguous"": 32, ""landmarks_bad"": 0, ""landmarks_confirmed"": 36, ""matched"": 7171, ""registrations"": 7048, ""spurious"": 223, ""tracks"": 74, ""unreleased"": 24, ""wrong_track"": 24}","{""ambiguous_registrations"": 0, ""clusters"": 2874, ""dropped_ambiguous"": 146, ""landmarks_bad"": 22, ""landmarks_confirmed"": 24, ""matched"": 2620, ""registrations"": 2590, ""spurious"": 254, ""tracks"": 29, ""unreleased"": 64, ""wrong_track"": 2}","{""ambiguous_registrations"": 0, ""clusters"": 1420, ""dropped_ambiguous"": 62, ""landmarks_bad"": 37, ""landmarks_confirmed"": 27, ""matched"": 1261, ""registrations"": 1206, ""spurious"": 159, ""tracks"": 35, ""unreleased"": 77, ""wrong_track"": 0}"
T1,68,600.0,0.10560323649105548,0.037998189269305725,0.0379834788058474,300.0,4,4,11,0,0.1554625179991578,True,33374,414.57420155699947,0.022144591389137623,0.022136340153827646,0.07440141395600207,0.024376770812150568,0.024378582283125123,0.05322882228054887,0.034368641740081085,0.034605404417522766,0.06096091667462837,0.1098106649430368,0.06665812465896546,0.1803415175374366,4285992,,,,
T2,68,600.0,0.22345043286875996,0.17714504139923157,0.1985948725638631,280.0,4,4,9,0,0.6992885730075901,True,16362,352.0594126719807,0.22329792766485015,0.2230599518635236,0.31823234566710246,0.10004884071223373,0.09998826922758977,0.140550785321888,0.11644486934972602,0.11524763508624336,0.1208015118184207,0.18655243629575663,0.17377002925790244,0.25318181106853455,4285992,"{""ambiguous_registrations"": 0, ""clusters"": 4372, ""dropped_ambiguous"": 0, ""matched"": 4259, ""registrations"": 0, ""spurious"": 113, ""tracks"": 0, ""wrong_track"": 0}","{""ambiguous_registrations"": 0, ""clusters"": 7653, ""dropped_ambiguous"": 0, ""matched"": 7248, ""registrations"": 0, ""spurious"": 405, ""tracks"": 0, ""wrong_track"": 0}","{""ambiguous_registrations"": 0, ""clusters"": 2907, ""dropped_ambiguous"": 0, ""matched"": 2741, ""registrations"": 0, ""spurious"": 166, ""tracks"": 0, ""wrong_track"": 0}","{""ambiguous_registrations"": 0, ""clusters"": 1430, ""dropped_ambiguous"": 0, ""matched"": 1295, ""registrations"": 0, ""spurious"": 135, ""tracks"": 0, ""wrong_track"": 0}"
T2nn,68,600.0,0.26017810754118775,0.18889951406002128,0.2059325797930227,520.0,4,4,10,1,1.2824261965554753,False,9413,278.4999462380074,0.21628026136655984,0.2164671474240982,0.30870887832365096,0.1345206122249346,0.13381998834893505,0.17303523580437255,0.14324199090212125,0.14806006271928646,0.167469928905575,0.2308964417263429,0.22086092550354822,0.3427565449433396,4285992,"{""ambiguous_registrations"": 0, ""clusters"": 4288, ""dropped_ambiguous"": 1769, ""matched"": 4174, ""registrations"": 0, ""spurious"": 114, ""tracks"": 117, ""wrong_track"": 33}","{""ambiguous_registrations"": 0, ""clusters"": 7602, ""dropped_ambiguous"": 4795, ""matched"": 7213, ""registrations"": 0, ""spurious"": 389, ""tracks"": 125, ""wrong_track"": 30}","{""ambiguous_registrations"": 0, ""clusters"": 2906, ""dropped_ambiguous"": 220, ""matched"": 2740, ""registrations"": 0, ""spurious"": 166, ""tracks"": 83, ""wrong_track"": 41}","{""ambiguous_registrations"": 0, ""clusters"": 1432, ""dropped_ambiguous"": 31, ""matched"": 1296, ""registrations"": 0, ""spurious"": 136, ""tracks"": 85, ""wrong_track"": 3}"
T2ekf,68,600.0,0.2226131473665087,0.17828282364449807,0.20040165858704714,280.0,4,4,9,0,0.7022720680703176,True,15937,348.6421532840177,0.2223515405197197,0.22241641933249143,0.316084796351377,0.09951158861519405,0.09948541774591128,0.13863652231526927,0.11698152581142236,0.11548430228330835,0.1262913292704687,0.1884057680962006,0.17584080424903645,0.25129120531492166,4285992,"{""ambiguous_registrations"": 0, ""clusters"": 4372, ""dropped_ambiguous"": 21, ""landmarks_bad"": 1, ""landmarks_confirmed"": 42, ""matched"": 4259, ""registrations"": 4074, ""spurious"": 113, ""tracks"": 69, ""unreleased"": 21, ""wrong_track"": 19}","{""ambiguous_registrations"": 0, ""clusters"": 7653, ""dropped_ambiguous"": 154, ""landmarks_bad"": 2, ""landmarks_confirmed"": 37, ""matched"": 7248, ""registrations"": 7171, ""spurious"": 405, ""tracks"": 65, ""unreleased"": 32, ""wrong_track"": 6}","{""ambiguous_registrations"": 0, ""clusters"": 2909, ""dropped_ambiguous"": 45, ""landmarks_bad"": 17, ""landmarks_confirmed"": 25, ""matched"": 2742, ""registrations"": 2734, ""spurious"": 167, ""tracks"": 33, ""unreleased"": 46, ""wrong_track"": 1}","{""ambiguous_registrations"": 0, ""clusters"": 1429, ""dropped_ambiguous"": 35, ""landmarks_bad"": 31, ""landmarks_confirmed"": 27, ""matched"": 1295, ""registrations"": 1233, ""spurious"": 134, ""tracks"": 39, ""unreleased"": 72, ""wrong_track"": 0}"
T1,69,600.0,0.06352122577631002,0.04662563869831798,0.04646858822164045,220.0,4,4,10,0,0.261093815553405,True,33661,467.4903801959881,0.021508521956643475,0.021503734125758636,0.028856729701007226,0.02469969129829732,0.024697127301271504,0.03493488357752366,0.04081317473262013,0.041393662983282044,0.05413223498896635,0.09926428844193345,0.09043406046301372,0.10562352338369994,4285992,,,,
T2,69,600.0,0.1798212890386874,0.16847838039702356,0.16156314950480113,300.0,4,4,9,0,0.40017021052540047,True,17031,324.9863911209977,0.2092303906936524,0.20974489145860734,0.25705825365527274,0.09593819499128203,0.09592415114585455,0.10140483250279198,0.11243749261585258,0.11164772312292212,0.11737048045377799,0.11735908674629647,0.11675166033549668,0.1980026981052838,4285992,"{""ambiguous_registrations"": 0, ""clusters"": 4845, ""dropped_ambiguous"": 0, ""matched"": 4612, ""registrations"": 0, ""spurious"": 233, ""tracks"": 0, ""wrong_track"": 0}","{""ambiguous_registrations"": 0, ""clusters"": 8027, ""dropped_ambiguous"": 0, ""matched"": 7402, ""registrations"": 0, ""spurious"": 625, ""tracks"": 0, ""wrong_track"": 0}","{""ambiguous_registrations"": 0, ""clusters"": 2834, ""dropped_ambiguous"": 0, ""matched"": 2597, ""registrations"": 0, ""spurious"": 237, ""tracks"": 0, ""wrong_track"": 0}","{""ambiguous_registrations"": 0, ""clusters"": 1325, ""dropped_ambiguous"": 0, ""matched"": 1166, ""registrations"": 0, ""spurious"": 159, ""tracks"": 0, ""wrong_track"": 0}"
T2nn,69,600.0,2.894666802236306,0.16419031204708182,0.14888446167779457,340.0,4,4,6,1,0.6924093171502689,True,8815,269.0724717720004,0.1855903826745617,0.18347579022365804,0.70369717128085,0.14228078457564267,0.1414492624767235,0.5959143826649519,2.2817908787141494,2.2816939944933687,3.171349740930643,3.2578604533610585,3.2620594222282002,4.754852336743947,4285992,"{""ambiguous_registrations"": 0, ""clusters"": 4769, ""dropped_ambiguous"": 2421, ""matched"": 4549, ""registrations"": 0, ""spurious"": 220, ""tracks"": 134, ""wrong_track"": 86}","{""ambiguous_registrations"": 0, ""clusters"": 8030, ""dropped_ambiguous"": 5566, ""matched"": 7388, ""registrations"": 0, ""spurious"": 642, ""tracks"": 141, ""wrong_track"": 43}","{""ambiguous_registrations"": 0, ""clusters"": 2842, ""dropped_ambiguous"": 141, ""matched"": 2599, ""registrations"": 0, ""spurious"": 243, ""tracks"": 86, ""wrong_track"": 103}","{""ambiguous_registrations"": 0, ""clusters"": 1325, ""dropped_ambiguous"": 23, ""matched"": 1167, ""registrations"": 0, ""spurious"": 158, ""tracks"": 94, ""wrong_track"": 25}"
T2ekf,69,600.0,0.1946858103803935,0.16691433476305276,0.1629505391046788,300.0,4,4,10,0,0.3771356593014606,True,16032,385.20018454798264,0.2088741335925074,0.20875973504542003,0.2588977927784509,0.09750761110786492,0.09760350797641407,0.11360234214183727,0.11188705204083102,0.11102242831165446,0.12207346479485255,0.12228595774183389,0.11793422975859637,0.23827456641697473,4285992,"{""ambiguous_registrations"": 0, ""clusters"": 4845, ""dropped_ambiguous"": 280, ""landmarks_bad"": 5, ""landmarks_confirmed"": 46, ""matched"": 4612, ""registrations"": 4238, ""spurious"": 233, ""tracks"": 70, ""unreleased"": 59, ""wrong_track"": 17}","{""ambiguous_registrations"": 0, ""clusters"": 8027, ""dropped_ambiguous"": 306, ""landmarks_bad"": 3, ""landmarks_confirmed"": 35, ""matched"": 7402, ""registrations"": 7333, ""spurious"": 625, ""tracks"": 67, ""unreleased"": 41, ""wrong_track"": 0}","{""ambiguous_registrations"": 0, ""clusters"": 2836, ""dropped_ambiguous"": 112, ""landmarks_bad"": 23, ""landmarks_confirmed"": 24, ""matched"": 2598, ""registrations"": 2605, ""spurious"": 238, ""tracks"": 27, ""unreleased"": 59, ""wrong_track"": 0}","{""ambiguous_registrations"": 0, ""clusters"": 1330, ""dropped_ambiguous"": 59, ""landmarks_bad"": 39, ""landmarks_confirmed"": 27, ""matched"": 1167, ""registrations"": 1096, ""spurious"": 163, ""tracks"": 35, ""unreleased"": 90, ""wrong_track"": 3}"
T1,70,600.0,0.041719780507313536,0.03419761924912469,0.033684699497436306,240.0,4,4,10,0,0.09415073806124877,True,34481,493.240865728003,0.021630362120102064,0.021631314628099325,0.034166179278315,0.023682614568665716,0.02368256272298189,0.029325560682757164,0.03451672003657013,0.03477557825601538,0.03751395511422903,0.05486451542402761,0.052399704574152176,0.05939315783964724,4285992,,,,
T2,70,600.0,0.18614815507730673,0.16269200103097936,0.14076817919127568,280.0,4,4,10,0,0.429966647970076,True,17809,338.8444892990228,0.1600784621897107,0.16021240898239966,0.2246630521591152,0.09571214105378409,0.09568301416756635,0.10549074233584928,0.09824183814067824,0.09706294965274886,0.10364064307615872,0.19004767965577873,0.17939755537588623,0.25741285114283347,4285992,"{""ambiguous_registrations"": 0, ""clusters"": 5200, ""dropped_ambiguous"": 0, ""matched"": 5041, ""registrations"": 0, ""spurious"": 159, ""tracks"": 0, ""wrong_track"": 0}","{""ambiguous_registrations"": 0, ""clusters"": 8270, ""dropped_ambiguous"": 0, ""matched"": 7681, ""registrations"": 0, ""spurious"": 589, ""tracks"": 0, ""wrong_track"": 0}","{""ambiguous_registrations"": 0, ""clusters"": 2831, ""dropped_ambiguous"": 0, ""matched"": 2614, ""registrations"": 0, ""spurious"": 217, ""tracks"": 0, ""wrong_track"": 0}","{""ambiguous_registrations"": 0, ""clusters"": 1508, ""dropped_ambiguous"": 0, ""matched"": 1303, ""registrations"": 0, ""spurious"": 205, ""tracks"": 0, ""wrong_track"": 0}"
T2nn,70,600.0,2.052866374457755,0.1627491570521211,0.13427302062086413,280.0,4,4,8,2,0.35573362449299933,True,10688,384.4368440049875,0.1533362881430535,0.15288489635342203,0.32012208374220225,2.05743981222961,2.058310318641814,3.4253951835032757,0.17415079914509904,0.1661784586869199,0.4645277898175983,0.8511228609313324,0.8487725555328047,2.1921325293735316,4285992,"{""ambiguous_registrations"": 0, ""clusters"": 5178, ""dropped_ambiguous"": 1607, ""matched"": 5013, ""registrations"": 0, ""spurious"": 165, ""tracks"": 121, ""wrong_track"": 8}","{""ambiguous_registrations"": 0, ""clusters"": 8304, ""dropped_ambiguous"": 4793, ""matched"": 7699, ""registrations"": 0, ""spurious"": 605, ""tracks"": 177, ""wrong_track"": 267}","{""ambiguous_registrations"": 0, ""clusters"": 2836, ""dropped_ambiguous"": 712, ""matched"": 2612, ""registrations"": 0, ""spurious"": 224, ""tracks"": 90, ""wrong_track"": 8}","{""ambiguous_registrations"": 0, ""clusters"": 1499, ""dropped_ambiguous"": 17, ""matched"": 1299, ""registrations"": 0, ""spurious"": 200, ""tracks"": 95, ""wrong_track"": 9}"
T2ekf,70,600.0,0.18783681544187683,0.1596251451346546,0.1403688814330532,280.0,4,4,9,0,0.42810488412479275,True,17003,386.7674986490165,0.1593942206963025,0.15939752914770874,0.22514683170634542,0.09486878114387658,0.0948843874589798,0.1031137145441733,0.09764457853432852,0.09655728047709652,0.10408140612191795,0.19468836017038021,0.18162903516062617,0.26262940407837904,4285992,"{""ambiguous_registrations"": 0, ""clusters"": 5200, ""dropped_ambiguous"": 59, ""landmarks_bad"": 3, ""landmarks_confirmed"": 42, ""matched"": 5041, ""registrations"": 4901, ""spurious"": 159, ""tracks"": 66, ""unreleased"": 38, ""wrong_track"": 3}","{""ambiguous_registrations"": 0, ""clusters"": 8270, ""dropped_ambiguous"": 334, ""landmarks_bad"": 1, ""landmarks_confirmed"": 39, ""matched"": 7681, ""registrations"": 7542, ""spurious"": 589, ""tracks"": 82, ""unreleased"": 22, ""wrong_track"": 0}","{""ambiguous_registrations"": 0, ""clusters"": 2831, ""dropped_ambiguous"": 114, ""landmarks_bad"": 23, ""landmarks_confirmed"": 25, ""matched"": 2611, ""registrations"": 2590, ""spurious"": 220, ""tracks"": 27, ""unreleased"": 63, ""wrong_track"": 2}","{""ambiguous_registrations"": 0, ""clusters"": 1505, ""dropped_ambiguous"": 80, ""landmarks_bad"": 40, ""landmarks_confirmed"": 27, ""matched"": 1304, ""registrations"": 1248, ""spurious"": 201, ""tracks"": 39, ""unreleased"": 93, ""wrong_track"": 0}"
T1,71,600.0,0.042710110406831404,0.03903442591957891,0.03903817109017345,280.0,4,4,10,0,0.1585503319409914,True,34017,492.55231472401647,0.02106868364452652,0.02106508758654824,0.02400935345401224,0.02414632786611745,0.024145963958719957,0.031994349248488096,0.03891950143405514,0.03908697983041988,0.042154732876285114,0.05458972595391875,0.05499351401203787,0.06260595165693145,4285992,,,,
T2,71,600.0,0.21331526612335458,0.17095214330275463,0.17982116705870985,240.0,4,4,9,0,0.5412584757408682,True,17024,321.54714554798556,0.19438357747749413,0.19381328539896692,0.2720956324713063,0.08559344316071318,0.08557799097209123,0.10146848405199917,0.12550406996930957,0.12369260256007387,0.12688999884665172,0.15880472731659287,0.16069864653294497,0.28562327071167726,4285992,"{""ambiguous_registrations"": 0, ""clusters"": 4903, ""dropped_ambiguous"": 0, ""matched"": 4769, ""registrations"": 0, ""spurious"": 134, ""tracks"": 0, ""wrong_track"": 0}","{""ambiguous_registrations"": 0, ""clusters"": 7872, ""dropped_ambiguous"": 0, ""matched"": 7286, ""registrations"": 0, ""spurious"": 586, ""tracks"": 0, ""wrong_track"": 0}","{""ambiguous_registrations"": 0, ""clusters"": 2791, ""dropped_ambiguous"": 0, ""matched"": 2686, ""registrations"": 0, ""spurious"": 105, ""tracks"": 0, ""wrong_track"": 0}","{""ambiguous_registrations"": 0, ""clusters"": 1458, ""dropped_ambiguous"": 0, ""matched"": 1279, ""registrations"": 0, ""spurious"": 179, ""tracks"": 0, ""wrong_track"": 0}"
T2nn,71,600.0,0.7381904941570744,0.16474041334432687,0.1797987162783933,240.0,4,4,9,0,0.4491214017452305,True,9101,298.4143263940059,0.26448251350635066,0.2606535755216833,0.33850793130246437,0.10457300729718867,0.1047542806992493,0.20599661978008724,1.3045970733855563,1.3181896355451794,1.3795504208754774,0.1745677217080417,0.16780747023027995,0.3457155362465802,4285992,"{""ambiguous_registrations"": 0, ""clusters"": 4883, ""dropped_ambiguous"": 2424, ""matched"": 4753, ""registrations"": 0, ""spurious"": 130, ""tracks"": 130, ""wrong_track"": 85}","{""ambiguous_registrations"": 0, ""clusters"": 7860, ""dropped_ambiguous"": 4986, ""matched"": 7271, ""registrations"": 0, ""spurious"": 589, ""tracks"": 130, ""wrong_track"": 19}","{""ambiguous_registrations"": 0, ""clusters"": 2790, ""dropped_ambiguous"": 451, ""matched"": 2685, ""registrations"": 0, ""spurious"": 105, ""tracks"": 98, ""wrong_track"": 50}","{""ambiguous_registrations"": 0, ""clusters"": 1458, ""dropped_ambiguous"": 29, ""matched"": 1279, ""registrations"": 0, ""spurious"": 179, ""tracks"": 97, ""wrong_track"": 1}"
T2ekf,71,600.0,0.2022349440228151,0.17161646568971728,0.1795294683841052,240.0,4,4,9,0,0.47788440970623286,True,16424,343.3958576149889,0.1938454786556957,0.19291648297383268,0.26137345366154496,0.08645106400561982,0.08644162571919585,0.09693453477175948,0.12513873440197884,0.12332595197571086,0.12619819471552357,0.1626129093000593,0.16369514831823376,0.2644948386562698,4285992,"{""ambiguous_registrations"": 0, ""clusters"": 4903, ""dropped_ambiguous"": 30, ""landmarks_bad"": 2, ""landmarks_confirmed"": 39, ""matched"": 4769, ""registrations"": 4586, ""spurious"": 134, ""tracks"": 71, ""unreleased"": 48, ""wrong_track"": 15}","{""ambiguous_registrations"": 0, ""clusters"": 7872, ""dropped_ambiguous"": 257, ""landmarks_bad"": 3, ""landmarks_confirmed"": 41, ""matched"": 7286, ""registrations"": 7297, ""spurious"": 586, ""tracks"": 67, ""unreleased"": 34, ""wrong_track"": 0}","{""ambiguous_registrations"": 0, ""clusters"": 2791, ""dropped_ambiguous"": 19, ""landmarks_bad"": 10, ""landmarks_confirmed"": 23, ""matched"": 2686, ""registrations"": 2667, ""spurious"": 105, ""tracks"": 28, ""unreleased"": 41, ""wrong_track"": 1}","{""ambiguous_registrations"": 0, ""clusters"": 1458, ""dropped_ambiguous"": 70, ""landmarks_bad"": 44, ""landmarks_confirmed"": 25, ""matched"": 1279, ""registrations"": 1220, ""spurious"": 179, ""tracks"": 31, ""unreleased"": 101, ""wrong_track"": 1}"
T1,72,600.0,0.0790620362178204,0.037124718318464416,0.037174948100082456,280.0,4,4,10,0,0.2678022610626493,True,32654,404.5828790280211,0.02230057270157395,0.022282897595018225,0.05425170806734042,0.024223236052225774,0.024222626154203713,0.048436875013076176,0.03508499697075845,0.03493772785247778,0.05666500197876854,0.07607736413233601,0.06981628353932362,0.12846369582540293,4285992,,,,
T2,72,600.0,0.17063350662149404,0.1530604009867974,0.1365603491796268,400.0,4,4,9,0,0.3132715140486614,True,15652,317.7183807469846,0.1579558392286888,0.15776988823607083,0.22116629703189422,0.0944317927249512,0.09443384527928961,0.09980569677497624,0.13482444002191032,0.1333358292085446,0.14235268249752075,0.09241746440824915,0.09730135768516013,0.19319208074352132,4285992,"{""ambiguous_registrations"": 0, ""clusters"": 4071, ""dropped_ambiguous"": 0, ""matched"": 3929, ""registrations"": 0, ""spurious"": 142, ""tracks"": 0, ""wrong_track"": 0}","{""ambiguous_registrations"": 0, ""clusters"": 7404, ""dropped_ambiguous"": 0, ""matched"": 7112, ""registrations"": 0, ""spurious"": 292, ""tracks"": 0, ""wrong_track"": 0}","{""ambiguous_registrations"": 0, ""clusters"": 2765, ""dropped_ambiguous"": 0, ""matched"": 2641, ""registrations"": 0, ""spurious"": 124, ""tracks"": 0, ""wrong_track"": 0}","{""ambiguous_registrations"": 0, ""clusters"": 1412, ""dropped_ambiguous"": 0, ""matched"": 1262, ""registrations"": 0, ""spurious"": 150, ""tracks"": 0, ""wrong_track"": 0}"
T2nn,72,600.0,0.21588980687396292,0.19005068553338444,0.14766455981181406,400.0,4,4,9,0,0.5401227725184873,True,8618,250.65739172298345,0.19169723937121608,0.1948749852609702,0.29543253319731744,0.12128148314101797,0.12133651916416477,0.15026426597178025,0.1799580182220142,0.174016130411337,0.189358373272134,0.1446486285655648,0.13640420999106848,0.2017853067510547,4285992,"{""ambiguous_registrations"": 0, ""clusters"": 4058, ""dropped_ambiguous"": 1854, ""matched"": 3901, ""registrations"": 0, ""spurious"": 157, ""tracks"": 133, ""wrong_track"": 28}","{""ambiguous_registrations"": 0, ""clusters"": 7438, ""dropped_ambiguous"": 5044, ""matched"": 7150, ""registrations"": 0, ""spurious"": 288, ""tracks"": 114, ""wrong_track"": 39}","{""ambiguous_registrations"": 0, ""clusters"": 2763, ""dropped_ambiguous"": 144, ""matched"": 2643, ""registrations"": 0, ""spurious"": 120, ""tracks"": 86, ""wrong_track"": 0}","{""ambiguous_registrations"": 0, ""clusters"": 1412, ""dropped_ambiguous"": 11, ""matched"": 1262, ""registrations"": 0, ""spurious"": 150, ""tracks"": 81, ""wrong_track"": 0}"
T2ekf,72,600.0,0.1692267094320994,0.15252916002669173,0.13640514915284543,400.0,4,4,9,0,0.3034583546253047,True,15236,325.7728081670066,0.1541682435721694,0.15404033533556744,0.2207942970675283,0.09342788047265604,0.09339756575058426,0.0993177641512762,0.13477296564945374,0.1333143186353363,0.14282168768349404,0.09277680569840327,0.0919102630651632,0.1885166899098083,4285992,"{""ambiguous_registrations"": 0, ""clusters"": 4071, ""dropped_ambiguous"": 17, ""landmarks_bad"": 0, ""landmarks_confirmed"": 40, ""matched"": 3929, ""registrations"": 3800, ""spurious"": 142, ""tracks"": 60, ""unreleased"": 55, ""wrong_track"": 23}","{""ambiguous_registrations"": 0, ""clusters"": 7404, ""dropped_ambiguous"": 91, ""landmarks_bad"": 1, ""landmarks_confirmed"": 31, ""matched"": 7112, ""registrations"": 6993, ""spurious"": 292, ""tracks"": 66, ""unreleased"": 32, ""wrong_track"": 9}","{""ambiguous_registrations"": 0, ""clusters"": 2765, ""dropped_ambiguous"": 28, ""landmarks_bad"": 14, ""landmarks_confirmed"": 22, ""matched"": 2641, ""registrations"": 2614, ""spurious"": 124, ""tracks"": 31, ""unreleased"": 45, ""wrong_track"": 0}","{""ambiguous_registrations"": 0, ""clusters"": 1412, ""dropped_ambiguous"": 64, ""landmarks_bad"": 40, ""landmarks_confirmed"": 26, ""matched"": 1262, ""registrations"": 1210, ""spurious"": 150, ""tracks"": 27, ""unreleased"": 84, ""wrong_track"": 0}"
T1,73,600.0,0.056858399871618635,0.0455944547440657,0.0453766936170569,280.0,4,4,10,0,0.3892629443143644,True,33403,413.1167537609872,0.02260773534638123,0.02261116122745829,0.024104697494622605,0.023396777613258424,0.023396254852522953,0.029336284281128635,0.03992493850320021,0.0401471880821961,0.044354580311982666,0.10711895817374097,0.09130612858138762,0.09758343984745027,4285992,,,,
T2,73,600.0,0.1910623693210769,0.1632535203856496,0.15466585646147493,420.0,4,4,10,0,0.2540745724504488,True,15930,296.7219255679811,0.15076106476409099,0.15068403194750016,0.22761001558685745,0.09379771762261024,0.09377648115111674,0.10844415086401236,0.12023948126582745,0.11834185478164852,0.12336557499775724,0.18114259101939253,0.17948414345544703,0.25929480853989517,4285992,"{""ambiguous_registrations"": 0, ""clusters"": 4399, ""dropped_ambiguous"": 0, ""matched"": 4261, ""registrations"": 0, ""spurious"": 138, ""tracks"": 0, ""wrong_track"": 0}","{""ambiguous_registrations"": 0, ""clusters"": 7425, ""dropped_ambiguous"": 0, ""matched"": 7235, ""registrations"": 0, ""spurious"": 190, ""tracks"": 0, ""wrong_track"": 0}","{""ambiguous_registrations"": 0, ""clusters"": 2779, ""dropped_ambiguous"": 0, ""matched"": 2642, ""registrations"": 0, ""spurious"": 137, ""tracks"": 0, ""wrong_track"": 0}","{""ambiguous_registrations"": 0, ""clusters"": 1327, ""dropped_ambiguous"": 0, ""matched"": 1215, ""registrations"": 0, ""spurious"": 112, ""tracks"": 0, ""wrong_track"": 0}"
T2nn,73,600.0,3.3839931121033713,0.17264021436043595,0.16157323874425034,340.0,4,4,7,1,0.4055504323876494,True,8964,281.47982970101293,0.1537875757969195,0.1525501983840723,1.615269161966227,0.12177957225700291,0.1215177024389373,0.8534120878391045,0.17198350241209817,0.18287559380743895,0.8469771213384027,3.50362685908259,5.042069937072193,6.461490588843459,4285992,"{""ambiguous_registrations"": 0, ""clusters"": 4433, ""dropped_ambiguous"": 1847, ""matched"": 4296, ""registrations"": 0, ""spurious"": 137, ""tracks"": 139, ""wrong_track"": 66}","{""ambiguous_registrations"": 0, ""clusters"": 7417, ""dropped_ambiguous"": 4798, ""matched"": 7222, ""registrations"": 0, ""spurious"": 195, ""tracks"": 117, ""wrong_track"": 10}","{""ambiguous_registrations"": 0, ""clusters"": 2786, ""dropped_ambiguous"": 312, ""matched"": 2645, ""registrations"": 0, ""spurious"": 141, ""tracks"": 105, ""wrong_track"": 17}","{""ambiguous_registrations"": 0, ""clusters"": 1326, ""dropped_ambiguous"": 41, ""matched"": 1214, ""registrations"": 0, ""spurious"": 112, ""tracks"": 84, ""wrong_track"": 43}"
T2ekf,73,600.0,0.23725146067057157,0.16351398217271668,0.15522551282833044,280.0,4,4,8,0,0.24738699087779675,True,15407,326.64684473801753,0.14360129870522323,0.14314793757013097,0.26597964424268655,0.09375756385815522,0.09373620538441696,0.11053925149063519,0.11826116690807813,0.11683208094319698,0.12636826334698545,0.18726765467435513,0.1750234564084385,0.3552745235847485,4285992,"{""ambiguous_registrations"": 0, ""clusters"": 4410, ""dropped_ambiguous"": 203, ""landmarks_bad"": 1, ""landmarks_confirmed"": 38, ""matched"": 4269, ""registrations"": 3940, ""spurious"": 141, ""tracks"": 63, ""unreleased"": 60, ""wrong_track"": 9}","{""ambiguous_registrations"": 0, ""clusters"": 7384, ""dropped_ambiguous"": 27, ""landmarks_bad"": 1, ""landmarks_confirmed"": 32, ""matched"": 7193, ""registrations"": 7102, ""spurious"": 191, ""tracks"": 63, ""unreleased"": 27, ""wrong_track"": 0}","{""ambiguous_registrations"": 0, ""clusters"": 2782, ""dropped_ambiguous"": 43, ""landmarks_bad"": 15, ""landmarks_confirmed"": 23, ""matched"": 2641, ""registrations"": 2612, ""spurious"": 141, ""tracks"": 31, ""unreleased"": 50, ""wrong_track"": 1}","{""ambiguous_registrations"": 0, ""clusters"": 1327, ""dropped_ambiguous"": 27, ""landmarks_bad"": 26, ""landmarks_confirmed"": 26, ""matched"": 1215, ""registrations"": 1167, ""spurious"": 112, ""tracks"": 34, ""unreleased"": 59, ""wrong_track"": 0}"
T1,74,600.0,0.049902782028298655,0.0398550422502609,0.039787858803701746,280.0,4,4,10,0,0.07615708232133928,True,34741,362.52551218800363,0.02149275524067906,0.021510223986249778,0.03254023385608549,0.02374586255361736,0.023745411137988583,0.027342119525748866,0.043343008597475786,0.0424413685120144,0.045147774382069315,0.05792598580661401,0.05329347009568664,0.07820722962381575,4285992,,,,
T2,74,600.0,0.17873003554050787,0.17454920081562264,0.16526346066060066,400.0,4,4,8,0,0.4125077961771016,True,16886,245.86423141800333,0.16342443636435566,0.1638720906051361,0.2300090036165593,0.08657192631070418,0.08655888032300138,0.09556144516754798,0.14220184914535702,0.13947406196353485,0.16064357528204282,0.1905146565090103,0.19096302665072726,0.19983796583896368,4285992,"{""ambiguous_registrations"": 0, ""clusters"": 4884, ""dropped_ambiguous"": 0, ""matched"": 4706, ""registrations"": 0, ""spurious"": 178, ""tracks"": 0, ""wrong_track"": 0}","{""ambiguous_registrations"": 0, ""clusters"": 7668, ""dropped_ambiguous"": 0, ""matched"": 7444, ""registrations"": 0, ""spurious"": 224, ""tracks"": 0, ""wrong_track"": 0}","{""ambiguous_registrations"": 0, ""clusters"": 2901, ""dropped_ambiguous"": 0, ""matched"": 2700, ""registrations"": 0, ""spurious"": 201, ""tracks"": 0, ""wrong_track"": 0}","{""ambiguous_registrations"": 0, ""clusters"": 1433, ""dropped_ambiguous"": 0, ""matched"": 1303, ""registrations"": 0, ""spurious"": 130, ""tracks"": 0, ""wrong_track"": 0}"
T2nn,74,600.0,3.27392949996906,0.1696932885055914,0.1706954530091866,340.0,4,4,7,2,0.40298152900212497,True,9501,240.50234931398882,0.19530808503769714,0.19149083894027277,1.479327464036649,2.007545171262281,2.00665449378732,2.408254418999031,0.15446934200301843,0.15399122055483627,0.8850570957468084,4.216445495946271,3.8921566726301853,5.839780160918507,4285992,"{""ambiguous_registrations"": 0, ""clusters"": 4909, ""dropped_ambiguous"": 2219, ""matched"": 4714, ""registrations"": 0, ""spurious"": 195, ""tracks"": 149, ""wrong_track"": 78}","{""ambiguous_registrations"": 0, ""clusters"": 7628, ""dropped_ambiguous"": 4741, ""matched"": 7403, ""registrations"": 0, ""spurious"": 225, ""tracks"": 122, ""wrong_track"": 16}","{""ambiguous_registrations"": 0, ""clusters"": 2904, ""dropped_ambiguous"": 412, ""matched"": 2699, ""registrations"": 0, ""spurious"": 205, ""tracks"": 91, ""wrong_track"": 1}","{""ambiguous_registrations"": 0, ""clusters"": 1433, ""dropped_ambiguous"": 1, ""matched"": 1302, ""registrations"": 0, ""spurious"": 131, ""tracks"": 88, ""wrong_track"": 35}"
T2ekf,74,600.0,0.18102650323770608,0.17531835268574195,0.1635413243275718,400.0,4,4,8,0,0.41371877761948067,True,16021,292.91179954301333,0.16395707185908096,0.16429458468656044,0.233199556594784,0.08419763694063036,0.0842047870123079,0.09072744044231085,0.14232941128755627,0.1399381722084076,0.16592096606083553,0.19195320142083616,0.1922854577185218,0.2023341564692106,4285992,"{""ambiguous_registrations"": 0, ""clusters"": 4884, ""dropped_ambiguous"": 227, ""landmarks_bad"": 0, ""landmarks_confirmed"": 39, ""matched"": 4706, ""registrations"": 4341, ""spurious"": 178, ""tracks"": 71, ""unreleased"": 50, ""wrong_track"": 12}","{""ambiguous_registrations"": 0, ""clusters"": 7586, ""dropped_ambiguous"": 243, ""landmarks_bad"": 2, ""landmarks_confirmed"": 33, ""matched"": 7365, ""registrations"": 7054, ""spurious"": 221, ""tracks"": 64, ""unreleased"": 32, ""wrong_track"": 4}","{""ambiguous_registrations"": 0, ""clusters"": 2911, ""dropped_ambiguous"": 81, ""landmarks_bad"": 21, ""landmarks_confirmed"": 25, ""matched"": 2704, ""registrations"": 2680, ""spurious"": 207, ""tracks"": 36, ""unreleased"": 52, ""wrong_track"": 1}","{""ambiguous_registrations"": 0, ""clusters"": 1434, ""dropped_ambiguous"": 42, ""landmarks_bad"": 31, ""landmarks_confirmed"": 28, ""matched"": 1302, ""registrations"": 1243, ""spurious"": 132, ""tracks"": 36, ""unreleased"": 67, ""wrong_track"": 0}"
T1,75,600.0,0.04715679666146266,0.03762102826165739,0.03773754442341577,260.0,4,4,10,0,0.1035977231781177,True,35022,335.884070753993,0.021133278419339027,0.021121707674466098,0.023493895986345024,0.024612943104162028,0.024612774299697618,0.03650848482989461,0.03619703425180683,0.03523841241879779,0.040873258598561155,0.10347779840466333,0.06455001666021044,0.0730725530129162,4285992,,,,
T2,75,600.0,0.19078846620519793,0.1753350985071743,0.18701305204135474,280.0,4,4,10,0,0.27852291831569354,True,16533,290.56969222900807,0.21799939411238997,0.21829789099904973,0.27706086805090446,0.09594326045257583,0.09605222172435936,0.14196897391385815,0.11534975764539304,0.11387145572283096,0.13863333659197158,0.14560140800045526,0.1524578505034208,0.17165033985935044,4285992,"{""ambiguous_registrations"": 0, ""clusters"": 4579, ""dropped_ambiguous"": 0, ""matched"": 4357, ""registrations"": 0, ""spurious"": 222, ""tracks"": 0, ""wrong_track"": 0}","{""ambiguous_registrations"": 0, ""clusters"": 7702, ""dropped_ambiguous"": 0, ""matched"": 7369, ""registrations"": 0, ""spurious"": 333, ""tracks"": 0, ""wrong_track"": 0}","{""ambiguous_registrations"": 0, ""clusters"": 2832, ""dropped_ambiguous"": 0, ""matched"": 2581, ""registrations"": 0, ""spurious"": 251, ""tracks"": 0, ""wrong_track"": 0}","{""ambiguous_registrations"": 0, ""clusters"": 1420, ""dropped_ambiguous"": 0, ""matched"": 1256, ""registrations"": 0, ""spurious"": 164, ""tracks"": 0, ""wrong_track"": 0}"
T2nn,75,600.0,0.21896271813279478,0.19141567454210215,0.19835681020270693,280.0,4,4,9,0,0.2927959160507744,True,9373,288.9143858749885,0.20854112535072455,0.2089113370805858,0.28940724656625133,0.16396094753175544,0.1650144689952463,0.2160878758436735,0.12964880463005873,0.1259689395803289,0.1430698703167124,0.16022226644253534,0.17212384558070293,0.20213652684331004,4285992,"{""ambiguous_registrations"": 0, ""clusters"": 4599, ""dropped_ambiguous"": 1760, ""matched"": 4393, ""registrations"": 0, ""spurious"": 206, ""tracks"": 145, ""wrong_track"": 107}","{""ambiguous_registrations"": 0, ""clusters"": 7605, ""dropped_ambiguous"": 4975, ""matched"": 7280, ""registrations"": 0, ""spurious"": 325, ""tracks"": 151, ""wrong_track"": 95}","{""ambiguous_registrations"": 0, ""clusters"": 2828, ""dropped_ambiguous"": 316, ""matched"": 2582, ""registrations"": 0, ""spurious"": 246, ""tracks"": 89, ""wrong_track"": 1}","{""ambiguous_registrations"": 0, ""clusters"": 1420, ""dropped_ambiguous"": 28, ""matched"": 1257, ""registrations"": 0, ""spurious"": 163, ""tracks"": 82, ""wrong_track"": 4}"
T2ekf,75,600.0,0.20012770568547833,0.17657574435330659,0.18877970069555752,280.0,4,4,9,0,0.27438990959147386,True,15869,294.4899236350029,0.21355679328926472,0.21456176210698588,0.2854144998921996,0.09636137735835054,0.09637606999604721,0.13690622593956095,0.11576823001583358,0.11428781793590273,0.16435140530186573,0.14786632941456543,0.1529262084811908,0.18162670083802962,4285992,"{""ambiguous_registrations"": 0, ""clusters"": 4579, ""dropped_ambiguous"": 96, ""landmarks_bad"": 1, ""landmarks_confirmed"": 41, ""matched"": 4357, ""registrations"": 4101, ""spurious"": 222, ""tracks"": 87, ""unreleased"": 66, ""wrong_track"": 17}","{""ambiguous_registrations"": 0, ""clusters"": 7702, ""dropped_ambiguous"": 117, ""landmarks_bad"": 1, ""landmarks_confirmed"": 31, ""matched"": 7369, ""registrations"": 7235, ""spurious"": 333, ""tracks"": 72, ""unreleased"": 41, ""wrong_track"": 1}","{""ambiguous_registrations"": 0, ""clusters"": 2832, ""dropped_ambiguous"": 128, ""landmarks_bad"": 25, ""landmarks_confirmed"": 24, ""matched"": 2581, ""registrations"": 2559, ""spurious"": 251, ""tracks"": 30, ""unreleased"": 68, ""wrong_track"": 0}","{""ambiguous_registrations"": 0, ""clusters"": 1420, ""dropped_ambiguous"": 69, ""landmarks_bad"": 38, ""landmarks_confirmed"": 26, ""matched"": 1256, ""registrations"": 1202, ""spurious"": 164, ""tracks"": 32, ""unreleased"": 79, ""wrong_track"": 0}"
T1,76,600.0,0.07979822371827595,0.03964959297057403,0.039625956433214225,260.0,4,4,10,0,0.13460277396224182,True,34362,313.3209882880037,0.02115240577635062,0.021165058508665346,0.04863524556356593,0.02473182538962566,0.024733237020456433,0.05323812428344648,0.03565852411445994,0.035334793578258236,0.060508239251697245,0.07117542634685937,0.0687013142054576,0.1288801537428451,4285992,,,,
T2,76,600.0,0.19998996132175975,0.15607255500798495,0.15674729451869196,300.0,4,4,8,0,0.33034799589944047,True,16135,266.8171171360009,0.1809932620941492,0.1814526756470993,0.2513841168975306,0.09322786234952085,0.09322224147351937,0.10722201489377471,0.1097570533032954,0.10870106836553235,0.11625839941402873,0.1464677719841266,0.13714978662099828,0.2679130239039749,4285992,"{""ambiguous_registrations"": 0, ""clusters"": 4547, ""dropped_ambiguous"": 0, ""matched"": 4357, ""registrations"": 0, ""spurious"": 190, ""tracks"": 0, ""wrong_track"": 0}","{""ambiguous_registrations"": 0, ""clusters"": 7425, ""dropped_ambiguous"": 0, ""matched"": 7218, ""registrations"": 0, ""spurious"": 207, ""tracks"": 0, ""wrong_track"": 0}","{""ambiguous_registrations"": 0, ""clusters"": 2807, ""dropped_ambiguous"": 0, ""matched"": 2612, ""registrations"": 0, ""spurious"": 195, ""tracks"": 0, ""wrong_track"": 0}","{""ambiguous_registrations"": 0, ""clusters"": 1356, ""dropped_ambiguous"": 0, ""matched"": 1240, ""registrations"": 0, ""spurious"": 116, ""tracks"": 0, ""wrong_track"": 0}"
T2nn,76,600.0,1.304680610457579,0.16777945561527297,0.16238337809328862,300.0,4,4,8,0,0.49134694300651693,True,9175,246.2549314610078,0.1850773328323325,0.1856284704479714,0.4294036003616058,0.24374378423716317,0.11098452017906532,0.31923491709646473,2.112841498867919,2.0779451708725922,2.5235670617640387,0.22345966413906745,0.17383020110777747,0.39252628153839997,4285992,"{""ambiguous_registrations"": 0, ""clusters"": 4559, ""dropped_ambiguous"": 1634, ""matched"": 4366, ""registrations"": 0, ""spurious"": 193, ""tracks"": 129, ""wrong_track"": 33}","{""ambiguous_registrations"": 0, ""clusters"": 7435, ""dropped_ambiguous"": 4897, ""matched"": 7222, ""registrations"": 0, ""spurious"": 213, ""tracks"": 123, ""wrong_track"": 37}","{""ambiguous_registrations"": 0, ""clusters"": 2803, ""dropped_ambiguous"": 447, ""matched"": 2614, ""registrations"": 0, ""spurious"": 189, ""tracks"": 90, ""wrong_track"": 41}","{""ambiguous_registrations"": 0, ""clusters"": 1356, ""dropped_ambiguous"": 0, ""matched"": 1240, ""registrations"": 0, ""spurious"": 116, ""tracks"": 90, ""wrong_track"": 8}"
T2ekf,76,600.0,0.17511576593806297,0.1556468938306743,0.15870929383802307,360.0,4,4,8,0,0.2579625483008585,True,15535,278.1998586830159,0.18084119677373653,0.18125978961798508,0.23638335176487058,0.09340647435094823,0.09340579430418598,0.1024965880780325,0.10941453989772937,0.10870131837776954,0.11813647184159598,0.14867758721436208,0.13537813834171564,0.205726178163804,4285992,"{""ambiguous_registrations"": 0, ""clusters"": 4547, ""dropped_ambiguous"": 242, ""landmarks_bad"": 0, ""landmarks_confirmed"": 41, ""matched"": 4357, ""registrations"": 3937, ""spurious"": 190, ""tracks"": 81, ""unreleased"": 50, ""wrong_track"": 22}","{""ambiguous_registrations"": 0, ""clusters"": 7425, ""dropped_ambiguous"": 35, ""landmarks_bad"": 0, ""landmarks_confirmed"": 33, ""matched"": 7218, ""registrations"": 7110, ""spurious"": 207, ""tracks"": 68, ""unreleased"": 32, ""wrong_track"": 8}","{""ambiguous_registrations"": 0, ""clusters"": 2807, ""dropped_ambiguous"": 93, ""landmarks_bad"": 23, ""landmarks_confirmed"": 25, ""matched"": 2612, ""registrations"": 2585, ""spurious"": 195, ""tracks"": 31, ""unreleased"": 53, ""wrong_track"": 0}","{""ambiguous_registrations"": 0, ""clusters"": 1356, ""dropped_ambiguous"": 32, ""landmarks_bad"": 29, ""landmarks_confirmed"": 26, ""matched"": 1240, ""registrations"": 1184, ""spurious"": 116, ""tracks"": 36, ""unreleased"": 63, ""wrong_track"": 0}"
T1,77,600.0,0.06513813995314463,0.0470249925161923,0.046329033937936866,240.0,4,4,10,0,0.09238356781740659,True,32514,283.31970205999096,0.022802863743054683,0.022796260668144285,0.036118093874931034,0.025344768344559513,0.02534448550820338,0.03389741685754207,0.03763252718491169,0.03777979587429054,0.05434519321027023,0.0928887484457408,0.0832952309292161,0.10754049240350316,4285992,,,,
T2,77,600.0,0.19944762137014932,0.16213757529775064,0.14562148132994973,280.0,4,4,9,0,0.4410422756573304,True,15591,248.66147537098732,0.13390153477961658,0.13435920021311318,0.2271730387041095,0.09706866970118326,0.09705813648433646,0.10682978214038209,0.10420314098591385,0.10248476125099781,0.10345751590293878,0.15966285278305406,0.17760809261841765,0.29222211623663025,4285992,"{""ambiguous_registrations"": 0, ""clusters"": 4234, ""dropped_ambiguous"": 0, ""matched"": 4135, ""registrations"": 0, ""spurious"": 99, ""tracks"": 0, ""wrong_track"": 0}","{""ambiguous_registrations"": 0, ""clusters"": 7351, ""dropped_ambiguous"": 0, ""matched"": 7118, ""registrations"": 0, ""spurious"": 233, ""tracks"": 0, ""wrong_track"": 0}","{""ambiguous_registrations"": 0, ""clusters"": 2639, ""dropped_ambiguous"": 0, ""matched"": 2555, ""registrations"": 0, ""spurious"": 84, ""tracks"": 0, ""wrong_track"": 0}","{""ambiguous_registrations"": 0, ""clusters"": 1367, ""dropped_ambiguous"": 0, ""matched"": 1251, ""registrations"": 0, ""spurious"": 116, ""tracks"": 0, ""wrong_track"": 0}"
T2nn,77,600.0,1.018367613941022,0.16714942169446212,0.14091277367314572,340.0,4,4,9,0,0.5252508730420223,True,8743,222.41293036501156,0.1260931486575838,0.12336069828610018,0.3831734863235506,0.12134037817388008,0.11312478139722326,0.29122143895776514,1.7264283792318094,1.6872946460766707,1.9374544044975144,0.17126030275868775,0.1871175761947857,0.40364461083845576,4285992,"{""ambiguous_registrations"": 0, ""clusters"": 4187, ""dropped_ambiguous"": 1840, ""matched"": 4082, ""registrations"": 0, ""spurious"": 105, ""tracks"": 112, ""wrong_track"": 19}","{""ambiguous_registrations"": 0, ""clusters"": 7361, ""dropped_ambiguous"": 4726, ""matched"": 7138, ""registrations"": 0, ""spurious"": 223, ""tracks"": 136, ""wrong_track"": 63}","{""ambiguous_registrations"": 0, ""clusters"": 2638, ""dropped_ambiguous"": 220, ""matched"": 2553, ""registrations"": 0, ""spurious"": 85, ""tracks"": 65, ""wrong_track"": 47}","{""ambiguous_registrations"": 0, ""clusters"": 1370, ""dropped_ambiguous"": 27, ""matched"": 1251, ""registrations"": 0, ""spurious"": 119, ""tracks"": 76, ""wrong_track"": 0}"
T2ekf,77,600.0,0.20183927070717325,0.1631091916626255,0.14718400915007804,340.0,4,4,9,0,0.2586521922947957,True,15127,228.41719199198997,0.1289015670445187,0.1292180062936817,0.22366218422112416,0.09673517839873243,0.09673732168527976,0.10582482160874726,0.10400539776474435,0.1022399864722428,0.10587666859864954,0.1618751075742216,0.17390691412719145,0.30087012202240815,4285992,"{""ambiguous_registrations"": 0, ""clusters"": 4234, ""dropped_ambiguous"": 212, ""landmarks_bad"": 0, ""landmarks_confirmed"": 42, ""matched"": 4135, ""registrations"": 3785, ""spurious"": 99, ""tracks"": 61, ""unreleased"": 29, ""wrong_track"": 30}","{""ambiguous_registrations"": 0, ""clusters"": 7351, ""dropped_ambiguous"": 45, ""landmarks_bad"": 0, ""landmarks_confirmed"": 33, ""matched"": 7118, ""registrations"": 7029, ""spurious"": 233, ""tracks"": 67, ""unreleased"": 34, ""wrong_track"": 1}","{""ambiguous_registrations"": 0, ""clusters"": 2639, ""dropped_ambiguous"": 10, ""landmarks_bad"": 10, ""landmarks_confirmed"": 22, ""matched"": 2555, ""registrations"": 2546, ""spurious"": 84, ""tracks"": 23, ""unreleased"": 30, ""wrong_track"": 0}","{""ambiguous_registrations"": 0, ""clusters"": 1369, ""dropped_ambiguous"": 40, ""landmarks_bad"": 30, ""landmarks_confirmed"": 26, ""matched"": 1251, ""registrations"": 1201, ""spurious"": 118, ""tracks"": 32, ""unreleased"": 66, ""wrong_track"": 0}"
T1,78,600.0,0.04311398426034714,0.03992983980682041,0.03993213102854035,280.0,4,4,10,0,0.13034468451055406,True,34301,262.88614883998525,0.022229331501376345,0.022185483097679544,0.02723544567111187,0.023276347302151553,0.02327656549898936,0.032978364607111066,0.03253968526165563,0.032142060067319705,0.037325591716448205,0.07620363306655506,0.05949274542250445,0.06490547530955469,4285992,,,,
T2,78,600.0,0.18953431733946957,0.15349666684403765,0.14074053600516856,280.0,4,4,9,0,0.21388349563402012,True,16721,216.96452986099757,0.14513859152684927,0.14507545218070186,0.22430201578967088,0.0962105187131719,0.09615159109424438,0.09919260711600582,0.1282875530854706,0.12667387540972688,0.12919335513349908,0.18649534271632232,0.16628187088779922,0.2585566460041679,4285992,"{""ambiguous_registrations"": 0, ""clusters"": 4668, ""dropped_ambiguous"": 0, ""matched"": 4479, ""registrations"": 0, ""spurious"": 189, ""tracks"": 0, ""wrong_track"": 0}","{""ambiguous_registrations"": 0, ""clusters"": 7678, ""dropped_ambiguous"": 0, ""matched"": 7449, ""registrations"": 0, ""spurious"": 229, ""tracks"": 0, ""wrong_track"": 0}","{""ambiguous_registrations"": 0, ""clusters"": 2922, ""dropped_ambiguous"": 0, ""matched"": 2724, ""registrations"": 0, ""spurious"": 198, ""tracks"": 0, ""wrong_track"": 0}","{""ambiguous_registrations"": 0, ""clusters"": 1453, ""dropped_ambiguous"": 0, ""matched"": 1264, ""registrations"": 0, ""spurious"": 189, ""tracks"": 0, ""wrong_track"": 0}"
T2nn,78,600.0,2.7898930007096623,0.16513111227243885,0.14152229316636156,460.0,4,4,9,2,0.19143026089223814,True,10114,217.15071242200793,0.18148730722971504,0.1796423755589771,0.9398382890335628,0.10829653588871498,0.10833804345005683,1.207815089213286,0.12961836320168446,0.1288453985394366,1.2525441332264369,4.72462264863535,4.171556937028048,5.217569521979582,4285992,"{""ambiguous_registrations"": 0, ""clusters"": 4590, ""dropped_ambiguous"": 2399, ""matched"": 4403, ""registrations"": 0, ""spurious"": 187, ""tracks"": 146, ""wrong_track"": 25}","{""ambiguous_registrations"": 0, ""clusters"": 7652, ""dropped_ambiguous"": 3960, ""matched"": 7421, ""registrations"": 0, ""spurious"": 231, ""tracks"": 131, ""wrong_track"": 76}","{""ambiguous_registrations"": 0, ""clusters"": 2917, ""dropped_ambiguous"": 120, ""matched"": 2723, ""registrations"": 0, ""spurious"": 194, ""tracks"": 71, ""wrong_track"": 3}","{""ambiguous_registrations"": 0, ""clusters"": 1448, ""dropped_ambiguous"": 14, ""matched"": 1262, ""registrations"": 0, ""spurious"": 186, ""tracks"": 109, ""wrong_track"": 25}"
T2ekf,78,600.0,0.2002452433257357,0.1521232060674708,0.14045648745331882,280.0,4,4,9,0,0.2505444887102065,True,16216,222.70188239298295,0.14229650346746733,0.14257526183414446,0.23324820692773904,0.09568791731171192,0.09574047215178295,0.09967885752591954,0.12667259673040987,0.12484320592184972,0.1275483947900584,0.19486242171482865,0.16861603412342338,0.28245961872829517,4285992,"{""ambiguous_registrations"": 0, ""clusters"": 4668, ""dropped_ambiguous"": 36, ""landmarks_bad"": 0, ""landmarks_confirmed"": 44, ""matched"": 4479, ""registrations"": 4328, ""spurious"": 189, ""tracks"": 75, ""unreleased"": 54, ""wrong_track"": 11}","{""ambiguous_registrations"": 0, ""clusters"": 7678, ""dropped_ambiguous"": 80, ""landmarks_bad"": 3, ""landmarks_confirmed"": 32, ""matched"": 7449, ""registrations"": 7339, ""spurious"": 229, ""tracks"": 59, ""unreleased"": 31, ""wrong_track"": 2}","{""ambiguous_registrations"": 0, ""clusters"": 2923, ""dropped_ambiguous"": 80, ""landmarks_bad"": 18, ""landmarks_confirmed"": 24, ""matched"": 2724, ""registrations"": 2712, ""spurious"": 199, ""tracks"": 32, ""unreleased"": 44, ""wrong_track"": 0}","{""ambiguous_registrations"": 0, ""clusters"": 1452, ""dropped_ambiguous"": 81, ""landmarks_bad"": 42, ""landmarks_confirmed"": 27, ""matched"": 1265, ""registrations"": 1208, ""spurious"": 187, ""tracks"": 31, ""unreleased"": 99, ""wrong_track"": 2}"
T1,79,600.0,0.06087134917217386,0.036457768898026856,0.03649867694552583,220.0,4,4,10,0,0.09759302763990914,True,33808,222.75780384798418,0.021889665782964515,0.02187165313802358,0.044405331028591635,0.024386327607794127,0.0243858562391017,0.042290161398340416,0.03716058497513194,0.03720563241177811,0.041004745425472194,0.07331077055760102,0.05962128016949213,0.09684835712544934,4285992,,,,
T2,79,600.0,0.17634441349008034,0.15923263581880828,0.15406032986408563,380.0,4,4,10,0,0.4751417000087818,True,16694,195.24289903900353,0.16802791316669546,0.16916644415387555,0.22675233352784716,0.10015447712254216,0.1002351471734916,0.10921736966146522,0.11649775341118403,0.11520009671457553,0.11886923296204599,0.1511829419055883,0.13447450040485232,0.2165974596701526,4285992,"{""ambiguous_registrations"": 0, ""clusters"": 4881, ""dropped_ambiguous"": 0, ""matched"": 4749, ""registrations"": 0, ""spurious"": 132, ""tracks"": 0, ""wrong_track"": 0}","{""ambiguous_registrations"": 0, ""clusters"": 7811, ""dropped_ambiguous"": 0, ""matched"": 7440, ""registrations"": 0, ""spurious"": 371, ""tracks"": 0, ""wrong_track"": 0}","{""ambiguous_registrations"": 0, ""clusters"": 2673, ""dropped_ambiguous"": 0, ""matched"": 2572, ""registrations"": 0, ""spurious"": 101, ""tracks"": 0, ""wrong_track"": 0}","{""ambiguous_registrations"": 0, ""clusters"": 1329, ""dropped_ambiguous"": 0, ""matched"": 1215, ""registrations"": 0, ""spurious"": 114, ""tracks"": 0, ""wrong_track"": 0}"
T2nn,79,600.0,3.5912632651020893,0.17437747607496024,0.1571775548116524,360.0,4,4,8,0,2.0531073881019446,False,9694,198.2439546849928,0.15518180214978153,0.1569201743297968,0.7620487750052702,4.584315300325972,4.645951525138301,6.750765987279319,0.12640896220071138,0.12497948854902494,1.3010598161694034,0.9903055244302049,0.8635352101790278,1.934520860921837,4285992,"{""ambiguous_registrations"": 0, ""clusters"": 4863, ""dropped_ambiguous"": 2341, ""matched"": 4726, ""registrations"": 0, ""spurious"": 137, ""tracks"": 122, ""wrong_track"": 36}","{""ambiguous_registrations"": 0, ""clusters"": 7809, ""dropped_ambiguous"": 4431, ""matched"": 7463, ""registrations"": 0, ""spurious"": 346, ""tracks"": 208, ""wrong_track"": 362}","{""ambiguous_registrations"": 0, ""clusters"": 2672, ""dropped_ambiguous"": 76, ""matched"": 2571, ""registrations"": 0, ""spurious"": 101, ""tracks"": 73, ""wrong_track"": 1}","{""ambiguous_registrations"": 0, ""clusters"": 1329, ""dropped_ambiguous"": 131, ""matched"": 1216, ""registrations"": 0, ""spurious"": 113, ""tracks"": 79, ""wrong_track"": 6}"
T2ekf,79,600.0,0.1750059007583621,0.1589623613409738,0.15458402732631565,380.0,4,4,10,0,0.46853105812771334,True,16362,200.40910859999713,0.1668484437431034,0.16763006027840377,0.2230917775572988,0.10053644223790725,0.10062063758899024,0.11044392885697857,0.1164330996820391,0.11522707163928375,0.11910492999167037,0.1552874367995859,0.13029439688665012,0.2153008922824552,4285992,"{""ambiguous_registrations"": 0, ""clusters"": 4881, ""dropped_ambiguous"": 24, ""landmarks_bad"": 1, ""landmarks_confirmed"": 41, ""matched"": 4749, ""registrations"": 4599, ""spurious"": 132, ""tracks"": 64, ""unreleased"": 43, ""wrong_track"": 23}","{""ambiguous_registrations"": 0, ""clusters"": 7811, ""dropped_ambiguous"": 86, ""landmarks_bad"": 2, ""landmarks_confirmed"": 35, ""matched"": 7440, ""registrations"": 7408, ""spurious"": 371, ""tracks"": 63, ""unreleased"": 35, ""wrong_track"": 0}","{""ambiguous_registrations"": 0, ""clusters"": 2673, ""dropped_ambiguous"": 15, ""landmarks_bad"": 9, ""landmarks_confirmed"": 25, ""matched"": 2572, ""registrations"": 2567, ""spurious"": 101, ""tracks"": 26, ""unreleased"": 34, ""wrong_track"": 2}","{""ambiguous_registrations"": 0, ""clusters"": 1329, ""dropped_ambiguous"": 28, ""landmarks_bad"": 27, ""landmarks_confirmed"": 26, ""matched"": 1215, ""registrations"": 1168, ""spurious"": 114, ""tracks"": 33, ""unreleased"": 67, ""wrong_track"": 0}"
